,ENCODED_MCT,MCT_NM,MCT_BRD_NUM,MCT_SIGUNGU_NM,HPSN_MCT_ZCD_NM,HPSN_MCT_BZN_CD_NM,ARE_D,MCT_ME_D,DONG,ADDR_ROAD,ADDR_JIBUN,LAT,LON,station_cnt_200m,station_cnt_500m,station_cnt_800m,station_access_score,KNN_score
0,16184E93D9,성우**,,서울 성동구,축산물,마장동,20130320,,마장동,서울특별시 성동구 마장로40길 3,서울특별시 성동구 마장동 790-16,37.56542798,127.0430003,1,1,6,0.42666666666666664,0.003907876025130805
1,4D039EA8B7,대보**,,서울 성동구,축산물,마장동,20131122,,마장동,서울특별시 성동구 마장로40길 3,서울특별시 성동구 마장동 790-16,37.56542798,127.0430003,1,1,6,0.42666666666666664,0.003907876025130805
2,0074C4990A,대용**,,서울 성동구,축산물,마장동,20140512,,마장동,서울특별시 성동구 마장로40길 3,서울특별시 성동구 마장동 790-16,37.56542798,127.0430003,1,1,6,0.42666666666666664,0.003907876025130805
3,68308F2746,통일**,,서울 성동구,축산물,마장동,20151124,,마장동,서울특별시 성동구 마장로40길 3,서울특별시 성동구 마장동 790-16,37.56542798,127.0430003,1,1,6,0.42666666666666664,0.003907876025130805
4,4117EDDE9C,한울**,,서울 성동구,축산물,마장동,20151211,,마장동,서울특별시 성동구 마장로40길 3,서울특별시 성동구 마장동 790-16,37.56542798,127.0430003,1,1,6,0.42666666666666664,0.003907876025130805
5,281CA527F1,대광**,,서울 성동구,축산물,마장동,20170222,,마장동,서울특별시 성동구 마장로40길 3,서울특별시 성동구 마장동 790-16,37.56542798,127.0430003,1,1,6,0.42666666666666664,0.003907876025130805
6,9A71D71270,미림**,,서울 성동구,식품 제조,,20170817,,마장동,서울특별시 성동구 마장로40길 3,서울특별시 성동구 마장동 790-16,37.56542798,127.0430003,1,1,6,0.42666666666666664,0.003907876025130805
7,761947ABD9,호남*,,서울 성동구,한식-육류/고기,마장동,20130531,,마장동,서울특별시 성동구 마장로40길 3,서울특별시 성동구 마장동 790-16,37.56542798,127.0430003,1,1,6,0.42666666666666664,0.003907876025130805
8,145BA84596,고향***,,서울 성동구,한식-찌개/전골,한양대,20140618,,사근동,서울특별시 성동구 살곶이길 146,서울특별시 성동구 사근동 315,37.56341953,127.0482109,0,1,4,0.19333333333333333,0.001908087903555515
9,27C88660A5,북*,,서울 성동구,중식당,,20141217,,송정동,서울특별시 성동구 송정12가길 16,서울특별시 성동구 송정동 73-532,37.55049699,127.0663883,0,0,1,0.03333333333333333,0.0009424129854252019
10,BAACCE3A2C,좋은**,,서울 성동구,식료품,장한평자동차,20130305,,용답동,서울특별시 성동구 용답길 95-3,서울특별시 성동구 용답동 37-7,37.5617266,127.0519363,1,1,2,0.29333333333333333,0.0030729475949600486
11,BE3EAEA415,별난**,,서울 성동구,한식-국수/만두,답십리,20140107,,용답동,서울특별시 성동구 용답길 95-3,서울특별시 성동구 용답동 37-7,37.5617266,127.0519363,1,1,2,0.29333333333333333,0.0030729475949600486
12,01AAD3CFFA,행당**,,서울 성동구,식료품,왕십리,20160513,,행당동,서울특별시 성동구 고산자로2길 65,서울특별시 성동구 행당동 380,37.55619853,127.0388365,0,1,5,0.22666666666666668,0.0016776366194526343
13,C3E6D8B14F,이혜*******,,서울 성동구,인삼제품,행당,20131216,,행당동,서울특별시 성동구 고산자로2길 65,서울특별시 성동구 행당동 380,37.55619853,127.0388365,0,1,5,0.22666666666666668,0.0016776366194526343
14,E606947836,정*,,서울 성동구,중식당,왕십리,20150918,,홍익동,서울특별시 성동구 무학로6길 33-1,서울특별시 성동구 홍익동 277-4,37.56506512,127.0339369,0,2,4,0.2533333333333333,0.0019487057567189458
15,E863289A7D,조은**,,서울 성동구,한식-단품요리일반,,20150116,,홍익동,서울특별시 성동구 무학로6길 33-1,서울특별시 성동구 홍익동 277-4,37.56506512,127.0339369,0,2,4,0.2533333333333333,0.0019487057567189458
16,B584924DB0,왕십****,,서울 성동구,식품 제조,왕십리,20140828,,행당동,서울특별시 성동구 고산자로2길 35,서울특별시 성동구 행당동 349,37.55365532,127.0384246,0,1,2,0.12666666666666665,0.001454605565876846
17,2344622681,광한******,,서울 성동구,한식-해물/생선,왕십리,20110502,,도선동,서울특별시 성동구 무학로2나길 16-7,서울특별시 성동구 도선동 191-6,37.56379392,127.0338882,0,4,4,0.3733333333333333,0.002252826133916652
18,3E35A71757,멕시*****,치킨19,서울 성동구,치킨,,20050830,,마장동,서울특별시 성동구 마장로40길 3,서울특별시 성동구 마장동 790-16,37.56542798,127.0430003,1,1,6,0.42666666666666664,0.003907876025130805
19,5017C6924A,도미********,피자2,서울 성동구,피자,,20100723,,마장동,서울특별시 성동구 마장로40길 3,서울특별시 성동구 마장동 790-16,37.56542798,127.0430003,1,1,6,0.42666666666666664,0.003907876025130805
20,888828B4FB,현대**,,서울 성동구,식료품,,20070420,,마장동,서울특별시 성동구 마장로40길 3,서울특별시 성동구 마장동 790-16,37.56542798,127.0430003,1,1,6,0.42666666666666664,0.003907876025130805
21,06C463E9D9,청계**,,서울 성동구,식료품,,20070704,,마장동,서울특별시 성동구 마장로40길 3,서울특별시 성동구 마장동 790-16,37.56542798,127.0430003,1,1,6,0.42666666666666664,0.003907876025130805
22,5AEEA3B4EF,한양**,,서울 성동구,식료품,,20101008,,마장동,서울특별시 성동구 마장로40길 3,서울특별시 성동구 마장동 790-16,37.56542798,127.0430003,1,1,6,0.42666666666666664,0.003907876025130805
23,1400634946,한일**,,서울 성동구,중식당,,20040728,,마장동,서울특별시 성동구 마장로40길 3,서울특별시 성동구 마장동 790-16,37.56542798,127.0430003,1,1,6,0.42666666666666664,0.003907876025130805
24,3E61C339E2,세화**,,서울 성동구,축산물,,20020924,,마장동,서울특별시 성동구 마장로40길 3,서울특별시 성동구 마장동 790-16,37.56542798,127.0430003,1,1,6,0.42666666666666664,0.003907876025130805
25,B81D338DB6,대성**,축산물2,서울 성동구,축산물,마장동,20030819,,마장동,서울특별시 성동구 마장로40길 3,서울특별시 성동구 마장동 790-16,37.56542798,127.0430003,1,1,6,0.42666666666666664,0.003907876025130805
26,8941E2A3A0,광*,,서울 성동구,축산물,,20090304,,마장동,서울특별시 성동구 마장로40길 3,서울특별시 성동구 마장동 790-16,37.56542798,127.0430003,1,1,6,0.42666666666666664,0.003907876025130805
27,D5CFCB32BA,희망**,,서울 성동구,축산물,,20110720,,마장동,서울특별시 성동구 마장로40길 3,서울특별시 성동구 마장동 790-16,37.56542798,127.0430003,1,1,6,0.42666666666666664,0.003907876025130805
28,319880C87E,한일**,,서울 성동구,축산물,마장동,20120312,,마장동,서울특별시 성동구 마장로40길 3,서울특별시 성동구 마장동 790-16,37.56542798,127.0430003,1,1,6,0.42666666666666664,0.003907876025130805
29,A6277E8E47,세계**,,서울 성동구,축산물,마장동,20120911,,마장동,서울특별시 성동구 마장로40길 3,서울특별시 성동구 마장동 790-16,37.56542798,127.0430003,1,1,6,0.42666666666666664,0.003907876025130805
30,57AEEDF72B,파리**********,베이커리10,서울 성동구,베이커리,마장동,20110112,,마장동,서울특별시 성동구 마장로40길 3,서울특별시 성동구 마장동 790-16,37.56542798,127.0430003,1,1,6,0.42666666666666664,0.003907876025130805
31,99730CC7C5,진*,,서울 성동구,요리주점,왕십리,20000420,,마장동,서울특별시 성동구 마장로40길 3,서울특별시 성동구 마장동 790-16,37.56542798,127.0430003,1,1,6,0.42666666666666664,0.003907876025130805
32,1900B33A12,삼대**,한식-냉면1,서울 성동구,한식-냉면,,20081008,,마장동,서울특별시 성동구 마장로40길 3,서울특별시 성동구 마장동 790-16,37.56542798,127.0430003,1,1,6,0.42666666666666664,0.003907876025130805
33,112C9E0C52,대구*,,서울 성동구,백반/가정식,마장동,20140211,,마장동,서울특별시 성동구 마장로40길 3,서울특별시 성동구 마장동 790-16,37.56542798,127.0430003,1,1,6,0.42666666666666664,0.003907876025130805
34,87569153FF,원조***,,서울 성동구,한식-육류/고기,,20050201,,마장동,서울특별시 성동구 마장로40길 3,서울특별시 성동구 마장동 790-16,37.56542798,127.0430003,1,1,6,0.42666666666666664,0.003907876025130805
35,AC6B3827B8,훈희***,,서울 성동구,한식-육류/고기,마장동,20090122,,마장동,서울특별시 성동구 마장로40길 3,서울특별시 성동구 마장동 790-16,37.56542798,127.0430003,1,1,6,0.42666666666666664,0.003907876025130805
36,8425C2D133,몽실******,,서울 성동구,한식-육류/고기,마장동,20110506,,마장동,서울특별시 성동구 마장로40길 3,서울특별시 성동구 마장동 790-16,37.56542798,127.0430003,1,1,6,0.42666666666666664,0.003907876025130805
37,21C4BDD140,순대**,,서울 성동구,한식-국밥/설렁탕,마장동,20051223,,마장동,서울특별시 성동구 마장로40길 3,서울특별시 성동구 마장동 790-16,37.56542798,127.0430003,1,1,6,0.42666666666666664,0.003907876025130805
38,11B0AA1C3B,동원**,,서울 성동구,한식-단품요리일반,왕십리,20011022,,마장동,서울특별시 성동구 마장로40길 3,서울특별시 성동구 마장동 790-16,37.56542798,127.0430003,1,1,6,0.42666666666666664,0.003907876025130805
39,E6AE130DD5,마장*****,,서울 성동구,한식-육류/고기,,20111109,,상왕십리동,서울특별시 성동구 마장로 125,서울특별시 성동구 상왕십리동 814,37.56808068,127.0239829,0,1,4,0.19333333333333333,0.0015145744142980133
40,EE8D458B93,와이***********,,서울 성동구,축산물,,20121109,,도선동,서울특별시 성동구 무학로 2,서울특별시 성동구 도선동 360,37.56444272,127.0302702,1,1,5,0.3933333333333333,0.00352989889218855
41,1F5C564B04,맛드*,,서울 성동구,반찬,뚝섬,20130410,,성수동1가,서울특별시 성동구 상원길 22,서울특별시 성동구 성수동1가 16-3,37.54590412,127.0491359,0,2,3,0.22,0.002014079195422625
42,69EE47A25B,피자********,피자8,서울 성동구,피자,뚝섬,20121231,,성수동1가,서울특별시 성동구 상원길 22,서울특별시 성동구 성수동1가 16-3,37.54590412,127.0491359,0,2,3,0.22,0.002014079195422625
43,6E87D8EF74,담바*,,서울 성동구,한식-육류/고기,뚝섬,20140318,,성수동1가,서울특별시 성동구 상원길 22,서울특별시 성동구 성수동1가 16-3,37.54590412,127.0491359,0,2,3,0.22,0.002014079195422625
44,82F292A867,델리**,,서울 성동구,식료품,,20090904,,송정동,서울특별시 성동구 송정12가길 16,서울특별시 성동구 송정동 73-532,37.55049699,127.0663883,0,0,1,0.03333333333333333,0.0009424129854252019
45,BDEBB09D4F,본토****,,서울 성동구,한식-육류/고기,,20100817,,송정동,서울특별시 성동구 송정12가길 16,서울특별시 성동구 송정동 73-532,37.55049699,127.0663883,0,0,1,0.03333333333333333,0.0009424129854252019
46,9D085B6A2F,동부**,,서울 성동구,백반/가정식,장한평자동차,20110329,,용답동,서울특별시 성동구 용답길 95-3,서울특별시 성동구 용답동 37-7,37.5617266,127.0519363,1,1,2,0.29333333333333333,0.0030729475949600486
47,6D8F7BBA89,고향**,,서울 성동구,한식-단품요리일반,장한평자동차,20030421,,용답동,서울특별시 성동구 용답길 95-3,서울특별시 성동구 용답동 37-7,37.5617266,127.0519363,1,1,2,0.29333333333333333,0.0030729475949600486
48,5B646D947B,풀무*********,식료품3,서울 성동구,식료품,,20120608,,응봉동,서울특별시 성동구 고산자로 125-98,서울특별시 성동구 응봉동 210-3,37.54918162,127.0336187,1,1,1,0.26,0.0024075331295851663
49,875116B12A,단아**,,서울 성동구,떡/한과 제조,,20070417,,응봉동,서울특별시 성동구 고산자로 125-98,서울특별시 성동구 응봉동 210-3,37.54918162,127.0336187,1,1,1,0.26,0.0024075331295851663
50,21752D89FB,영*,,서울 성동구,건강식품,행당,20090316,,행당동,서울특별시 성동구 고산자로2길 65,서울특별시 성동구 행당동 380,37.55619853,127.0388365,0,1,5,0.22666666666666668,0.0016776366194526343
51,80E637212D,에스******,,서울 성동구,커피전문점,행당,20110808,,행당동,서울특별시 성동구 고산자로2길 65,서울특별시 성동구 행당동 380,37.55619853,127.0388365,0,1,5,0.22666666666666668,0.0016776366194526343
52,CEF3D93273,종로**,,서울 성동구,떡/한과 제조,행당,20061026,,행당동,서울특별시 성동구 고산자로2길 65,서울특별시 성동구 행당동 380,37.55619853,127.0388365,0,1,5,0.22666666666666668,0.0016776366194526343
53,33361C935B,만두**,,서울 성동구,한식-국수/만두,행당,20101112,,행당동,서울특별시 성동구 고산자로2길 65,서울특별시 성동구 행당동 380,37.55619853,127.0388365,0,1,5,0.22666666666666668,0.0016776366194526343
54,E1C897591D,코페*,,서울 성동구,한식-단품요리일반,한양대,20061023,,행당동,서울특별시 성동구 고산자로2길 65,서울특별시 성동구 행당동 380,37.55619853,127.0388365,0,1,5,0.22666666666666668,0.0016776366194526343
55,1F7ECE7D49,아폴*********,,서울 성동구,한식-단품요리일반,왕십리,20110105,,행당동,서울특별시 성동구 고산자로2길 65,서울특별시 성동구 행당동 380,37.55619853,127.0388365,0,1,5,0.22666666666666668,0.0016776366194526343
56,25D2E98F3A,무탁****,,서울 성동구,한식-단품요리일반,왕십리,20111107,,행당동,서울특별시 성동구 고산자로2길 65,서울특별시 성동구 행당동 380,37.55619853,127.0388365,0,1,5,0.22666666666666668,0.0016776366194526343
57,66A39F4442,정은****,,서울 성동구,한식-육류/고기,왕십리,20100408,,홍익동,서울특별시 성동구 무학로6길 33-1,서울특별시 성동구 홍익동 277-4,37.56506512,127.0339369,0,2,4,0.2533333333333333,0.0019487057567189458
58,3E96264C22,맛나**,,서울 성동구,한식-찌개/전골,왕십리,20060216,,홍익동,서울특별시 성동구 무학로6길 33-1,서울특별시 성동구 홍익동 277-4,37.56506512,127.0339369,0,2,4,0.2533333333333333,0.0019487057567189458
59,C1C06DF70A,설빙****,아이스크림/빙수2,서울 성동구,아이스크림/빙수,한양대,20140623,,행당동,서울특별시 성동구 마조로 9,서울특별시 성동구 행당동 19-100,37.55870903,127.0405546,0,4,4,0.3733333333333333,0.0020620009918645658
60,8ABD74319E,70******,,서울 성동구,룸살롱/단란주점,,20151116,,도선동,서울특별시 성동구 무학로 8,서울특별시 성동구 도선동 402,37.5647681,127.0304964,1,1,4,0.36,0.0028805702194078585
61,8749D150F3,오가******,,서울 성동구,한식-해물/생선,뚝섬,20111103,,성수동1가,서울특별시 성동구 상원6길 2,서울특별시 성동구 성수동1가 13-413,37.54832036,127.0486221,1,1,3,0.32666666666666666,0.0021462180760914154
62,5BE883AA16,극동*****,,서울 성동구,축산물,,19941128,,옥수동,서울특별시 성동구 옥수2동,서울특별시 성동구 옥수2동,37.54358864,127.0134383,0,1,4,0.19333333333333333,0.0016610420589224773
63,94C8165F35,전주*******,,서울 성동구,백반/가정식,옥수,19981207,,옥수동,서울특별시 성동구 옥수2동,서울특별시 성동구 옥수2동,37.54358864,127.0134383,0,1,4,0.19333333333333333,0.0016610420589224773
64,ED815EC186,양지***,,서울 성동구,한식-육류/고기,옥수,20000607,,옥수동,서울특별시 성동구 옥수2동,서울특별시 성동구 옥수2동,37.54358864,127.0134383,0,1,4,0.19333333333333333,0.0016610420589224773
65,FBDA2A8798,장군**,,서울 성동구,한식-육류/고기,옥수,20021109,,옥수동,서울특별시 성동구 옥수2동,서울특별시 성동구 옥수2동,37.54358864,127.0134383,0,1,4,0.19333333333333333,0.0016610420589224773
66,147235F3A5,돈까*,,서울 성동구,일식-덮밥/돈가스,옥수,20070314,,옥수동,서울특별시 성동구 옥수2동,서울특별시 성동구 옥수2동,37.54358864,127.0134383,0,1,4,0.19333333333333333,0.0016610420589224773
67,167F268F8E,돔카*,,서울 성동구,카페,왕십리,20110525,,행당동,서울특별시 성동구 고산자로2길 35,서울특별시 성동구 행당동 349,37.55365532,127.0384246,0,1,2,0.12666666666666665,0.001454605565876846
68,7C3795DF2D,한양***********,,서울 성동구,식료품,한양대,20090311,,행당동,서울특별시 성동구 고산자로2길 35,서울특별시 성동구 행당동 349,37.55365532,127.0384246,0,1,2,0.12666666666666665,0.001454605565876846
69,E9EB56D7EC,한양***,,서울 성동구,한식-육류/고기,한양대,20100719,,행당동,서울특별시 성동구 고산자로2길 35,서울특별시 성동구 행당동 349,37.55365532,127.0384246,0,1,2,0.12666666666666665,0.001454605565876846
70,55B4F11C0E,김밥**,,서울 성동구,분식,행당,20101011,,행당동,서울특별시 성동구 행당로8길 8,서울특별시 성동구 행당동 375,37.55727232,127.0309511,1,1,4,0.36,0.0025763913008909657
71,C75AC23756,대림****,,서울 성동구,축산물,행당,20000627,,행당동,서울특별시 성동구 행당로8길 8,서울특별시 성동구 행당동 375,37.55727232,127.0309511,1,1,4,0.36,0.0025763913008909657
72,4DEDE7CD03,닭한*****,,서울 성동구,한식-육류/고기,신금호,20041102,,금호동2가,서울특별시 성동구 매봉18길 54-4,서울특별시 성동구 금호동2가 산9-1,37.55152745,127.0174117,0,2,4,0.2533333333333333,0.001727220509775193
73,8F1003CA95,귀일**,,서울 성동구,분식,금남시장,20160315,,금호동3가,서울특별시 성동구 독서당로 301-67,서울특별시 성동구 금호동3가 350-1,37.54867508,127.0226378,0,0,2,0.06666666666666667,0.001236592118752932
74,04BACBFB49,해장***,,서울 성동구,백반/가정식,금남시장,20070125,,금호동1가,서울특별시 성동구 금호로 56,서울특별시 성동구 금호동1가 1805,37.54842436,127.0260269,0,0,1,0.03333333333333333,0.0010974217769384679
75,5946F40892,교촌******,치킨6,서울 성동구,치킨,금남시장,20130325,,금호동1가,서울특별시 성동구 금호로 62,서울특별시 성동구 금호동1가 1801-3,37.54884799,127.026102,0,0,1,0.03333333333333333,0.001112784404622452
76,17FF425166,광주**,,서울 성동구,한식-해물/생선,,20020708,,금호동1가,서울특별시 성동구 금호로 66,서울특별시 성동구 금호동1가 1797-1,37.54927702,127.0262425,0,0,2,0.06666666666666667,0.001127956374251387
77,AB0716250B,와규**,,서울 성동구,한식-육류/고기,,20080515,,성수동2가,서울특별시 성동구 동일로 83,서울특별시 성동구 성수동2가 275-6,37.5403601,127.0626314,0,0,3,0.1,0.0012187460832563072
78,E9D4FB94A0,참나*****,,서울 성동구,한식-단품요리일반,,20100223,,성수동2가,서울특별시 성동구 동일로 83,서울특별시 성동구 성수동2가 275-6,37.5403601,127.0626314,0,0,3,0.1,0.0012187460832563072
79,149BA1B7C7,써브******,샌드위치/토스트2,서울 성동구,샌드위치/토스트,한양대,20020121,,행당동,서울특별시 성동구 마조로 11,서울특별시 성동구 행당동 19-98,37.55893703,127.0406644,0,4,4,0.3733333333333333,0.0020995083815896504
80,2AECA02B3A,대*,,서울 성동구,축산물,한양대,20020430,,행당동,서울특별시 성동구 마조로 17,서울특별시 성동구 행당동 19-54,37.55955572,127.0404698,0,3,5,0.3466666666666667,0.0023164676087522435
81,11A66B8033,돼지*,,서울 성동구,한식-육류/고기,한양대,20020321,,행당동,서울특별시 성동구 마조로 17,서울특별시 성동구 행당동 19-54,37.55955572,127.0404698,0,3,5,0.3466666666666667,0.0023164676087522435
82,CE3D519C06,장어**,,서울 성동구,한식-해물/생선,한양대,20090617,,행당동,서울특별시 성동구 마조로 17,서울특별시 성동구 행당동 19-54,37.55955572,127.0404698,0,3,5,0.3466666666666667,0.0023164676087522435
83,03A222EE9D,놀란*,,서울 성동구,한식-단품요리일반,한양대,20140609,,행당동,서울특별시 성동구 마조로 17,서울특별시 성동구 행당동 19-54,37.55955572,127.0404698,0,3,5,0.3466666666666667,0.0023164676087522435
84,946BE40BF1,토리********,,서울 성동구,일식당,한양대,20150911,,행당동,서울특별시 성동구 마조로 25,서울특별시 성동구 행당동 6-2,37.56006048,127.0409333,0,3,5,0.3466666666666667,0.0023305810926883552
85,B2378AFA3D,성일***,,서울 성동구,한식-감자탕,한양대,20100217,,행당동,서울특별시 성동구 마조로 29,서울특별시 성동구 행당동 3-30,37.56036868,127.0410225,0,3,5,0.3466666666666667,0.002380037407440391
86,F512DF538E,맘스*******,햄버거2,서울 성동구,햄버거,한양대,20150831,,행당동,서울특별시 성동구 마조로 31,서울특별시 성동구 행당동 3-29,37.56049896,127.0410419,0,3,5,0.3466666666666667,0.002404856324297387
87,C2207433F7,한솥***********,도시락3,서울 성동구,도시락,한양대,20100712,,행당동,서울특별시 성동구 마조로 33,서울특별시 성동구 행당동 3-27,37.56064851,127.0410916,0,3,5,0.3466666666666667,0.002419666561583703
88,9350A78BD7,동방***,,서울 성동구,꼬치구이,한양대,20140721,,행당동,서울특별시 성동구 마조로 33,서울특별시 성동구 행당동 3-27,37.56064851,127.0410916,0,3,5,0.3466666666666667,0.002419666561583703
89,661C7C734C,크로*******,,서울 성동구,베이커리,한양대,20020925,,행당동,서울특별시 성동구 마조로 35,서울특별시 성동구 행당동 3-20,37.56086941,127.04117,0,3,5,0.3466666666666667,0.0024322779650971724
90,43CE48A1CD,스마*,,서울 성동구,분식,한양대,20090303,,행당동,서울특별시 성동구 마조로 39,서울특별시 성동구 행당동 1-131,37.56127724,127.0412956,0,3,5,0.3466666666666667,0.0024400107576145157
91,0E2AE2C4F1,철*,,서울 성동구,백반/가정식,한양대,20160823,,행당동,서울특별시 성동구 마조로 7,서울특별시 성동구 행당동 19-101,37.55858752,127.0404436,0,4,4,0.3733333333333333,0.002047594979972984
92,7102ACD438,인덕***,,서울 성동구,양식,옥수,20180117,,옥수동,서울특별시 성동구 매봉길 2,서울특별시 성동구 옥수동 517-29,37.5453536,127.0169828,0,2,3,0.22,0.0018804651546551227
93,F80F79F599,파파*****,피자7,서울 성동구,피자,옥수,20051130,,옥수동,서울특별시 성동구 매봉길 2,서울특별시 성동구 옥수동 517-29,37.5453536,127.0169828,0,2,3,0.22,0.0018804651546551227
94,FCBC740B1D,왕십**********,베이커리10,서울 성동구,베이커리,,20160419,,하왕십리동,서울특별시 성동구 무학로 33,서울특별시 성동구 하왕십리동 1066,37.56916416,127.0263479,0,0,4,0.13333333333333333,0.0014309450925380357
95,D427F7C6AB,벽산****,,서울 성동구,포장마차,,20091202,,하왕십리동,서울특별시 성동구 무학로 42,서울특별시 성동구 하왕십리동 242-165,37.5679282,127.0303583,0,1,1,0.09333333333333332,0.001354622448065046
96,7D6F493369,춘천***,한식-육류/고기25,서울 성동구,한식-육류/고기,뚝섬,20000318,,성수동1가,서울특별시 성동구 상원6길 5,서울특별시 성동구 성수동1가 13-436,37.54860674,127.0487385,1,1,3,0.32666666666666666,0.0019482542514047418
97,98BA99BFE9,가든***,,서울 성동구,축산물,뚝섬,20090717,,성수동1가,서울특별시 성동구 상원8길 1,서울특별시 성동구 성수동1가 13-104,37.54892084,127.048268,0,1,2,0.12666666666666665,0.0019015218900096035
98,54529B6426,둘둘***********,치킨14,서울 성동구,치킨,뚝섬,20101101,,성수동1가,서울특별시 성동구 상원길 52,서울특별시 성동구 성수동1가 13-135,37.54860879,127.0483609,1,1,2,0.29333333333333333,0.0020556357223797178
99,3DD6585AD5,이흥***,,서울 성동구,한식-육류/고기,뚝섬,19990205,,성수동1가,서울특별시 성동구 상원길 54,서울특별시 성동구 성수동1가 13-144,37.54874135,127.0483049,1,1,2,0.29333333333333333,0.0019903354432050735
100,2B89D787CB,왕짜*,중식당3,서울 성동구,중식당,뚝섬,20181205,,성수동1가,서울특별시 성동구 상원길 60,서울특별시 성동구 성수동1가 13-443,37.54935689,127.0481164,0,1,3,0.16,0.001734770716301514
101,3B0F367222,맛닭******,치킨18,서울 성동구,치킨,성수,20000906,,성수동2가,서울특별시 성동구 광나루로 248-26,서울특별시 성동구 성수동2가 289-162,37.54848983,127.0569088,0,1,1,0.09333333333333332,0.0011362629076137095
102,4208C4C0A7,삼오***,,서울 성동구,식품 제조,성수,20160729,,성수동2가,서울특별시 성동구 광나루로 248-26,서울특별시 성동구 성수동2가 289-162,37.54848983,127.0569088,0,1,1,0.09333333333333332,0.0011362629076137095
103,838461E308,찐짜**,,서울 성동구,백반/가정식,성수,20150824,,성수동2가,서울특별시 성동구 광나루로 248-26,서울특별시 성동구 성수동2가 289-162,37.54848983,127.0569088,0,1,1,0.09333333333333332,0.0011362629076137095
104,E8E75C90BA,20****,,서울 성동구,한식-해물/생선,성수,20090804,,성수동2가,서울특별시 성동구 광나루로 248-26,서울특별시 성동구 성수동2가 289-162,37.54848983,127.0569088,0,1,1,0.09333333333333332,0.0011362629076137095
105,37FE3D6CC0,빙아********,,서울 성동구,아이스크림/빙수,성수,20230421,,성수동2가,서울특별시 성동구 광나루로 248-26,서울특별시 성동구 성수동2가 289-162,37.54848983,127.0569088,0,1,1,0.09333333333333332,0.0011362629076137095
106,BEFB51F3ED,뚱이***,,서울 성동구,한식-감자탕,금남시장,20150407,,금호동3가,서울특별시 성동구 장터3길 8,서울특별시 성동구 금호동3가 871-1,37.54852709,127.0204664,0,1,2,0.12666666666666665,0.0014338307909393896
107,4349A8302A,롯데******,햄버거1,서울 성동구,햄버거,금남시장,20150812,20250818.0,금호동3가,서울특별시 성동구 장터길 23,서울특별시 성동구 금호동3가 1300,37.54854437,127.0183962,0,1,3,0.16,0.0018482018816243194
108,9AE54FE931,두레******,베이커리2,서울 성동구,베이커리,금남시장,20080325,,금호동3가,서울특별시 성동구 장터길 25,서울특별시 성동구 금호동3가 1298,37.54842629,127.0187012,0,1,3,0.16,0.0017653617056535586
109,4EE6AA4F0F,먹거****,,서울 성동구,한식-육류/고기,금남시장,20110303,,금호동4가,서울특별시 성동구 장터길 30,서울특별시 성동구 금호동4가 1202,37.54821727,127.0191622,0,1,3,0.16,0.0016596097697100347
110,0D30BE35C0,온달***,,서울 성동구,한식-육류/고기,금남시장,20150811,,금호동3가,서울특별시 성동구 장터길 37,서울특별시 성동구 금호동3가 893,37.54840245,127.0200966,0,1,3,0.16,0.0014870528603613312
111,99A8865F14,백미*,,서울 성동구,떡/한과 제조,금남시장,20011229,,금호동3가,서울특별시 성동구 장터길 47,서울특별시 성동구 금호동3가 799,37.54843847,127.0212403,0,1,2,0.12666666666666665,0.0013432963034698158
112,D0ECE18966,진미**,,서울 성동구,한식-육류/고기,금남시장,20070214,,금호동3가,서울특별시 성동구 장터길 47,서울특별시 성동구 금호동3가 799,37.54843847,127.0212403,0,1,2,0.12666666666666665,0.0013432963034698158
113,D333ECD384,은하*,,서울 성동구,룸살롱/단란주점,금남시장,20050913,,금호동3가,서울특별시 성동구 장터길 49,서울특별시 성동구 금호동3가 421,37.54843151,127.0213853,0,1,2,0.12666666666666665,0.0013278173918407313
114,C64FD46BFC,덕흥***,,서울 성동구,축산물,,20001012,,행당동,서울특별시 성동구 행당로17길 38,서울특별시 성동구 행당동 290-19,37.56145194,127.0323718,0,3,5,0.3466666666666667,0.00220798573705495
115,A4369EE806,비타***,,서울 성동구,반찬,행당,20151112,,행당동,서울특별시 성동구 행당로 79,서울특별시 성동구 행당동 347,37.55820535,127.027507,1,1,3,0.32666666666666666,0.001983900728623003
116,3C97811992,강정***,,서울 성동구,치킨,신금호,20091029,,금호동3가,서울특별시 성동구 무수막길 1,서울특별시 성동구 금호동3가 209,37.54834456,127.0254858,0,0,0,0.0,0.0011032819827127172
117,1527B8DFD5,미스***,치킨21,서울 성동구,치킨,신금호,20121023,,금호동3가,서울특별시 성동구 무수막길 1,서울특별시 성동구 금호동3가 209,37.54834456,127.0254858,0,0,0,0.0,0.0011032819827127172
118,224AE94A24,예*,,서울 성동구,백반/가정식,뚝섬,20121022,,성수동1가,서울특별시 성동구 상원12길 1,서울특별시 성동구 성수동1가 13-277,37.55043285,127.0479314,0,1,2,0.12666666666666665,0.0014744855505111724
119,F1823DF685,포마***,분식19,서울 성동구,분식,신금호,20100624,,금호동2가,서울특별시 성동구 금호로 151,서울특별시 성동구 금호동2가 449-1,37.5542856,127.0201464,1,1,2,0.29333333333333333,0.006759120195607045
120,1361C9B25C,사와**,,서울 성동구,분식,신금호,20081229,,금호동1가,서울특별시 성동구 금호로 168,서울특별시 성동구 금호동1가 107-1,37.55579855,127.020199,1,1,3,0.32666666666666666,0.0024178979394330366
121,0616E5FFD3,마테****,,서울 성동구,양식,금남시장,20150320,,금호동4가,서울특별시 성동구 금호로 17,서울특별시 성동구 금호동4가 235,37.54688262,127.0240727,0,0,1,0.03333333333333333,0.0011659463262815616
122,F20A9C3F30,해*,,서울 성동구,한식-육류/고기,금남시장,20120402,,금호동4가,서울특별시 성동구 금호로 17,서울특별시 성동구 금호동4가 235,37.54688262,127.0240727,0,0,1,0.03333333333333333,0.0011659463262815616
123,E014ED20D7,유어***,,서울 성동구,한식-단품요리일반,금남시장,20131016,,금호동4가,서울특별시 성동구 금호로 17,서울특별시 성동구 금호동4가 235,37.54688262,127.0240727,0,0,1,0.03333333333333333,0.0011659463262815616
124,77E78C7C26,금호**************,,서울 성동구,요리주점,,20161202,,금호동4가,서울특별시 성동구 금호로 40,서울특별시 성동구 금호동4가 1553,37.54670554,127.0255329,0,0,0,0.0,0.0010973161043541706
125,88B36E48D9,필라*******,,서울 성동구,룸살롱/단란주점,금남시장,20020124,,금호동4가,서울특별시 성동구 금호로 45,서울특별시 성동구 금호동4가 188,37.54751306,127.0253059,0,0,0,0.0,0.0011072956387013634
126,69BC027D6D,만족********,한식-육류/고기8,서울 성동구,한식-육류/고기,금남시장,20160822,,금호동1가,서울특별시 성동구 금호로 56,서울특별시 성동구 금호동1가 1805,37.54842436,127.0260269,0,0,1,0.03333333333333333,0.0010974217769384679
127,A7F9CAA110,대중*****,,서울 성동구,한식-육류/고기,,20151030,,금호동1가,서울특별시 성동구 금호로 66,서울특별시 성동구 금호동1가 1797-1,37.54927702,127.0262425,0,0,2,0.06666666666666667,0.001127956374251387
128,0286E31425,장미**,,서울 성동구,백반/가정식,,20150902,,금호동1가,서울특별시 성동구 금호로 84,서울특별시 성동구 금호동1가 1763,37.55086737,127.0258284,0,0,3,0.1,0.0011982664296222947
129,C26F430D81,삼덕**,,서울 성동구,미곡상,,20130605,,금호동1가,서울특별시 성동구 금호로 86,서울특별시 성동구 금호동1가 1756-1,37.5512121,127.0257694,0,0,3,0.1,0.0012147840971499478
130,AE28C5ED57,지코*******,치킨27,서울 성동구,치킨,,20230727,,금호동1가,서울특별시 성동구 난계로 32,서울특별시 성동구 금호동1가 628,37.55514107,127.0250293,0,2,2,0.18666666666666665,0.0014646801955017544
131,572B665575,이디***********,커피전문점6,서울 성동구,커피전문점,,20161123,,금호동1가,서울특별시 성동구 난계로 35,서울특별시 성동구 금호동1가 172,37.55552564,127.0244813,0,2,2,0.18666666666666665,0.0014909194185626115
132,93F595E5D2,삼미**,,서울 성동구,한식-단품요리일반,,20150121,,하왕십리동,서울특별시 성동구 난계로 97,서울특별시 성동구 하왕십리동 1000-650,37.56082205,127.0236214,0,0,4,0.13333333333333333,0.0014316408905957645
133,66FA72C189,지성**,,서울 성동구,백반/가정식,성수,20081103,,성수동1가,서울특별시 성동구 둘레5길 15,서울특별시 성동구 성수동1가 198-3,37.53833683,127.0481927,0,0,1,0.03333333333333333,0.0009654656662002028
134,81FB160AA4,풍년**,,서울 성동구,미곡상,성수,20070710,,성수동2가,서울특별시 성동구 뚝섬로 404,서울특별시 성동구 성수동2가 331-200,37.53857254,127.0553732,0,0,1,0.03333333333333333,0.000967844161478576
135,6D19A5E92A,중국*,,서울 성동구,중식당,성수,20070808,,성수동2가,서울특별시 성동구 뚝섬로 404,서울특별시 성동구 성수동2가 331-200,37.53857254,127.0553732,0,0,1,0.03333333333333333,0.000967844161478576
136,721715F255,퍼멘*****,,서울 성동구,베이커리,,20200831,,상왕십리동,서울특별시 성동구 마장로 137,서울특별시 성동구 상왕십리동 811,37.56782502,127.0250536,0,0,3,0.1,0.0014658392589764664
137,43F46BD63A,수원**,,서울 성동구,한식-육류/고기,,20130605,,홍익동,서울특별시 성동구 마장로 192,서울특별시 성동구 홍익동 353,37.56654015,127.0309801,0,1,3,0.16,0.0016635256815669707
138,0400611A92,겨울**,,서울 성동구,백반/가정식,,20131031,,홍익동,서울특별시 성동구 마장로 199,서울특별시 성동구 홍익동 66,37.56671171,127.0319393,0,1,4,0.19333333333333333,0.0015826882635045889
139,EC38BD01D9,소대**,,서울 성동구,백반/가정식,왕십리,20140806,,홍익동,서울특별시 성동구 마장로 211,서울특별시 성동구 홍익동 101-3,37.56659955,127.0331941,0,1,4,0.19333333333333333,0.00160152654168223
140,571F96C27E,김밥**,분식4,서울 성동구,분식,왕십리,20080619,,마장동,서울특별시 성동구 마장로 223,서울특별시 성동구 마장동 533-6,37.56643253,127.0346891,0,0,5,0.16666666666666669,0.0016725658802387612
141,C18835BA2E,달리***,,서울 성동구,포장마차,왕십리,20050701,,마장동,서울특별시 성동구 마장로 227,서울특별시 성동구 마장동 566-30,37.56634087,127.0350737,0,0,5,0.16666666666666669,0.0017083615845529497
142,44EA134147,권가*,,서울 성동구,한식-육류/고기,왕십리,20131024,,홍익동,서울특별시 성동구 마장로 232,서울특별시 성동구 홍익동 123-1,37.56601509,127.0356028,0,1,5,0.22666666666666668,0.0018124078679586275
143,D86773997F,세계********,주류1,서울 성동구,주류,,20080613,,마장동,서울특별시 성동구 마장로 283,서울특별시 성동구 마장동 773-2,37.5656518,127.0414299,1,1,5,0.3933333333333333,0.002734957170436163
144,F3D0744667,비어**,호프/맥주3,서울 성동구,호프/맥주,,20060925,,마장동,서울특별시 성동구 마장로 296,서울특별시 성동구 마장동 791-9,37.56570224,127.0427574,1,1,5,0.3933333333333333,0.005338961636487166
145,43195F0299,나*,,서울 성동구,백반/가정식,,20020403,,마장동,서울특별시 성동구 마장로 321,서울특별시 성동구 마장동 769-5,37.56754594,127.044705,0,2,3,0.22,0.002281136560820009
146,41CD6D7430,들창*,,서울 성동구,한식-육류/고기,,20080520,,마장동,서울특별시 성동구 마장로 326,서울특별시 성동구 마장동 777-7,37.56746512,127.0454127,0,2,4,0.2533333333333333,0.002207325689996726
147,E6D7A15FD3,레드**,,서울 성동구,분식,한양대,20100218,,행당동,서울특별시 성동구 마조로 17,서울특별시 성동구 행당동 19-54,37.55955572,127.0404698,0,3,5,0.3466666666666667,0.0023164676087522435
148,149F54EBF0,금*,,서울 성동구,중식당,한양대,20110808,,행당동,서울특별시 성동구 마조로 17,서울특별시 성동구 행당동 19-54,37.55955572,127.0404698,0,3,5,0.3466666666666667,0.0023164676087522435
149,1F43B61BB2,든든****,,서울 성동구,호프/맥주,한양대,20130830,,행당동,서울특별시 성동구 마조로 17,서울특별시 성동구 행당동 19-54,37.55955572,127.0404698,0,3,5,0.3466666666666667,0.0023164676087522435
150,2C264531BC,주물****,,서울 성동구,한식-육류/고기,한양대,20080812,,행당동,서울특별시 성동구 마조로 17,서울특별시 성동구 행당동 19-54,37.55955572,127.0404698,0,3,5,0.3466666666666667,0.0023164676087522435
151,D1138B8FD3,올레*******,,서울 성동구,한식-육류/고기,한양대,20110906,,행당동,서울특별시 성동구 마조로 17,서울특별시 성동구 행당동 19-54,37.55955572,127.0404698,0,3,5,0.3466666666666667,0.0023164676087522435
152,73F46BB8A3,육지**,,서울 성동구,한식-육류/고기,한양대,20131018,,행당동,서울특별시 성동구 마조로 17,서울특별시 성동구 행당동 19-54,37.55955572,127.0404698,0,3,5,0.3466666666666667,0.0023164676087522435
153,FF37DA45D4,꼬지***,,서울 성동구,한식-육류/고기,한양대,20131118,,행당동,서울특별시 성동구 마조로 17,서울특별시 성동구 행당동 19-54,37.55955572,127.0404698,0,3,5,0.3466666666666667,0.0023164676087522435
154,7A6A7EB10A,이모*****,,서울 성동구,한식-육류/고기,한양대,20141125,,행당동,서울특별시 성동구 마조로 17,서울특별시 성동구 행당동 19-54,37.55955572,127.0404698,0,3,5,0.3466666666666667,0.0023164676087522435
155,55B960CBD0,더구**,,서울 성동구,한식-육류/고기,한양대,20150624,,행당동,서울특별시 성동구 마조로 17,서울특별시 성동구 행당동 19-54,37.55955572,127.0404698,0,3,5,0.3466666666666667,0.0023164676087522435
156,0E559E84F4,양대*,,서울 성동구,한식-육류/고기,한양대,20160401,,행당동,서울특별시 성동구 마조로 17,서울특별시 성동구 행당동 19-54,37.55955572,127.0404698,0,3,5,0.3466666666666667,0.0023164676087522435
157,42326C1AF5,금*,,서울 성동구,중식당,한양대,20011218,,행당동,서울특별시 성동구 마조로 21,서울특별시 성동구 행당동 19-9,37.55990528,127.0408244,0,3,5,0.3466666666666667,0.0023221894247567078
158,3BCE6D8224,쏘러*,,서울 성동구,호프/맥주,한양대,20140722,,행당동,서울특별시 성동구 마조로 21,서울특별시 성동구 행당동 19-9,37.55990528,127.0408244,0,3,5,0.3466666666666667,0.0023221894247567078
159,FCAF2BC53E,빽다******,커피전문점4,서울 성동구,커피전문점,한양대,20150731,20250818.0,행당동,서울특별시 성동구 마조로 21,서울특별시 성동구 행당동 19-9,37.55990528,127.0408244,0,3,5,0.3466666666666667,0.0023221894247567078
160,87EDA03BF6,뉴스*****,호프/맥주7,서울 성동구,호프/맥주,한양대,20150820,,행당동,서울특별시 성동구 마조로 25,서울특별시 성동구 행당동 6-2,37.56006048,127.0409333,0,3,5,0.3466666666666667,0.0023305810926883552
161,E10B522E89,이가**,,서울 성동구,한식-육류/고기,한양대,20050207,,행당동,서울특별시 성동구 마조로 25,서울특별시 성동구 행당동 6-2,37.56006048,127.0409333,0,3,5,0.3466666666666667,0.0023305810926883552
162,9DB8C036CD,달포*,,서울 성동구,포장마차,한양대,20151229,,행당동,서울특별시 성동구 마조로 27,서울특별시 성동구 행당동 4-36,37.56025665,127.0408772,0,3,5,0.3466666666666667,0.002404886189658644
163,3AE3E04CCF,쥬*,주스1,서울 성동구,주스,한양대,20150526,,행당동,서울특별시 성동구 마조로 29,서울특별시 성동구 행당동 3-30,37.56036868,127.0410225,0,3,5,0.3466666666666667,0.002380037407440391
164,13CF34E13D,행컵*****,백반/가정식23,서울 성동구,백반/가정식,한양대,20220420,,행당동,서울특별시 성동구 마조로 29,서울특별시 성동구 행당동 3-30,37.56036868,127.0410225,0,3,5,0.3466666666666667,0.002380037407440391
165,1AEC503D19,교촌*******,치킨6,서울 성동구,치킨,한양대,20181113,,행당동,서울특별시 성동구 마조로 31,서울특별시 성동구 행당동 3-29,37.56049896,127.0410419,0,3,5,0.3466666666666667,0.002404856324297387
166,27751D8C2E,악어***,,서울 성동구,분식,한양대,20110517,,행당동,서울특별시 성동구 마조로 33,서울특별시 성동구 행당동 3-27,37.56064851,127.0410916,0,3,5,0.3466666666666667,0.002419666561583703
167,B3E898AB24,본도*********,도시락2,서울 성동구,도시락,한양대,20141120,,행당동,서울특별시 성동구 마조로 34,서울특별시 성동구 행당동 10-1,37.56070162,127.0414769,0,3,5,0.3466666666666667,0.0022812018712666565
168,77F596FCF5,본죽*********,한식-죽2,서울 성동구,한식-죽,한양대,20140523,,행당동,서울특별시 성동구 마조로 35,서울특별시 성동구 행당동 3-20,37.56086941,127.04117,0,3,5,0.3466666666666667,0.0024322779650971724
169,64E401B0CC,청담**,,서울 성동구,반찬,,20160325,,마장동,서울특별시 성동구 마조로 55,서울특별시 성동구 마장동 821,37.56277056,127.0415294,0,4,4,0.3733333333333333,0.002361833673144488
170,05992E2BE5,락앤*****,중식당1,서울 성동구,중식당,,20140507,,옥수동,서울특별시 성동구 매봉길 13,서울특별시 성동구 옥수동 517-12,37.545298,127.015702,0,2,3,0.22,0.0018817941989439201
171,2324CB55B4,래미***,,서울 성동구,한식-단품요리일반,옥수,20110314,,금호동4가,서울특별시 성동구 매봉길 16,서울특별시 성동구 금호동4가 1527-2,37.54544767,127.015605,0,2,3,0.22,0.0018957898602908851
172,CF7D4E4D69,함흥***,,서울 성동구,한식-국밥/설렁탕,옥수,20130802,,금호동4가,서울특별시 성동구 매봉길 22,서울특별시 성동구 금호동4가 1526,37.54589997,127.0156606,0,2,4,0.2533333333333333,0.001989377015984908
173,69013447B1,냉삼*********,,서울 성동구,한식-육류/고기,,20210420,,도선동,서울특별시 성동구 무학로 10,서울특별시 성동구 도선동 408,37.56500843,127.0303801,1,1,4,0.36,0.002765183828975062
174,765AA249BB,좋은******,,서울 성동구,식료품,,20231120,,하왕십리동,서울특별시 성동구 무학로 33,서울특별시 성동구 하왕십리동 1066,37.56916416,127.0263479,0,0,4,0.13333333333333333,0.0014309450925380357
175,158EC80184,푸른**,,서울 성동구,축산물,,20241210,,하왕십리동,서울특별시 성동구 무학로 33,서울특별시 성동구 하왕십리동 1066,37.56916416,127.0263479,0,0,4,0.13333333333333333,0.0014309450925380357
176,56F352C52C,퀸타*****,,서울 성동구,베이커리,,20161118,,하왕십리동,서울특별시 성동구 무학로 33,서울특별시 성동구 하왕십리동 1066,37.56916416,127.0263479,0,0,4,0.13333333333333333,0.0014309450925380357
177,5FCE089938,이디******,커피전문점6,서울 성동구,커피전문점,,20161117,,하왕십리동,서울특별시 성동구 무학로 33,서울특별시 성동구 하왕십리동 1066,37.56916416,127.0263479,0,0,4,0.13333333333333333,0.0014309450925380357
178,A8B5572DE8,애정***,,서울 성동구,백반/가정식,,20081215,,하왕십리동,서울특별시 성동구 무학로 33,서울특별시 성동구 하왕십리동 1066,37.56916416,127.0263479,0,0,4,0.13333333333333333,0.0014309450925380357
179,3CAACEBFFD,한국***,,서울 성동구,백반/가정식,,20140217,,홍익동,서울특별시 성동구 무학로 36,서울특별시 성동구 홍익동 432,37.56743886,127.0303995,0,1,1,0.09333333333333332,0.0014414285906799726
180,52BE681A0A,미네***,,서울 성동구,일식-우동/소바/라면,한양대,20161014,,사근동,서울특별시 성동구 사근동8길 3,서울특별시 성동구 사근동 178,37.56061541,127.0471949,0,1,4,0.19333333333333333,0.001627696656262741
181,8532D4C362,그린******,,서울 성동구,카페,,20230223,,사근동,서울특별시 성동구 사근동11길 3,서울특별시 성동구 사근동 204-13,37.56127554,127.047954,0,1,4,0.19333333333333333,0.0017954075188408298
182,50832A2B37,비*,,서울 성동구,한식-찌개/전골,한양대,20090729,,행당동,서울특별시 성동구 사근동길 4,서울특별시 성동구 행당동 14-1,37.55996502,127.0415799,0,3,5,0.3466666666666667,0.0021220025283253488
183,3D05D0CBE9,일미**********,한식-육류/고기21,서울 성동구,한식-육류/고기,,20140812,,상왕십리동,서울특별시 성동구 난계로 160,서울특별시 성동구 상왕십리동 816-4,37.56603688,127.0242994,0,2,3,0.22,0.001571104892636376
184,E961D9800C,옐로************,,서울 성동구,한식-단품요리일반,,20211109,,상왕십리동,서울특별시 성동구 난계로 160,서울특별시 성동구 상왕십리동 816-4,37.56603688,127.0242994,0,2,3,0.22,0.001571104892636376
185,7FD59667F6,풍년*****,,서울 성동구,백반/가정식,뚝섬,20090520,,성수동1가,서울특별시 성동구 상원10길 6,서울특별시 성동구 성수동1가 13-107,37.54915241,127.048664,0,1,2,0.12666666666666665,0.0017388456556445217
186,B0B5E9F0A8,미락******,,서울 성동구,한식-국수/만두,뚝섬,20100610,,성수동1가,서울특별시 성동구 상원10길 8,서울특별시 성동구 성수동1가 13-108,37.54923021,127.0487977,0,1,2,0.12666666666666665,0.0016927502524334147
187,F425FD13E4,돈벼***,,서울 성동구,한식-육류/고기,뚝섬,19991015,,성수동1가,서울특별시 성동구 상원1길 15,서울특별시 성동구 성수동1가 656-1096,37.54516874,127.0486639,0,2,3,0.22,0.0019263741846765128
188,BD237E8126,페로************,,서울 성동구,카페,뚝섬,20200407,,성수동1가,서울특별시 성동구 상원2길 5,서울특별시 성동구 성수동1가 14-57,37.54596198,127.0495139,0,2,3,0.22,0.0019111669629606133
189,87CD1EAFC6,호남**,,서울 성동구,백반/가정식,뚝섬,20121122,,성수동1가,서울특별시 성동구 상원6길 4,서울특별시 성동구 성수동1가 13-332,37.54836637,127.048693,1,1,3,0.32666666666666666,0.0020894911287180863
190,A194A2CDE5,좋은**,,서울 성동구,농산물,뚝섬,20150206,,성수동1가,서울특별시 성동구 상원8길 1,서울특별시 성동구 성수동1가 13-104,37.54892084,127.048268,0,1,2,0.12666666666666665,0.0019015218900096035
191,AEE017222D,연탄****,,서울 성동구,한식-해물/생선,뚝섬,20130507,,성수동1가,서울특별시 성동구 상원길 11,서울특별시 성동구 성수동1가 656-287,37.54508362,127.0490464,0,2,3,0.22,0.0018331298943342193
192,6B31815A9D,개인****************,,서울 성동구,카페,뚝섬,20150630,,성수동1가,서울특별시 성동구 상원길 19,서울특별시 성동구 성수동1가 656-603,37.54587886,127.0487728,1,2,3,0.3866666666666666,0.0021308758634676576
193,968834B420,백채*********,한식-찌개/전골1,서울 성동구,한식-찌개/전골,뚝섬,20111205,,성수동1가,서울특별시 성동구 상원길 24,서울특별시 성동구 성수동1가 14-39,37.54614796,127.0490599,1,2,3,0.3866666666666666,0.0021165898539309506
194,B7564CFF4B,미사*,,서울 성동구,한식-단품요리일반,뚝섬,20131210,,성수동1가,서울특별시 성동구 상원길 24,서울특별시 성동구 성수동1가 14-39,37.54614796,127.0490599,1,2,3,0.3866666666666666,0.0021165898539309506
195,9092940228,하이***,,서울 성동구,분식,뚝섬,20150708,,성수동1가,서울특별시 성동구 상원길 39,서울특별시 성동구 성수동1가 715,37.54753298,127.0483982,1,1,3,0.32666666666666666,0.0030076011681269177
196,CD0848A352,쥬씨*****,주스1,서울 성동구,주스,뚝섬,20160718,,성수동1가,서울특별시 성동구 상원길 39,서울특별시 성동구 성수동1가 715,37.54753298,127.0483982,1,1,3,0.32666666666666666,0.0030076011681269177
197,DA1B23659C,종로**,,서울 성동구,떡/한과 제조,뚝섬,20131204,,성수동1가,서울특별시 성동구 상원길 51,서울특별시 성동구 성수동1가 656-387,37.54867809,127.0481012,1,1,2,0.29333333333333333,0.002075847692725283
198,EC5DF75B11,신전***,분식12,서울 성동구,분식,뚝섬,20160622,,성수동1가,서울특별시 성동구 상원길 59,서울특별시 성동구 성수동1가 706,37.54929959,127.0478884,0,1,3,0.16,0.001777395670693935
199,7727CDA849,코너*,,서울 성동구,양식,뚝섬,20191011,,성수동1가,서울특별시 성동구 상원길 64,서울특별시 성동구 성수동1가 13-441,37.54974725,127.0480097,0,1,3,0.16,0.0016196667354772334
200,735CDC10F9,일로*******,,서울 성동구,한식-단품요리일반,뚝섬,20160610,,성수동1가,서울특별시 성동구 상원길 66,서울특별시 성동구 성수동1가 13-440,37.54993946,127.0479437,0,1,3,0.16,0.0015742968137139972
201,F42D0B483B,동부**,,서울 성동구,축산물,성수,20140212,,성수동1가,서울특별시 성동구 성덕정길 57-1,서울특별시 성동구 성수동1가 247-1,37.5382574,127.0500554,0,0,1,0.03333333333333333,0.0009440457249604423
202,3DEF9DCDB9,김밥**,분식4,서울 성동구,분식,뚝섬,20060427,,성수동1가,서울특별시 성동구 아차산로 6,서울특별시 성동구 성수동1가 656-1731,37.54769393,127.0451244,0,2,2,0.18666666666666665,0.0020441225978567908
203,D9C37DB102,로데***,,서울 성동구,한식-육류/고기,답십리,20050525,,용답동,서울특별시 성동구 용답19길 5,서울특별시 성동구 용답동 51-2,37.56292163,127.0516456,1,2,2,0.3533333333333333,0.0026114750194339556
204,F5F6298388,동호**,,서울 성동구,일식당,답십리,19960112,,용답동,서울특별시 성동구 천호대로 328,서울특별시 성동구 용답동 5-3,37.56399954,127.0559064,0,2,2,0.18666666666666665,0.0014821863378116722
205,D10F02182E,과일**,,서울 성동구,청과물,금남시장,20240118,,금호동3가,서울특별시 성동구 장터길 37,서울특별시 성동구 금호동3가 893,37.54840245,127.0200966,0,1,3,0.16,0.0014870528603613312
206,B3301EF2AC,부원**,,서울 성동구,한식-냉면,금남시장,20070822,,금호동3가,서울특별시 성동구 장터길 39,서울특별시 성동구 금호동3가 889,37.5484099,127.0202432,0,1,3,0.16,0.0014658583369282613
207,747B2FF05E,장군**,,서울 성동구,백반/가정식,금남시장,20090511,,금호동4가,서울특별시 성동구 장터길 46,서울특별시 성동구 금호동4가 1109,37.54817723,127.020995,0,1,3,0.16,0.0013732226643394315
208,BD1FD7F407,바르********,분식10,서울 성동구,분식,행당,20141204,,행당동,서울특별시 성동구 행당로 103,서울특별시 성동구 행당동 317-8,37.55793391,127.0302947,1,1,4,0.36,0.003073520656750582
209,9977D38E3F,이삭***,샌드위치/토스트3,서울 성동구,샌드위치/토스트,행당,20150430,,행당동,서울특별시 성동구 행당로 119,서울특별시 성동구 행당동 317-70,37.55827428,127.0321028,0,1,5,0.22666666666666668,0.0020633653029587893
210,88375A5971,김밥**,,서울 성동구,분식,왕십리,20080328,,행당동,서울특별시 성동구 행당로 129,서울특별시 성동구 행당동 317-52,37.55850145,127.0333064,0,3,5,0.3466666666666667,0.002018599980134732
211,3114F5BFDA,도담**,,서울 성동구,인삼제품,행당,20131028,,행당동,서울특별시 성동구 행당로 76,서울특별시 성동구 행당동 346,37.5562345,127.027536,0,1,2,0.12666666666666665,0.0018839176708558346
212,EB66B019B5,카페*********,,서울 성동구,카페,행당,20160621,,행당동,서울특별시 성동구 행당로 79,서울특별시 성동구 행당동 347,37.55820535,127.027507,1,1,3,0.32666666666666666,0.001983900728623003
213,CA28FD6B8A,왕십***,,서울 성동구,미곡상,행당,20140818,,행당동,서울특별시 성동구 행당로 82,서울특별시 성동구 행당동 346,37.55480888,127.0273997,0,1,2,0.12666666666666665,0.001524507022473346
214,66317DF98C,치치****,,서울 성동구,주류,행당,20210506,,행당동,서울특별시 성동구 행당로 84,서울특별시 성동구 행당동 346,37.55656776,127.0287459,1,1,2,0.29333333333333333,0.002809436915721951
215,D731C6D372,커피********,커피전문점9,서울 성동구,커피전문점,행당,20150910,,행당동,서울특별시 성동구 행당로 84,서울특별시 성동구 행당동 346,37.55656776,127.0287459,1,1,2,0.29333333333333333,0.002809436915721951
216,1F08E8119D,비타***,청과물1,서울 성동구,청과물,행당,20160108,,행당동,서울특별시 성동구 행당로 87,서울특별시 성동구 행당동 347,37.55729212,127.0285443,1,1,3,0.32666666666666666,0.0033641907344369574
217,DFC09E5F2A,빵굼*,베이커리6,서울 성동구,베이커리,행당,20130304,,행당동,서울특별시 성동구 행당로 87,서울특별시 성동구 행당동 347,37.55729212,127.0285443,1,1,3,0.32666666666666666,0.0033641907344369574
218,5B3DE5F17F,방가*****,,서울 성동구,한식-육류/고기,행당,20150821,,행당동,서울특별시 성동구 행당로 87,서울특별시 성동구 행당동 347,37.55729212,127.0285443,1,1,3,0.32666666666666666,0.0033641907344369574
219,17725DC7CA,종로**,,서울 성동구,떡/한과 제조,,20090206,,금호동1가,서울특별시 성동구 금호로 56,서울특별시 성동구 금호동1가 1805,37.54842436,127.0260269,0,0,1,0.03333333333333333,0.0010974217769384679
220,3849F9A089,우촌****,,서울 성동구,한식-육류/고기,,20060704,,금호동1가,서울특별시 성동구 금호로 56,서울특별시 성동구 금호동1가 1805,37.54842436,127.0260269,0,0,1,0.03333333333333333,0.0010974217769384679
221,E2AF8DDCAD,태능****,,서울 성동구,한식-육류/고기,,20071005,,금호동1가,서울특별시 성동구 금호로 56,서울특별시 성동구 금호동1가 1805,37.54842436,127.0260269,0,0,1,0.03333333333333333,0.0010974217769384679
222,C21A5454F4,우리**,,서울 성동구,미곡상,신금호,20110314,,금호동2가,서울특별시 성동구 매봉18길 54-4,서울특별시 성동구 금호동2가 산9-1,37.55152745,127.0174117,0,2,4,0.2533333333333333,0.001727220509775193
223,15EE2AE836,조아*******,,서울 성동구,담배,금남시장,20110127,,금호동3가,서울특별시 성동구 독서당로 301-67,서울특별시 성동구 금호동3가 350-1,37.54867508,127.0226378,0,0,2,0.06666666666666667,0.001236592118752932
224,9676392FCC,은진***,,서울 성동구,건어물,금남시장,20090324,,금호동3가,서울특별시 성동구 독서당로 301-67,서울특별시 성동구 금호동3가 350-1,37.54867508,127.0226378,0,0,2,0.06666666666666667,0.001236592118752932
225,4B2AF6047C,은성**,,서울 성동구,한식-육류/고기,금남시장,20031013,,금호동3가,서울특별시 성동구 독서당로 301-67,서울특별시 성동구 금호동3가 350-1,37.54867508,127.0226378,0,0,2,0.06666666666666667,0.001236592118752932
226,DA3D8B1FB0,브레*****,,서울 성동구,건강식품,,19980124,,금호동4가,서울특별시 성동구 금호로 40,서울특별시 성동구 금호동4가 1553,37.54670554,127.0255329,0,0,0,0.0,0.0010973161043541706
227,E4313DDAAD,곽가*****,,서울 성동구,백반/가정식,금남시장,20110520,,금호동4가,서울특별시 성동구 금호로 40,서울특별시 성동구 금호동4가 1553,37.54670554,127.0255329,0,0,0,0.0,0.0010973161043541706
228,AC70EA0FCD,중화*,,서울 성동구,중식당,금남시장,20150619,,금호동3가,서울특별시 성동구 금호산2길 1,서울특별시 성동구 금호동3가 1265-77,37.5487777,127.0196587,0,1,2,0.12666666666666665,0.001544635871688695
229,6E584F4319,시선*****,,서울 성동구,포장마차,한양대,20121228,,행당동,서울특별시 성동구 마조로5길 3,서울특별시 성동구 행당동 19-50,37.55984269,127.0407361,0,3,5,0.3466666666666667,0.0023310987324805807
230,FF39E0223D,오븐******,치킨25,서울 성동구,치킨,왕십리,20121017,,도선동,서울특별시 성동구 무학로2길 3,서울특별시 성동구 도선동 399,37.56462599,127.0305814,1,1,4,0.36,0.0028771210065948955
231,BE646F48C4,카페***,,서울 성동구,카페,왕십리,20140627,,홍익동,서울특별시 성동구 무학로8길 1,서울특별시 성동구 홍익동 365-2,37.56584449,127.0309872,0,1,4,0.19333333333333333,0.0019281193892787631
232,2889D57BC9,영남***,,서울 성동구,식품 제조,성수,20111214,20250731.0,성수동2가,서울특별시 성동구 광나루로 248-26,서울특별시 성동구 성수동2가 289-162,37.54848983,127.0569088,0,1,1,0.09333333333333332,0.0011362629076137095
233,BCE250D47B,한*,,서울 성동구,농산물,,20141112,,금호동1가,서울특별시 성동구 금호로 100,서울특별시 성동구 금호동1가 633,37.55453147,127.0261866,0,1,2,0.12666666666666665,0.0014289256688455342
234,921F25CC9D,현준**,,서울 성동구,청과물,,20160309,,금호동1가,서울특별시 성동구 금호로 100,서울특별시 성동구 금호동1가 633,37.55453147,127.0261866,0,1,2,0.12666666666666665,0.0014289256688455342
235,55F3EC2326,가츠**,,서울 성동구,양식,,20130827,,금호동1가,서울특별시 성동구 금호로 102,서울특별시 성동구 금호동1가 633,37.55160942,127.0262728,0,0,3,0.1,0.0012233585047430194
236,D66D8AD118,청과****,,서울 성동구,청과물,신금호,20050117,,금호동1가,서울특별시 성동구 금호로 164,서울특별시 성동구 금호동1가 111-2,37.5554805,127.0201633,1,1,3,0.32666666666666666,0.002870377472271564
237,AB0A569DCA,먹태**,,서울 성동구,호프/맥주,신금호,20150812,,금호동1가,서울특별시 성동구 금호로 168,서울특별시 성동구 금호동1가 107-1,37.55579855,127.020199,1,1,3,0.32666666666666666,0.0024178979394330366
238,6DF56DD3F4,커스*******,,서울 성동구,커피전문점,,20160202,,금호동4가,서울특별시 성동구 금호로 40,서울특별시 성동구 금호동4가 1553,37.54670554,127.0255329,0,0,0,0.0,0.0010973161043541706
239,5468EE06CF,금수*,,서울 성동구,중식당,금남시장,20020604,,금호동4가,서울특별시 성동구 금호로 47-1,서울특별시 성동구 금호동4가 118,37.54778405,127.0254571,0,0,0,0.0,0.0011021172035730507
240,13920AE06B,해마******,,서울 성동구,한식-육류/고기,신금호,20040901,,금호동2가,서울특별시 성동구 금호산길 62,서울특별시 성동구 금호동2가 478,37.55368383,127.019593,1,1,2,0.29333333333333333,0.002703778900752199
241,4EFDFC6E78,전주**,,서울 성동구,백반/가정식,신금호,20011207,,금호동2가,서울특별시 성동구 금호산길 71,서울특별시 성동구 금호동2가 325,37.55455545,127.019602,1,1,3,0.32666666666666666,0.0040520037705213865
242,E32B3F96D3,우마************,,서울 성동구,일식당,,20090720,,성수동2가,서울특별시 성동구 동일로 143,서울특별시 성동구 성수동2가 279-50,37.54542846,127.0653398,0,0,2,0.06666666666666667,0.0011805708096742618
243,EADA92CB95,밥내*,,서울 성동구,한식-단품요리일반,,20160119,,성수동2가,서울특별시 성동구 동일로 143,서울특별시 성동구 성수동2가 279-50,37.54542846,127.0653398,0,0,2,0.06666666666666667,0.0011805708096742618
244,94864656C3,싱싱***,,서울 성동구,한식-육류/고기,,20150506,,송정동,서울특별시 성동구 동일로 265,서울특별시 성동구 송정동 90-7,37.55532809,127.0711086,0,0,2,0.06666666666666667,0.0011043330499926336
245,19DC3A560D,더건***************,,서울 성동구,식품 제조,,20150312,20250717.0,금호동3가,서울특별시 성동구 동호로 102,서울특별시 성동구 금호동3가 1331,37.54887929,127.0164225,1,1,2,0.29333333333333333,0.0028887207695833315
246,E1B7CDD2A1,비에***************,치킨3,서울 성동구,치킨,,20061019,,금호동4가,서울특별시 성동구 동호로 93,서울특별시 성동구 금호동4가 1550,37.54759208,127.015402,1,1,3,0.32666666666666666,0.004096916022697978
247,96A00BF6D0,파리********,베이커리10,서울 성동구,베이커리,,20240426,,금호동4가,서울특별시 성동구 동호로 93,서울특별시 성동구 금호동4가 1550,37.54759208,127.015402,1,1,3,0.32666666666666666,0.004096916022697978
248,E23D8D8DEC,우*,,서울 성동구,축산물,성수,20020715,,성수동2가,서울특별시 성동구 둘레11길 26,서울특별시 성동구 성수동2가 532-64,37.5375993,127.0531666,0,0,0,0.0,0.0008977034545520554
249,23B6250706,행복**,,서울 성동구,백반/가정식,성수,20110408,,성수동2가,서울특별시 성동구 둘레15길 14,서울특별시 성동구 성수동2가 648-3,37.53599559,127.0557498,0,0,0,0.0,0.0008422274857440165
250,9635DC4359,농우*,,서울 성동구,축산물,성수,20070525,,성수동2가,서울특별시 성동구 둘레15길 16,서울특별시 성동구 성수동2가 587-1,37.53620904,127.0557413,0,0,0,0.0,0.000850538847908117
251,3F320BF290,국수***,,서울 성동구,한식-국수/만두,,20091103,,성수동1가,서울특별시 성동구 뚝섬로 321,서울특별시 성동구 성수동1가 656-1829,37.54122624,127.0466371,0,1,2,0.12666666666666665,0.0014178078012499792
252,5BF5A99836,성수**,,서울 성동구,분식,성수,20141127,,성수동1가,서울특별시 성동구 뚝섬로 337,서울특별시 성동구 성수동1가 72-129,37.54070519,127.0484434,0,1,3,0.16,0.0012065864436465068
253,9CAEFAC424,뚝섬***,,서울 성동구,한식-육류/고기,성수,20080801,,성수동1가,서울특별시 성동구 뚝섬로 338,서울특별시 성동구 성수동1가 72-130,37.54034955,127.0482498,0,1,2,0.12666666666666665,0.0011689226115791014
254,B08C05B8DC,한촌*********,한식-국밥/설렁탕14,서울 성동구,한식-국밥/설렁탕,성수,20141230,,성수동2가,서울특별시 성동구 뚝섬로 389,서울특별시 성동구 성수동2가 339-1,37.53924305,127.0540468,0,0,1,0.03333333333333333,0.0010118189719211218
255,FB073006C3,또래**,치킨15,서울 성동구,치킨,성수,20160127,,성수동2가,서울특별시 성동구 뚝섬로 392,서울특별시 성동구 성수동2가 336-48,37.53887662,127.054208,0,0,1,0.03333333333333333,0.000984744700091947
256,B8DFA92D86,규리******,,서울 성동구,호프/맥주,성수,20180618,,성수동2가,서울특별시 성동구 뚝섬로 392,서울특별시 성동구 성수동2가 336-48,37.53887662,127.054208,0,0,1,0.03333333333333333,0.000984744700091947
257,4CE4BD3DBE,홍정*,,서울 성동구,중식당,,20150210,,성수동2가,서울특별시 성동구 뚝섬로 426,서울특별시 성동구 성수동2가 264-5,37.53794527,127.0578077,0,0,1,0.03333333333333333,0.000962690058183074
258,5AF3D76D12,스*,,서울 성동구,한식-단품요리일반,,20150427,,성수동2가,서울특별시 성동구 뚝섬로 447,서울특별시 성동구 성수동2가 231-1,37.53783607,127.0603209,0,0,0,0.0,0.0010314485519874364
259,5B4244B007,웃긴****,,서울 성동구,분식,,20210312,,상왕십리동,서울특별시 성동구 마장로 137,서울특별시 성동구 상왕십리동 811,37.56782502,127.0250536,0,0,3,0.1,0.0014658392589764664
260,D5D2A1D534,낀부**********,치킨8,서울 성동구,치킨,,20140811,,상왕십리동,서울특별시 성동구 마장로 137,서울특별시 성동구 상왕십리동 811,37.56782502,127.0250536,0,0,3,0.1,0.0014658392589764664
261,1777C724B3,고고***,,서울 성동구,치킨,,20150818,,상왕십리동,서울특별시 성동구 마장로 137,서울특별시 성동구 상왕십리동 811,37.56782502,127.0250536,0,0,3,0.1,0.0014658392589764664
262,0B68902965,서오***,,서울 성동구,피자,,20200901,,상왕십리동,서울특별시 성동구 마장로 137,서울특별시 성동구 상왕십리동 811,37.56782502,127.0250536,0,0,3,0.1,0.0014658392589764664
263,D218E37580,본도*******,도시락2,서울 성동구,도시락,,20211230,,상왕십리동,서울특별시 성동구 마장로 137,서울특별시 성동구 상왕십리동 811,37.56782502,127.0250536,0,0,3,0.1,0.0014658392589764664
264,C02F2D3CAA,안수*,,서울 성동구,일식당,,20210709,,상왕십리동,서울특별시 성동구 마장로 137,서울특별시 성동구 상왕십리동 811,37.56782502,127.0250536,0,0,3,0.1,0.0014658392589764664
265,582A075088,고(********,,서울 성동구,축산물,,20230512,,상왕십리동,서울특별시 성동구 마장로 137,서울특별시 성동구 상왕십리동 811,37.56782502,127.0250536,0,0,3,0.1,0.0014658392589764664
266,3D65A21626,컴포***********,커피전문점11,서울 성동구,커피전문점,,20240119,,상왕십리동,서울특별시 성동구 마장로 137,서울특별시 성동구 상왕십리동 811,37.56782502,127.0250536,0,0,3,0.1,0.0014658392589764664
267,E508B2FACD,유림****,,서울 성동구,한식-국수/만두,,20141024,,상왕십리동,서울특별시 성동구 마장로 137,서울특별시 성동구 상왕십리동 811,37.56782502,127.0250536,0,0,3,0.1,0.0014658392589764664
268,4ED49525EB,누들************,,서울 성동구,한식-육류/고기,,20150402,,상왕십리동,서울특별시 성동구 마장로 137,서울특별시 성동구 상왕십리동 811,37.56782502,127.0250536,0,0,3,0.1,0.0014658392589764664
269,8ED47EF2DD,나마*****,,서울 성동구,한식-해물/생선,,20190722,,상왕십리동,서울특별시 성동구 마장로 137,서울특별시 성동구 상왕십리동 811,37.56782502,127.0250536,0,0,3,0.1,0.0014658392589764664
270,A0FFF7EBFF,태평***,,서울 성동구,일식당,,20141229,,홍익동,서울특별시 성동구 마장로 185,서울특별시 성동구 홍익동 420,37.5669353,127.0303617,0,1,1,0.09333333333333332,0.0015692906845075829
271,40F6DE923B,야미*,,서울 성동구,치킨,왕십리,20151007,,마장동,서울특별시 성동구 마장로 223,서울특별시 성동구 마장동 533-6,37.56643253,127.0346891,0,0,5,0.16666666666666669,0.0016725658802387612
272,57B4E2F996,장충********,,서울 성동구,한식-육류/고기,왕십리,20151123,20250811.0,홍익동,서울특별시 성동구 마장로 228,서울특별시 성동구 홍익동 120-2,37.56607671,127.0350261,0,0,5,0.16666666666666669,0.0017668620357488285
273,4C021A3A21,대게******,,서울 성동구,한식-해물/생선,왕십리,20151130,,홍익동,서울특별시 성동구 마장로 228,서울특별시 성동구 홍익동 120-2,37.56607671,127.0350261,0,0,5,0.16666666666666669,0.0017668620357488285
274,64AC3356A0,목포**,,서울 성동구,백반/가정식,왕십리,20110413,,마장동,서울특별시 성동구 마장로 231,서울특별시 성동구 마장동 566-13,37.56629163,127.0355279,0,0,5,0.16666666666666669,0.0017405677240380384
275,AA2334143C,잼(******,,서울 성동구,한식-찌개/전골,왕십리,20181211,,행당동,서울특별시 성동구 마장로 244,서울특별시 성동구 행당동 191-20,37.56583261,127.0368733,0,2,5,0.2866666666666667,0.0019330936546252298
276,93DD2BDC37,우리******,,서울 성동구,한식-해물/생선,,20080319,,마장동,서울특별시 성동구 마장로 274,서울특별시 성동구 마장동 775-2,37.56547022,127.0402131,0,3,5,0.3466666666666667,0.0022789574037717403
277,475ED601EB,지에************,커피전문점10,서울 성동구,커피전문점,,20130905,,마장동,서울특별시 성동구 마장로 280,서울특별시 성동구 마장동 775-1,37.56545108,127.040605,0,2,5,0.2866666666666667,0.002364036322008221
278,58ABFB3565,김밥**,분식4,서울 성동구,분식,,20081226,,마장동,서울특별시 성동구 마장로 283,서울특별시 성동구 마장동 773-2,37.5656518,127.0414299,1,1,5,0.3933333333333333,0.002734957170436163
279,CC80B4E678,하은***,,서울 성동구,분식,,20101026,,마장동,서울특별시 성동구 마장로 283,서울특별시 성동구 마장동 773-2,37.5656518,127.0414299,1,1,5,0.3933333333333333,0.002734957170436163
280,8884E46F9D,대성*,,서울 성동구,중식당,,20130628,,마장동,서울특별시 성동구 마장로 284,서울특별시 성동구 마장동 774-2,37.56535724,127.0412598,1,2,5,0.4533333333333333,0.002574754978079067
281,CF178591B8,조개****,,서울 성동구,한식-찌개/전골,,20070601,,마장동,서울특별시 성동구 마장로 285,서울특별시 성동구 마장동 773-7,37.56565875,127.0416647,1,1,5,0.3933333333333333,0.0029290324796636324
282,B170208380,피자******,피자8,서울 성동구,피자,,20130611,,마장동,서울특별시 성동구 마장로 299,서울특별시 성동구 마장동 772-3,37.56626293,127.0427408,1,1,5,0.3933333333333333,0.008299980498500755
283,6C51945707,군산**,,서울 성동구,백반/가정식,,20160802,,마장동,서울특별시 성동구 마장로 327,서울특별시 성동구 마장동 767-42,37.56791319,127.0451711,0,2,3,0.22,0.0022242928934242583
284,2BB4EF9F37,별바*,,서울 성동구,일식당,,20031001,,마장동,서울특별시 성동구 마장로 328,서울특별시 성동구 마장동 777-6,37.56748533,127.0455747,0,2,4,0.2533333333333333,0.002191894767395713
285,BE7D01F20E,구이**,,서울 성동구,한식-육류/고기,한양대,20061030,,행당동,서울특별시 성동구 마조로 15-2,서울특별시 성동구 행당동 19-85,37.55921465,127.0405938,0,3,5,0.3466666666666667,0.0021835357532369115
286,48731DE9B9,우리******,,서울 성동구,치킨,한양대,20120201,20250707.0,행당동,서울특별시 성동구 마조로 17,서울특별시 성동구 행당동 19-54,37.55955572,127.0404698,0,3,5,0.3466666666666667,0.0023164676087522435
287,51DB10788F,버거*,,서울 성동구,햄버거,한양대,20160901,,행당동,서울특별시 성동구 마조로 35,서울특별시 성동구 행당동 3-20,37.56086941,127.04117,0,3,5,0.3466666666666667,0.0024322779650971724
288,8580604818,알촌*****,분식13,서울 성동구,분식,한양대,20150227,,행당동,서울특별시 성동구 마조로3길 6,서울특별시 성동구 행당동 19-112,37.55859654,127.0401566,0,4,4,0.3733333333333333,0.002082842317457521
289,7E6F88E6D1,이모****,,서울 성동구,한식-단품요리일반,한양대,20050831,,행당동,서울특별시 성동구 마조로3길 8,서울특별시 성동구 행당동 19-96,37.55865075,127.0399744,0,4,4,0.3733333333333333,0.0021199973073436373
290,56B02A07FC,황소**,,서울 성동구,한식-육류/고기,한양대,20010129,,행당동,서울특별시 성동구 마조로5길 3,서울특별시 성동구 행당동 19-50,37.55984269,127.0407361,0,3,5,0.3466666666666667,0.0023310987324805807
291,C74C8A6CB8,청년*************,,서울 성동구,한식-단품요리일반,한양대,20100330,,행당동,서울특별시 성동구 마조로5길 5,서울특별시 성동구 행당동 19-48,37.55993646,127.0405395,0,3,5,0.3466666666666667,0.0024259242159385954
292,1E4D38A262,김종******,,서울 성동구,치킨,한양대,20081128,,행당동,서울특별시 성동구 마조로5길 7,서울특별시 성동구 행당동 19-46,37.55993552,127.0403815,0,3,5,0.3466666666666667,0.0024817058505117932
293,3B5C32604B,싱싱*****,한식-해물/생선5,서울 성동구,한식-해물/생선,한양대,20080417,,행당동,서울특별시 성동구 마조로7길 6,서울특별시 성동구 행당동 1-87,37.56088317,127.040717,0,3,5,0.3466666666666667,0.0026588449586795065
294,D511E3D8B1,참나******,,서울 성동구,한식-육류/고기,금남시장,20010905,,금호동3가,서울특별시 성동구 무수막길 3,서울특별시 성동구 금호동3가 207,37.54848738,127.025435,0,0,0,0.0,0.001109559838577087
295,6D023B142B,착한******,,서울 성동구,축산물,신금호,20150612,,금호동2가,서울특별시 성동구 무수막길 94,서울특별시 성동구 금호동2가 452,37.55406062,127.0201608,1,1,2,0.29333333333333333,0.004442015797222837
296,6402B38CAE,우리**,,서울 성동구,축산물,신금호,20070420,,금호동2가,서울특별시 성동구 무수막길 95,서울특별시 성동구 금호동2가 447,37.55422889,127.0198172,1,1,2,0.29333333333333333,0.00438928702274034
297,45653EE08D,케이****,,서울 성동구,베이커리,,20200925,,도선동,서울특별시 성동구 무학로 10-1,서울특별시 성동구 도선동 410,37.56508269,127.0302998,1,1,4,0.36,0.002749077068272764
298,F5B18447D1,고향**,,서울 성동구,백반/가정식,,20081208,,홍익동,서울특별시 성동구 무학로6길 5,서울특별시 성동구 홍익동 398-5,37.56544721,127.030726,1,1,4,0.36,0.00220149398480589
299,6F2F34ACCC,여수****,,서울 성동구,한식-단품요리일반,왕십리,20011024,,하왕십리동,서울특별시 성동구 무학봉길 83,서울특별시 성동구 하왕십리동 970-47,37.56173347,127.0314886,0,3,5,0.3466666666666667,0.0021056488720503736
300,ECD810DC58,토상**,,서울 성동구,일식당,왕십리,20000925,,하왕십리동,서울특별시 성동구 무학봉길 88,서울특별시 성동구 하왕십리동 970-50,37.56191346,127.0319379,0,3,5,0.3466666666666667,0.0021628730016280684
301,E73D1C3E58,다시***,,서울 성동구,치킨,한양대,20100316,,사근동,서울특별시 성동구 사근동8길 8,서울특별시 성동구 사근동 176-5,37.5604372,127.0467323,0,1,4,0.19333333333333333,0.0015867800954050537
302,19AB11C6B4,피자*******,피자10,서울 성동구,피자,한양대,20170628,,행당동,서울특별시 성동구 사근동길 4,서울특별시 성동구 행당동 14-1,37.55996502,127.0415799,0,3,5,0.3466666666666667,0.0021220025283253488
303,97FAE8D665,우리**,,서울 성동구,한식-육류/고기,한양대,20091204,,행당동,서울특별시 성동구 사근동길 4,서울특별시 성동구 행당동 14-1,37.55996502,127.0415799,0,3,5,0.3466666666666667,0.0021220025283253488
304,1184FDF48F,사*,,서울 성동구,축산물,한양대,20061002,,사근동,서울특별시 성동구 사근동길 55,서울특별시 성동구 사근동 210-1,37.56094873,127.0470968,0,1,4,0.19333333333333333,0.0016498182795457214
305,2F5708B372,우리**,,서울 성동구,식료품,한양대,20060102,,사근동,서울특별시 성동구 사근동길 58,서울특별시 성동구 사근동 180-2,37.56080608,127.0473891,0,1,3,0.16,0.001663664095689927
306,5106B234F1,투고***,백반/가정식22,서울 성동구,백반/가정식,한양대,20160504,,행당동,서울특별시 성동구 사근동길 6,서울특별시 성동구 행당동 16-53,37.56014435,127.0420161,0,3,5,0.3466666666666667,0.002040568915174147
307,2BBA95E499,고깃****,,서울 성동구,한식-육류/고기,마장동,20140612,,마장동,서울특별시 성동구 살곶이길 40,서울특별시 성동구 마장동 437,37.57125885,127.0412652,0,2,3,0.22,0.001641707326743237
308,9EE29A7918,강북**,,서울 성동구,수산물,뚝섬,20140225,,성수동1가,서울특별시 성동구 상원12길 12,서울특별시 성동구 성수동1가 13-52,37.55041043,127.0489988,0,1,2,0.12666666666666665,0.001411460472724113
309,3593B2D487,스테************,,서울 성동구,카페,뚝섬,20230126,,성수동1가,서울특별시 성동구 상원1길 13,서울특별시 성동구 성수동1가 656-1097,37.54506752,127.0487466,0,2,3,0.22,0.00188534822054366
310,5B875E9A9E,대성**,,서울 성동구,한식-육류/고기,뚝섬,20240207,,성수동1가,서울특별시 성동구 상원1길 26,서울특별시 성동구 성수동1가 656-591,37.54619435,127.0484323,1,2,3,0.3866666666666666,0.0024582841130732767
311,20A41DB343,야끼****,,서울 성동구,일식당,뚝섬,20190531,,성수동1가,서울특별시 성동구 상원1길 33,서울특별시 성동구 성수동1가 9-7,37.54652319,127.0473856,1,2,3,0.3866666666666666,0.003798949778604488
312,AA062AE1FC,호타*,,서울 성동구,일식-덮밥/돈가스,뚝섬,20100517,,성수동1가,서울특별시 성동구 상원6길 6-1,서울특별시 성동구 성수동1가 13-317,37.54851738,127.0489136,0,1,3,0.16,0.0019365620925036434
313,561E2A96EF,영구********,피자5,서울 성동구,피자,,20010723,,성수동1가,서울특별시 성동구 성덕정길 25,서울특별시 성동구 성수동1가 105,37.53927906,127.0467152,0,0,1,0.03333333333333333,0.0010784892137967847
314,A54A81ABB2,얼큰****,,서울 성동구,한식-냉면,성수,20060612,,성수동1가,서울특별시 성동구 성덕정길 37,서울특별시 성동구 성수동1가 92,37.53898677,127.0478492,0,0,1,0.03333333333333333,0.0010278889499992312
315,F43CAD08EC,백두**,한식-단품요리일반6,서울 성동구,한식-단품요리일반,성수,20031009,,성수동1가,서울특별시 성동구 성덕정길 46,서울특별시 성동구 성수동1가 226-2,37.53843574,127.0486813,0,0,1,0.03333333333333333,0.0009668697319336891
316,F0892BD2A8,옛날*****,,서울 성동구,한식-단품요리일반,성수,20101209,,성수동2가,서울특별시 성동구 성덕정길 75,서울특별시 성동구 성수동2가 345-9,37.53812133,127.0517787,0,0,0,0.0,0.000922699961680257
317,426E9843AA,피자****,피자8,서울 성동구,피자,성수,20060906,,성수동2가,서울특별시 성동구 성덕정길 78,서울특별시 성동구 성수동2가 346-2,37.53784513,127.0520751,0,0,0,0.0,0.0009063168218260701
318,90B44E35DE,싱싱**,,서울 성동구,한식-해물/생선,성수,20050928,,성수동2가,서울특별시 성동구 성덕정길 90,서울특별시 성동구 성수동2가 532-40,37.53766938,127.0533995,0,0,0,0.0,0.0009031070662637048
319,8960400ECA,떡마*,,서울 성동구,베이커리,성수,20070712,,성수동2가,서울특별시 성동구 성덕정길 91,서울특별시 성동구 성수동2가 339-11,37.53782136,127.053646,0,0,1,0.03333333333333333,0.0009133794383499713
320,1112ACEF8D,신화***,,서울 성동구,건강원,성수,20030716,,성수동2가,서울특별시 성동구 성덕정길 99,서울특별시 성동구 성수동2가 335-141,37.53759521,127.0546237,0,0,1,0.03333333333333333,0.0009062544336320462
321,5F35F67E3F,장흥**,,서울 성동구,백반/가정식,뚝섬,20081009,,성수동1가,서울특별시 성동구 성수일로 59,서울특별시 성동구 성수동1가 14-69,37.54584378,127.0499292,0,1,3,0.16,0.0017893336791449548
322,6A690D39D5,삼천*,,서울 성동구,한식-해물/생선,성수,20000609,,성수동2가,서울특별시 성동구 아차산로 87,서울특별시 성동구 성수동2가 300-87,37.54546374,127.0540078,1,1,2,0.29333333333333333,0.0018425038274863213
323,C83F9C3B91,다도**,,서울 성동구,한식-단품요리일반,성수,20000318,,성수동2가,서울특별시 성동구 아차산로 87,서울특별시 성동구 성수동2가 300-87,37.54546374,127.0540078,1,1,2,0.29333333333333333,0.0018425038274863213
324,0B20C4C788,펀비**,치킨36,서울 성동구,치킨,성수,20061211,,성수동2가,서울특별시 성동구 아차산로 93,서울특별시 성동구 성수동2가 300-66,37.54525179,127.054688,1,1,2,0.29333333333333333,0.002268136920203712
325,77F053DC44,행*,,서울 성동구,호프/맥주,성수,20011012,,성수동2가,서울특별시 성동구 아차산로 96,서울특별시 성동구 성수동2가 314-6,37.54461633,127.0544553,1,1,2,0.29333333333333333,0.0022919575165928543
326,D3E9691832,외가*,,서울 성동구,한식-육류/고기,성수,20030711,,성수동2가,서울특별시 성동구 연무장길 17,서울특별시 성동구 성수동2가 302-36,37.54373596,127.0514545,0,1,3,0.16,0.001465221024331631
327,170B8F1903,승리*,,서울 성동구,중식당,뚝섬,20160830,,성수동1가,서울특별시 성동구 왕십리로 78,서울특별시 성동구 성수동1가 656-435,37.54447357,127.0451409,1,2,2,0.3533333333333333,0.003038279049361567
328,7DF4881E0F,조개****,,서울 성동구,한식-해물/생선,답십리,20080701,,용답동,서울특별시 성동구 용답19길 5,서울특별시 성동구 용답동 51-2,37.56292163,127.0516456,1,2,2,0.3533333333333333,0.0026114750194339556
329,D6F7A9FA64,애솔*****,,서울 성동구,한식-육류/고기,답십리,20000727,,용답동,서울특별시 성동구 용답19길 9,서울특별시 성동구 용답동 50-14,37.56317925,127.0519998,1,2,2,0.3533333333333333,0.002284328179501768
330,8BB9732BBC,한길**,,서울 성동구,식료품,답십리,20090417,,용답동,서울특별시 성동구 용답29길 13,서울특별시 성동구 용답동 11-1,37.5639107,127.0545631,0,2,2,0.18666666666666665,0.0016774944505287535
331,242ECF834A,동수******,,서울 성동구,한식-육류/고기,답십리,20161213,,용답동,서울특별시 성동구 용답29길 21,서울특별시 성동구 용답동 14-2,37.56437264,127.0539754,0,2,2,0.18666666666666665,0.0018339289625552192
332,937948A121,소문*******,,서울 성동구,백반/가정식,답십리,20131209,,용답동,서울특별시 성동구 용답25라길 23,서울특별시 성동구 용답동 47-1,37.56351803,127.0530067,0,2,2,0.18666666666666665,0.0019463107067505224
333,DA72A54F82,명가****,,서울 성동구,분식,금남시장,20130212,,금호동3가,서울특별시 성동구 장터길 25-1,서울특별시 성동구 금호동3가 1297,37.54843195,127.0187649,0,1,3,0.16,0.0017475130483723005
334,A61BA685E8,박재*****,,서울 성동구,한식-해물/생선,금남시장,20050708,,금호동4가,서울특별시 성동구 장터길 38-1,서울특별시 성동구 금호동4가 1091,37.54808214,127.0201463,0,1,3,0.16,0.0014851487692962037
335,8985D82F2F,경북**,,서울 성동구,미곡상,금남시장,19990806,,금호동3가,서울특별시 성동구 장터길 39-1,서울특별시 성동구 금호동3가 888,37.5484189,127.0203014,0,1,3,0.16,0.001457619722804024
336,E12C68864A,짱구*****,,서울 성동구,한식-국밥/설렁탕,금남시장,20100618,,금호동3가,서울특별시 성동구 장터길 43-3,서울특별시 성동구 금호동3가 810,37.54840096,127.0209177,0,1,2,0.12666666666666665,0.0013799460462137572
337,F147CC2C63,옥수*****,,서울 성동구,백반/가정식,옥수,20150724,,옥수동,서울특별시 성동구 한림말길 17,서울특별시 성동구 옥수동 228-1,37.54099407,127.0131163,0,2,2,0.18666666666666665,0.0015892038496250944
338,5AE55ECD0E,카페********,아이스크림/빙수6,서울 성동구,아이스크림/빙수,한양대,20130329,,사근동,서울특별시 성동구 왕십리로 222,서울특별시 성동구 사근동 110,37.55450355,127.0466112,0,1,1,0.09333333333333332,0.0015509391428769005
339,3BB8C1A3AD,행당**,한식-육류/고기31,서울 성동구,한식-육류/고기,행당,20140806,,행당동,서울특별시 성동구 행당로 109,서울특별시 성동구 행당동 317-84,37.55808005,127.0310315,1,1,5,0.3933333333333333,0.0023878103018626484
340,8234005757,폰아*************,,서울 성동구,담배,왕십리,20150121,,행당동,서울특별시 성동구 행당로 129,서울특별시 성동구 행당동 317-52,37.55850145,127.0333064,0,3,5,0.3466666666666667,0.002018599980134732
341,107D13BB20,곽선****,,서울 성동구,분식,왕십리,20220808,,행당동,서울특별시 성동구 행당로 129,서울특별시 성동구 행당동 317-52,37.55850145,127.0333064,0,3,5,0.3466666666666667,0.002018599980134732
342,DAD6A93B87,봉구************,햄버거3,서울 성동구,햄버거,왕십리,20131031,,행당동,서울특별시 성동구 행당로 129,서울특별시 성동구 행당동 317-52,37.55850145,127.0333064,0,3,5,0.3466666666666667,0.002018599980134732
343,382A324F7A,낙원**,,서울 성동구,떡/한과 제조,행당,20160516,,행당동,서울특별시 성동구 행당로 87,서울특별시 성동구 행당동 347,37.55729212,127.0285443,1,1,3,0.32666666666666666,0.0033641907344369574
344,0E33FFCD65,이영******,,서울 성동구,분식,행당,20210617,,행당동,서울특별시 성동구 행당로 89,서울특별시 성동구 행당동 317-1994,37.55742891,127.0288559,1,1,2,0.29333333333333333,0.0044853382814366086
345,103335BDCE,원조****,,서울 성동구,한식-냉면,한양대,20120417,,행당동,서울특별시 성동구 마조로 17,서울특별시 성동구 행당동 19-54,37.55955572,127.0404698,0,3,5,0.3466666666666667,0.0023164676087522435
346,58B096EF00,신선***,,서울 성동구,축산물,,20120405,,마장동,서울특별시 성동구 마조로 55,서울특별시 성동구 마장동 821,37.56277056,127.0415294,0,4,4,0.3733333333333333,0.002361833673144488
347,C45BC175C8,이디***,커피전문점6,서울 성동구,커피전문점,옥수,20120808,,옥수동,서울특별시 성동구 매봉길 12,서울특별시 성동구 옥수동 517-12,37.54529801,127.0156932,0,2,3,0.22,0.001881513475648211
348,B7A05D56C7,뚝섬**,,서울 성동구,한식-육류/고기,뚝섬,20120522,,성수동1가,서울특별시 성동구 상원길 49,서울특별시 성동구 성수동1가 656-388,37.54850716,127.048126,1,1,2,0.29333333333333333,0.002195970380756776
349,424AAC4582,한우***,,서울 성동구,축산물,뚝섬,20120514,,성수동1가,서울특별시 성동구 상원길 64,서울특별시 성동구 성수동1가 13-441,37.54974725,127.0480097,0,1,3,0.16,0.0016196667354772334
350,6F97F23CDB,한*,,서울 성동구,양식,성수,20020425,,성수동1가,서울특별시 성동구 성덕정길 57-1,서울특별시 성동구 성수동1가 247-1,37.5382574,127.0500554,0,0,1,0.03333333333333333,0.0009440457249604423
351,314D411B19,비어**,,서울 성동구,치킨,성수,20030507,,성수동1가,서울특별시 성동구 성덕정길 57-1,서울특별시 성동구 성수동1가 247-1,37.5382574,127.0500554,0,0,1,0.03333333333333333,0.0009440457249604423
352,BBE10BA891,초원**,,서울 성동구,백반/가정식,,20071120,,성수동1가,서울특별시 성동구 성덕정길 57-1,서울특별시 성동구 성수동1가 247-1,37.5382574,127.0500554,0,0,1,0.03333333333333333,0.0009440457249604423
353,C9EC8F7695,장원**,,서울 성동구,백반/가정식,성수,20090304,,성수동1가,서울특별시 성동구 성덕정길 57-1,서울특별시 성동구 성수동1가 247-1,37.5382574,127.0500554,0,0,1,0.03333333333333333,0.0009440457249604423
354,B2A570260C,청록***,,서울 성동구,식품 제조,뚝섬,19981111,,성수동1가,서울특별시 성동구 광나루로 142-8,서울특별시 성동구 성수동1가 656-1170,37.55122956,127.0457841,0,2,2,0.18666666666666665,0.0014392789623389167
355,00BC189C4B,땅끝******,,서울 성동구,한식-해물/생선,뚝섬,20030221,,성수동1가,서울특별시 성동구 광나루로 142-8,서울특별시 성동구 성수동1가 656-1170,37.55122956,127.0457841,0,2,2,0.18666666666666665,0.0014392789623389167
356,A7CC40BE1E,죽변*,,서울 성동구,한식-해물/생선,뚝섬,20040715,,성수동1가,서울특별시 성동구 광나루로 142-8,서울특별시 성동구 성수동1가 656-1170,37.55122956,127.0457841,0,2,2,0.18666666666666665,0.0014392789623389167
357,811AC91E1F,김밥**,,서울 성동구,분식,성수,20080220,,성수동2가,서울특별시 성동구 성수이로 2,서울특별시 성동구 성수동2가 744-1,37.53538359,127.053688,0,0,0,0.0,0.0007968934064914324
358,B3116E5135,장미***,,서울 성동구,치킨,성수,20100305,,성수동2가,서울특별시 성동구 성수이로 2,서울특별시 성동구 성수동2가 744-1,37.53538359,127.053688,0,0,0,0.0,0.0007968934064914324
359,E5E8F3F456,뚝섬***,,서울 성동구,건강원,성수,20040823,,성수동2가,서울특별시 성동구 성수이로 2,서울특별시 성동구 성수동2가 744-1,37.53538359,127.053688,0,0,0,0.0,0.0007968934064914324
360,91988A5415,파리***,베이커리10,서울 성동구,베이커리,성수,20011217,,성수동2가,서울특별시 성동구 성수이로 2,서울특별시 성동구 성수동2가 744-1,37.53538359,127.053688,0,0,0,0.0,0.0007968934064914324
361,87EDAB1CB3,머니**,,서울 성동구,호프/맥주,성수,20000705,,성수동2가,서울특별시 성동구 성수이로 2,서울특별시 성동구 성수동2가 744-1,37.53538359,127.053688,0,0,0,0.0,0.0007968934064914324
362,B3517137A0,명원***,,서울 성동구,한식-육류/고기,,20100506,,성수동2가,서울특별시 성동구 성수이로 2,서울특별시 성동구 성수동2가 744-1,37.53538359,127.053688,0,0,0,0.0,0.0007968934064914324
363,995EDF27A3,파리*********,베이커리10,서울 성동구,베이커리,성수,20030624,,성수동2가,서울특별시 성동구 아차산로9길 34,서울특별시 성동구 성수동2가 836,37.54671906,127.0595347,0,1,1,0.09333333333333332,0.0011866581823672313
364,8219FA9E99,동맛******,,서울 성동구,한식-국수/만두,성수,20071220,,성수동2가,서울특별시 성동구 아차산로9길 34,서울특별시 성동구 성수동2가 836,37.54671906,127.0595347,0,1,1,0.09333333333333332,0.0011866581823672313
365,A117CDA53E,옛골***,,서울 성동구,한식-단품요리일반,성수,19900228,,성수동2가,서울특별시 성동구 아차산로9길 34,서울특별시 성동구 성수동2가 836,37.54671906,127.0595347,0,1,1,0.09333333333333332,0.0011866581823672313
366,0B4FFAC06D,금호**,,서울 성동구,한식-육류/고기,금남시장,20120531,,금호동3가,서울특별시 성동구 장터5길 1,서울특별시 성동구 금호동3가 798,37.54855732,127.0212188,0,1,2,0.12666666666666665,0.0013447286636432466
367,14FE0A442F,엘림****,,서울 성동구,떡/한과 제조,,20090224,,하왕십리동,서울특별시 성동구 왕십리로 410,서울특별시 성동구 하왕십리동 1070,37.56660293,127.0240825,0,1,3,0.16,0.001576746168361735
368,C76DAFE8C1,더리*,,서울 성동구,카페,행당,20120720,,행당동,서울특별시 성동구 행당로 98,서울특별시 성동구 행당동 322-418,37.55747745,127.0299993,1,1,4,0.36,0.004988855179391695
369,F7C857EF14,거창**,,서울 성동구,한식-육류/고기,왕십리,20020531,,도선동,서울특별시 성동구 고산자로 263,서울특별시 성동구 도선동 15,37.56317598,127.0358513,1,3,5,0.5133333333333334,0.0033005789435004824
370,EAC2034A91,왕십******,,서울 성동구,한식-육류/고기,왕십리,20100901,,홍익동,서울특별시 성동구 고산자로 287,서울특별시 성동구 홍익동 128-3,37.56533225,127.0361184,0,3,5,0.3466666666666667,0.0020488290603820694
371,AA315D04DD,서울**,,서울 성동구,식료품,마장동,20030807,,마장동,서울특별시 성동구 고산자로 344,서울특별시 성동구 마장동 522-3,37.57015579,127.0379471,0,1,3,0.16,0.0014764615294273167
372,4080EC9ECB,미성****,,서울 성동구,한식-육류/고기,마장동,20021008,,마장동,서울특별시 성동구 고산자로 346,서울특별시 성동구 마장동 522-4,37.5703256,127.0380249,0,1,3,0.16,0.0014952239475789259
373,B977CB2FBC,싸리*,,서울 성동구,한식-육류/고기,,20021227,,송정동,서울특별시 성동구 광나루로 287,서울특별시 성동구 송정동 67-18,37.54835309,127.0616767,0,0,1,0.03333333333333333,0.00098690306051923
374,88714937FD,닭한*****,,서울 성동구,한식-국수/만두,,20010726,,송정동,서울특별시 성동구 광나루로 289,서울특별시 성동구 송정동 67-17,37.54833809,127.0619476,0,0,1,0.03333333333333333,0.0009850017136400773
375,D7B0E38FA8,진지****,한식-육류/고기24,서울 성동구,한식-육류/고기,,20070627,,성수동2가,서울특별시 성동구 광나루로 290,서울특별시 성동구 성수동2가 280-41,37.54771493,127.061988,0,0,1,0.03333333333333333,0.0010215548517380798
376,9070B8640F,완산***,한식-국밥/설렁탕8,서울 성동구,한식-국밥/설렁탕,,20080226,,성수동2가,서울특별시 성동구 광나루로 290,서울특별시 성동구 성수동2가 280-41,37.54771493,127.061988,0,0,1,0.03333333333333333,0.0010215548517380798
377,F1039455F0,목포**,,서울 성동구,한식-육류/고기,신금호,20160622,,금호동2가,서울특별시 성동구 금호로 127,서울특별시 성동구 금호동2가 1215,37.55318148,127.0223783,0,1,2,0.12666666666666665,0.0017236293768997436
378,870775BC01,육장*******,한식-육류/고기20,서울 성동구,한식-육류/고기,신금호,20160707,,금호동2가,서울특별시 성동구 금호로 127,서울특별시 성동구 금호동2가 1215,37.55318148,127.0223783,0,1,2,0.12666666666666665,0.0017236293768997436
379,68B6CAE65F,더 **,,서울 성동구,식료품,금남시장,20180801,,금호동1가,서울특별시 성동구 금호로 62-1,서울특별시 성동구 금호동1가 1801-2,37.54896593,127.0261296,0,0,1,0.03333333333333333,0.001117034391216232
380,A149A462C3,요거**********,,서울 성동구,아이스크림/빙수,금남시장,20240426,,금호동1가,서울특별시 성동구 금호로 62-1,서울특별시 성동구 금호동1가 1801-2,37.54896593,127.0261296,0,0,1,0.03333333333333333,0.001117034391216232
381,DC17B81D3E,튜니**,,서울 성동구,호프/맥주,신금호,20110131,,금호동2가,서울특별시 성동구 금호로11길 1,서울특별시 성동구 금호동2가 324,37.5546108,127.0194387,1,1,3,0.32666666666666666,0.0035018987222393085
382,BA01E62E84,해물**,,서울 성동구,한식-해물/생선,신금호,20090918,20250117.0,금호동2가,서울특별시 성동구 금호로11길 4,서울특별시 성동구 금호동2가 225,37.55475352,127.0193963,1,1,4,0.36,0.0033162047701865024
383,31DE46AC2D,맛있*****,,서울 성동구,떡/한과 제조,금남시장,20111010,,금호동3가,서울특별시 성동구 금호산2길 19,서울특별시 성동구 금호동3가 460,37.54890734,127.0218169,0,0,2,0.06666666666666667,0.0012896429989934864
384,F717FD0621,유쾌**,,서울 성동구,포장마차,금남시장,20150313,,금호동3가,서울특별시 성동구 금호산2길 5,서울특별시 성동구 금호동3가 934,37.54887474,127.0201618,0,1,2,0.12666666666666665,0.0014676468691678661
385,C8E1C54769,막퍼*******,,서울 성동구,한식-국수/만두,신금호,20151221,,금호동2가,서울특별시 성동구 금호산길 55,서울특별시 성동구 금호동2가 489,37.55323239,127.0192663,1,1,4,0.36,0.0021708301037040387
386,F6F4BCEF5D,코끼******,,서울 성동구,한식-냉면,신금호,20140327,,금호동2가,서울특별시 성동구 금호산길 56,서울특별시 성동구 금호동2가 487,37.55308945,127.0195151,1,1,2,0.29333333333333333,0.002128476306400117
387,F2A06B9694,이디*************,커피전문점6,서울 성동구,커피전문점,신금호,20140603,,금호동2가,서울특별시 성동구 금호산길 64,서울특별시 성동구 금호동2가 438,37.55390348,127.0196404,1,1,2,0.29333333333333333,0.0030938153460983086
388,F7AD65B492,파리*********,베이커리10,서울 성동구,베이커리,신금호,20150203,,금호동2가,서울특별시 성동구 금호산길 65,서울특별시 성동구 금호동2가 327,37.55416301,127.0194165,1,1,4,0.36,0.003173145134014952
389,0B5B2332CF,남원***,한식-해물/생선2,서울 성동구,한식-해물/생선,신금호,20130605,,금호동2가,서울특별시 성동구 금호산길 67,서울특별시 성동구 금호동2가 326,37.55434364,127.0195076,1,1,3,0.32666666666666666,0.003592343535228277
390,E47826B7B5,페리****,치킨37,서울 성동구,치킨,금남시장,20080124,,금호동4가,서울특별시 성동구 독서당로 287,서울특별시 성동구 금호동4가 1114,37.54798325,127.0209559,0,1,3,0.16,0.0013797919457341516
391,6ED0C81CE7,비비**********,치킨2,서울 성동구,치킨,금남시장,20111101,,금호동4가,서울특별시 성동구 독서당로 326,서울특별시 성동구 금호동4가 128,37.5479154,127.025135,0,0,0,0.0,0.0011141570308091145
392,90A718A704,파리********,베이커리10,서울 성동구,베이커리,,20100129,,응봉동,서울특별시 성동구 독서당로 384,서울특별시 성동구 응봉동 200-1,37.54990996,127.0311015,0,1,1,0.09333333333333332,0.0013877162627597898
393,C04BD1DD58,이디*********,,서울 성동구,식료품,,20160721,,성수동2가,서울특별시 성동구 동일로 123,서울특별시 성동구 성수동2가 19-2,37.54367273,127.0644449,0,0,3,0.1,0.0012671591635771845
394,2D0E5434C1,명동*******,한식-국수/만두7,서울 성동구,한식-국수/만두,,20200803,,성수동2가,서울특별시 성동구 동일로 143,서울특별시 성동구 성수동2가 279-50,37.54542846,127.0653398,0,0,2,0.06666666666666667,0.0011805708096742618
395,69506949A8,본가*********,,서울 성동구,한식-육류/고기,,20160315,,성수동2가,서울특별시 성동구 동일로 143,서울특별시 성동구 성수동2가 279-50,37.54542846,127.0653398,0,0,2,0.06666666666666667,0.0011805708096742618
396,3EC80135EF,마포****,,서울 성동구,한식-육류/고기,,20010723,,성수동2가,서울특별시 성동구 동일로 75-33,서울특별시 성동구 성수동2가 250-51,37.53979687,127.0618103,0,0,2,0.06666666666666667,0.001153261045982976
397,A690F78364,용남***,,서울 성동구,수산물,금남시장,20160127,,금호동4가,서울특별시 성동구 동호로 지하104,서울특별시 성동구 금호동4가 1470,37.54811252,127.0158938,1,1,3,0.32666666666666666,0.021135111514390924
398,5C14F5FBA3,도미********,피자2,서울 성동구,피자,,20140410,,성수동1가,서울특별시 성동구 뚝섬로 327,서울특별시 성동구 성수동1가 656-365,37.54104194,127.0474239,0,1,2,0.12666666666666665,0.001318151180327725
399,D395BA1A40,10**,,서울 성동구,일식당,성수,20100607,,성수동1가,서울특별시 성동구 뚝섬로 341-8,서울특별시 성동구 성수동1가 72-100,37.540716,127.0486566,0,1,3,0.16,0.0011980112560001132
400,A256E0BDFC,칠성**,,서울 성동구,한식-육류/고기,성수,20020404,,성수동2가,서울특별시 성동구 뚝섬로 401-2,서울특별시 성동구 성수동2가 331-2,37.53894788,127.0554031,0,0,1,0.03333333333333333,0.0009935844322822686
401,098A971F35,생태***,,서울 성동구,한식-해물/생선,성수,20090220,,성수동2가,서울특별시 성동구 뚝섬로 408-7,서울특별시 성동구 성수동2가 331-27,37.53846027,127.0555634,0,0,1,0.03333333333333333,0.0009612483597542092
402,C8DB619114,고흥*,,서울 성동구,백반/가정식,성수,20141202,,성수동1가,서울특별시 성동구 뚝섬로3길 9,서울특별시 성동구 성수동1가 72-15,37.54104532,127.0493075,0,1,3,0.16,0.001211524945573708
403,05354D332D,정원**,,서울 성동구,한식-단품요리일반,왕십리,20010727,,홍익동,서울특별시 성동구 마장로 220-5,서울특별시 성동구 홍익동 209,37.56606384,127.0343626,0,1,5,0.22666666666666668,0.0017396345005438265
404,E45CC78273,시온**,,서울 성동구,식료품,왕십리,20100107,,홍익동,서울특별시 성동구 마장로 230-1,서울특별시 성동구 홍익동 123,37.56602929,127.0354291,0,1,5,0.22666666666666668,0.0017993597495077312
405,B0FAF5B316,달무*,,서울 성동구,떡/한과 제조,,20191108,,마장동,서울특별시 성동구 마장로 296,서울특별시 성동구 마장동 791-9,37.56570224,127.0427574,1,1,5,0.3933333333333333,0.005338961636487166
406,0B2BB3D26D,70*****,,서울 성동구,룸살롱/단란주점,,20170116,,마장동,서울특별시 성동구 마장로 309,서울특별시 성동구 마장동 771-8,37.56684755,127.0435803,1,2,3,0.3866666666666666,0.0032326953510937477
407,6D320602C6,삼겹****,,서울 성동구,한식-육류/고기,왕십리,20110221,,마장동,서울특별시 성동구 마장로27길 2,서울특별시 성동구 마장동 566-28,37.56643335,127.0349527,0,0,5,0.16666666666666669,0.0016828544829939097
408,BFA11D536A,풀코*,,서울 성동구,호프/맥주,,20040420,,마장동,서울특별시 성동구 마장로27길 6,서울특별시 성동구 마장동 566-37,37.56672366,127.034626,0,0,5,0.16666666666666669,0.0016102908172132492
409,6E3F359ACF,마장*,,서울 성동구,백반/가정식,,20040513,,마장동,서울특별시 성동구 마장로42길 2,서울특별시 성동구 마장동 782-4,37.56648202,127.0442987,1,2,5,0.4533333333333333,0.0028483454904121137
410,AF2688FD34,장모**,한식-육류/고기22,서울 성동구,한식-육류/고기,한양대,20061121,,행당동,서울특별시 성동구 마조로 15-10,서울특별시 성동구 행당동 19-97,37.55911466,127.040276,0,3,4,0.31333333333333335,0.002216614955204102
411,F8A9873648,돈쫄******,,서울 성동구,일식-덮밥/돈가스,한양대,20170221,,행당동,서울특별시 성동구 마조로 15-2,서울특별시 성동구 행당동 19-85,37.55921465,127.0405938,0,3,5,0.3466666666666667,0.0021835357532369115
412,8532370698,싸구**,,서울 성동구,포장마차,한양대,20160610,,행당동,서울특별시 성동구 마조로 15-3,서울특별시 성동구 행당동 19-107,37.55907188,127.0404984,0,3,4,0.31333333333333335,0.002162283115520402
413,0BD65CD437,블랙****,,서울 성동구,호프/맥주,한양대,20161122,,행당동,서울특별시 성동구 마조로 15-6,서울특별시 성동구 행당동 19-111,37.55924345,127.0404316,0,3,5,0.3466666666666667,0.0022254172311973247
414,F293AC18EB,짱*,,서울 성동구,한식-육류/고기,한양대,20040915,,행당동,서울특별시 성동구 마조로 15-6,서울특별시 성동구 행당동 19-111,37.55924345,127.0404316,0,3,5,0.3466666666666667,0.0022254172311973247
415,95EBE36D82,한양***,,서울 성동구,식품 제조,한양대,20060202,,행당동,서울특별시 성동구 마조로 19-10,서울특별시 성동구 행당동 19-49,37.5597853,127.0404768,0,3,5,0.3466666666666667,0.0023934484370487343
416,F88A12BCAB,한우**,,서울 성동구,한식-육류/고기,,20241112,,마장동,서울특별시 성동구 마조로19길 7,서울특별시 성동구 마장동 797-90,37.56496719,127.0407617,0,3,5,0.3466666666666667,0.0024030357401009436
417,80012F987D,타로*******,,서울 성동구,카페,한양대,20090608,,행당동,서울특별시 성동구 마조로1길 2,서울특별시 성동구 행당동 20-17,37.55837196,127.0402988,0,4,4,0.3733333333333333,0.002013329953416041
418,E8BDFFAD07,도스**,기타세계요리1,서울 성동구,기타세계요리,한양대,20140220,,행당동,서울특별시 성동구 마조로1길 2,서울특별시 성동구 행당동 20-17,37.55837196,127.0402988,0,4,4,0.3733333333333333,0.002013329953416041
419,98C1A0A96B,행*,,서울 성동구,일식-덮밥/돈가스,한양대,20140205,,행당동,서울특별시 성동구 마조로1길 2,서울특별시 성동구 행당동 20-17,37.55837196,127.0402988,0,4,4,0.3733333333333333,0.002013329953416041
420,582577A831,나그***,,서울 성동구,요리주점,한양대,20080414,,행당동,서울특별시 성동구 마조로1길 4,서울특별시 성동구 행당동 20-16,37.55829884,127.0401763,0,4,4,0.3733333333333333,0.0020070059559902575
421,79423CC5CA,토속***,,서울 성동구,한식-단품요리일반,한양대,20080828,,행당동,서울특별시 성동구 마조로1길 4,서울특별시 성동구 행당동 20-16,37.55829884,127.0401763,0,4,4,0.3733333333333333,0.0020070059559902575
422,9643B485DF,카페***,,서울 성동구,커피전문점,한양대,20171221,,행당동,서울특별시 성동구 마조로1길 6,서울특별시 성동구 행당동 158-4,37.55834379,127.0399482,0,4,4,0.3733333333333333,0.0020365601676597435
423,7B396AAF59,전도*,,서울 성동구,한식-단품요리일반,한양대,20160420,,행당동,서울특별시 성동구 마조로3길 8,서울특별시 성동구 행당동 19-96,37.55865075,127.0399744,0,4,4,0.3733333333333333,0.0021199973073436373
424,4F68679BB6,더벤*,커피전문점1,서울 성동구,커피전문점,한양대,20150515,,행당동,서울특별시 성동구 마조로5길 4,서울특별시 성동구 행당동 4-33,37.56011674,127.0405752,0,3,5,0.3466666666666667,0.002476186505812899
425,9E2D544C88,당나**********,,서울 성동구,포장마차,한양대,20160809,,행당동,서울특별시 성동구 마조로5길 9,서울특별시 성동구 행당동 19-59,37.55989237,127.0400933,0,3,5,0.3466666666666667,0.002570441814035258
426,E4C7CD6FBB,치킨*******,치킨33,서울 성동구,치킨,한양대,20140924,,행당동,서울특별시 성동구 마조로7길 11,서울특별시 성동구 행당동 3-9,37.56069754,127.0399773,1,3,5,0.5133333333333334,0.0030644119221356616
427,1BC90B10EC,곱창***,,서울 성동구,한식-육류/고기,한양대,20010927,,행당동,서울특별시 성동구 마조로7길 12,서울특별시 성동구 행당동 1-50,37.56087852,127.0400828,1,3,5,0.5133333333333334,0.0030826719495055436
428,28BE1401AB,육회***,백반/가정식18,서울 성동구,백반/가정식,한양대,20150724,,행당동,서울특별시 성동구 마조로7길 5,서울특별시 성동구 행당동 3-14,37.56069146,127.0406549,0,3,5,0.3466666666666667,0.0026355005082065596
429,0732DD7F6A,내가***,한식-육류/고기5,서울 성동구,한식-육류/고기,한양대,20150804,,행당동,서울특별시 성동구 마조로7길 5,서울특별시 성동구 행당동 3-14,37.56069146,127.0406549,0,3,5,0.3466666666666667,0.0026355005082065596
430,41BCC06E83,압구***********,,서울 성동구,한식-육류/고기,한양대,20160314,,행당동,서울특별시 성동구 마조로7길 8,서울특별시 성동구 행당동 1-68,37.56086526,127.0404021,0,3,5,0.3466666666666667,0.002844153290780395
431,6C1F093FD7,뺑드*,,서울 성동구,베이커리,한양대,20230105,,행당동,서울특별시 성동구 마조로9길 5,서울특별시 성동구 행당동 1-89,37.56117085,127.0407387,0,3,5,0.3466666666666667,0.0027173296497191714
432,9A2D5845EB,무한**,,서울 성동구,한식-육류/고기,한양대,20130625,,행당동,서울특별시 성동구 마조로9길 8,서울특별시 성동구 행당동 1-82,37.5613607,127.0406923,0,3,5,0.3466666666666667,0.0027838797099695714
433,0AE494A908,소마*****,,서울 성동구,농산물,옥수,20160321,,옥수동,서울특별시 성동구 매봉길 16-32,서울특별시 성동구 옥수동 517-7,37.5454965,127.0163367,0,2,3,0.22,0.0019132927689659834
434,4FF64DE415,신금********,,서울 성동구,한식-육류/고기,신금호,20100609,20250710.0,금호동2가,서울특별시 성동구 무수막길 89,서울특별시 성동구 금호동2가 464,37.55366491,127.0201084,1,1,2,0.29333333333333333,0.002934187157721659
435,0D76004886,멋진*,,서울 성동구,치킨,신금호,20021203,,금호동2가,서울특별시 성동구 무수막길 90,서울특별시 성동구 금호동2가 463,37.55383013,127.0202463,1,1,2,0.29333333333333333,0.003411683434025628
436,5779AEFA66,미소**,,서울 성동구,분식,신금호,20151104,,금호동2가,서울특별시 성동구 무수막길 92,서울특별시 성동구 금호동2가 453,37.55394592,127.0201796,1,1,2,0.29333333333333333,0.003836133449934158
437,A6EDA7FB67,든든****,,서울 성동구,떡/한과 제조,신금호,20161017,,금호동2가,서울특별시 성동구 무수막길 94,서울특별시 성동구 금호동2가 452,37.55406062,127.0201608,1,1,2,0.29333333333333333,0.004442015797222837
438,4E530BFB48,치킨***,,서울 성동구,호프/맥주,,20160704,,홍익동,서울특별시 성동구 무학로 20-1,서울특별시 성동구 홍익동 400,37.56594522,127.030274,1,1,3,0.32666666666666666,0.0019898330130866232
439,537EED164B,다*,,서울 성동구,백반/가정식,왕십리,20050829,,도선동,서울특별시 성동구 무학로2길 23,서울특별시 성동구 도선동 311-25,37.56388595,127.0324816,0,3,5,0.3466666666666667,0.0021569860523262445
440,2816E24ED9,호호***,,서울 성동구,한식-육류/고기,왕십리,20110530,,도선동,서울특별시 성동구 무학로2길 31,서울특별시 성동구 도선동 212-1,37.56336896,127.03345,0,4,5,0.4066666666666667,0.002286898584554143
441,6B4688F13F,달인***,,서울 성동구,한식-육류/고기,왕십리,19990116,,도선동,서울특별시 성동구 무학로2길 37,서울특별시 성동구 도선동 211,37.56321731,127.0337931,0,4,5,0.4066666666666667,0.0023853913876907746
442,08AFA3AAA2,헤라******,,서울 성동구,일반 유흥주점,왕십리,20160602,,도선동,서울특별시 성동구 무학로2길 43,서울특별시 성동구 도선동 144,37.56285546,127.0344615,0,4,5,0.4066666666666667,0.002714006746350599
443,8634C80463,싼타*,,서울 성동구,룸살롱/단란주점,왕십리,20080326,,도선동,서울특별시 성동구 무학로2길 44,서울특별시 성동구 도선동 64,37.56269071,127.0343046,0,4,5,0.4066666666666667,0.002699930845340187
444,5DEA8CA245,조마****,한식-감자탕1,서울 성동구,한식-감자탕,왕십리,19980818,,도선동,서울특별시 성동구 무학로2길 46,서울특별시 성동구 도선동 68,37.56244521,127.0345592,0,3,5,0.3466666666666667,0.0029153739995687812
445,EAC8D706B1,바다**,,서울 성동구,한식-해물/생선,왕십리,20070724,,도선동,서울특별시 성동구 무학로2길 48,서울특별시 성동구 도선동 43,37.56238876,127.0346948,0,3,5,0.3466666666666667,0.003024697905297282
446,5B33B06965,진성**,,서울 성동구,농산물,왕십리,20130611,,홍익동,서울특별시 성동구 무학로6길 29,서울특별시 성동구 홍익동 278-6,37.56512824,127.0334651,0,2,4,0.2533333333333333,0.0019134381688142045
447,88F30EBFE9,함흥*****,,서울 성동구,한식-냉면,왕십리,20080417,,하왕십리동,서울특별시 성동구 무학봉16길 1,서울특별시 성동구 하왕십리동 975-36,37.56135742,127.0313727,0,3,5,0.3466666666666667,0.0020698259629741153
448,C0CA103816,농부**,,서울 성동구,미곡상,왕십리,20151231,,하왕십리동,서울특별시 성동구 무학봉길 82,서울특별시 성동구 하왕십리동 975-20,37.5615202,127.0314985,0,4,5,0.4066666666666667,0.0020925880276603105
449,5DA080BB02,깜장***,,서울 성동구,한식-육류/고기,왕십리,20141112,,하왕십리동,서울특별시 성동구 무학봉길 95,서울특별시 성동구 하왕십리동 966-9,37.56270249,127.0321535,0,3,5,0.3466666666666667,0.0022090467599792498
450,C0A51FB362,타이******************,,서울 성동구,동남아/인도음식,한양대,20161017,,사근동,서울특별시 성동구 사근동8길 3,서울특별시 성동구 사근동 178,37.56061541,127.0471949,0,1,4,0.19333333333333333,0.001627696656262741
451,9F2544F7AA,7번********,피자1,서울 성동구,피자,한양대,20160608,,사근동,서울특별시 성동구 사근동길 18,서울특별시 성동구 사근동 309-28,37.56058858,127.0431496,0,1,6,0.26,0.0018336357364498897
452,D72BC9D1A2,카페****,,서울 성동구,카페,한양대,20211125,,사근동,서울특별시 성동구 사근동길 59,서울특별시 성동구 사근동 204-3,37.56106073,127.0475318,0,1,4,0.19333333333333333,0.0017059873429236777
453,41D474F092,행복***,,서울 성동구,베이커리,한양대,20091127,,사근동,서울특별시 성동구 사근동길 59,서울특별시 성동구 사근동 204-3,37.56106073,127.0475318,0,1,4,0.19333333333333333,0.0017059873429236777
454,5B1438B461,영희*******,,서울 성동구,한식-국수/만두,한양대,20160401,,사근동,서울특별시 성동구 사근동길 66,서울특별시 성동구 사근동 204-11,37.56099589,127.0481271,0,1,4,0.19333333333333333,0.0017899126613629493
455,9C3495D73F,한솥************,도시락3,서울 성동구,도시락,한양대,20110228,,사근동,서울특별시 성동구 사근동길 68,서울특별시 성동구 사근동 200-5,37.5610768,127.0483516,0,1,4,0.19333333333333333,0.0018502547380125974
456,8ACE476158,하이*,,서울 성동구,호프/맥주,한양대,20110304,,사근동,서울특별시 성동구 사근동길 68,서울특별시 성동구 사근동 200-5,37.5610768,127.0483516,0,1,4,0.19333333333333333,0.0018502547380125974
457,498B5C1AB7,셰프*****,,서울 성동구,일식-덮밥/돈가스,한양대,20160627,,사근동,서울특별시 성동구 사근동길 68,서울특별시 성동구 사근동 200-5,37.5610768,127.0483516,0,1,4,0.19333333333333333,0.0018502547380125974
458,3B8E59372C,충청**,,서울 성동구,식료품,마장동,20220330,,마장동,서울특별시 성동구 살곶이길 18,서울특별시 성동구 마장동 525-1,37.57138254,127.0405195,0,1,3,0.16,0.0016517289580644252
459,F959F7E85C,전봇**,,서울 성동구,백반/가정식,마장동,20060302,,마장동,서울특별시 성동구 살곶이길 18,서울특별시 성동구 마장동 525-1,37.57138254,127.0405195,0,1,3,0.16,0.0016517289580644252
460,479160DAA8,남원*,,서울 성동구,한식-육류/고기,마장동,20060302,,마장동,서울특별시 성동구 살곶이길 18,서울특별시 성동구 마장동 525-1,37.57138254,127.0405195,0,1,3,0.16,0.0016517289580644252
461,EC917AB57E,쌍둥**,,서울 성동구,한식-육류/고기,마장동,20060302,,마장동,서울특별시 성동구 살곶이길 18,서울특별시 성동구 마장동 525-1,37.57138254,127.0405195,0,1,3,0.16,0.0016517289580644252
462,E9DBF3BFCA,마장***,,서울 성동구,한식-육류/고기,마장동,20090306,,마장동,서울특별시 성동구 살곶이길 18,서울특별시 성동구 마장동 525-1,37.57138254,127.0405195,0,1,3,0.16,0.0016517289580644252
463,0D5913A247,빨간***,,서울 성동구,한식-육류/고기,마장동,20091030,,마장동,서울특별시 성동구 살곶이길 18,서울특별시 성동구 마장동 525-1,37.57138254,127.0405195,0,1,3,0.16,0.0016517289580644252
464,3A770A3C62,종필****,,서울 성동구,한식-육류/고기,마장동,20101223,,마장동,서울특별시 성동구 살곶이길 18,서울특별시 성동구 마장동 525-1,37.57138254,127.0405195,0,1,3,0.16,0.0016517289580644252
465,452A2E0AD8,전주***,,서울 성동구,한식-육류/고기,마장동,20120829,,마장동,서울특별시 성동구 살곶이길 18,서울특별시 성동구 마장동 525-1,37.57138254,127.0405195,0,1,3,0.16,0.0016517289580644252
466,2265D9F8B3,마장****,,서울 성동구,한식-육류/고기,마장동,20130710,,마장동,서울특별시 성동구 살곶이길 18,서울특별시 성동구 마장동 525-1,37.57138254,127.0405195,0,1,3,0.16,0.0016517289580644252
467,47ED27ED3A,손건************,,서울 성동구,한식-육류/고기,마장동,20200716,,마장동,서울특별시 성동구 살곶이길 18,서울특별시 성동구 마장동 525-1,37.57138254,127.0405195,0,1,3,0.16,0.0016517289580644252
468,DE7F19C8F6,청계****,,서울 성동구,한식-육류/고기,마장동,20231117,,마장동,서울특별시 성동구 살곶이길 18,서울특별시 성동구 마장동 525-1,37.57138254,127.0405195,0,1,3,0.16,0.0016517289580644252
469,F3B534E564,권영******,,서울 성동구,한식-단품요리일반,마장동,20060306,,마장동,서울특별시 성동구 살곶이길 18,서울특별시 성동구 마장동 525-1,37.57138254,127.0405195,0,1,3,0.16,0.0016517289580644252
470,243EFCA58C,경기*,,서울 성동구,한식-육류/고기,마장동,20060306,,마장동,서울특별시 성동구 살곶이길 40,서울특별시 성동구 마장동 437,37.57125885,127.0412652,0,2,3,0.22,0.001641707326743237
471,74F5A7BE5E,빠삐*,,서울 성동구,베이커리,,20150917,,마장동,서울특별시 성동구 살곶이길 50,서울특별시 성동구 마장동 818,37.5696275,127.041524,0,2,3,0.22,0.0017142328209505803
472,61A3133822,낫띵***,,서울 성동구,카페,뚝섬,20200615,,성수동1가,서울특별시 성동구 상원12길 19,서울특별시 성동구 성수동1가 13-248,37.55073003,127.049811,0,1,2,0.12666666666666665,0.0013223536646945217
473,F64BE13740,성수*******************,,서울 성동구,한식-찌개/전골,뚝섬,20070829,,성수동1가,서울특별시 성동구 상원12길 30,서울특별시 성동구 성수동1가 13-214,37.55004005,127.0506634,0,1,2,0.12666666666666665,0.0013365229504727152
474,90825ECD46,짚랩***,,서울 성동구,식료품,뚝섬,20240502,,성수동1가,서울특별시 성동구 상원1길 25,서울특별시 성동구 성수동1가 656-1572,37.54585594,127.047978,1,2,3,0.3866666666666666,0.0024028451211051778
475,E4A9ECB7B9,커피******,카페11,서울 성동구,카페,뚝섬,20140310,,성수동1가,서울특별시 성동구 상원6나길 6,서울특별시 성동구 성수동1가 13-304,37.54854921,127.0492861,0,1,3,0.16,0.0018160376980100722
476,FD13D7996E,상원**,,서울 성동구,청과물,뚝섬,20160811,,성수동1가,서울특별시 성동구 상원길 47-1,서울특별시 성동구 성수동1가 656-390,37.54835017,127.0482069,1,1,2,0.29333333333333333,0.002301042391064481
477,DBD3191157,짬뽕******,,서울 성동구,중식당,뚝섬,20140415,,성수동1가,서울특별시 성동구 서울숲6길 21,서울특별시 성동구 성수동1가 668-10,37.54752573,127.0438886,0,2,2,0.18666666666666665,0.0017397171256454934
478,348CC434D7,뚝섬****,,서울 성동구,농산물,성수,20070705,,성수동2가,서울특별시 성동구 성덕정15길 2,서울특별시 성동구 성수동2가 335-121,37.53786859,127.053797,0,0,1,0.03333333333333333,0.0009170087996942458
479,66BFBD2ADE,강남***,,서울 성동구,한식-단품요리일반,성수,20090128,,성수동2가,서울특별시 성동구 성덕정15길 5,서울특별시 성동구 성수동2가 339-123,37.53809129,127.0536652,0,0,1,0.03333333333333333,0.0009297831210516621
480,D6267FEEEA,숙영**,,서울 성동구,한식-단품요리일반,성수,20110411,,성수동2가,서울특별시 성동구 성덕정15길 5,서울특별시 성동구 성수동2가 339-123,37.53809129,127.0536652,0,0,1,0.03333333333333333,0.0009297831210516621
481,B9BF272ED9,삼미*****,,서울 성동구,한식-국수/만두,성수,20130225,,성수동2가,서울특별시 성동구 성덕정15길 7,서울특별시 성동구 성수동2가 339-113,37.53829781,127.0536512,0,0,1,0.03333333333333333,0.0009427629808476447
482,D2CDCFE2D4,뚝도***,,서울 성동구,한식-단품요리일반,성수,20080220,,성수동2가,서울특별시 성동구 성덕정17길 6,서울특별시 성동구 성수동2가 566-36,37.53778381,127.055352,0,0,1,0.03333333333333333,0.000920772939964077
483,BEFFE2D107,홍보*,,서울 성동구,중식당,성수,20030307,,성수동1가,서울특별시 성동구 성덕정7길 13,서울특별시 성동구 성수동1가 35-4,37.53915935,127.0497164,0,0,1,0.03333333333333333,0.0010095196098207997
484,641DC575A8,미리*,,서울 성동구,백반/가정식,성수,20121123,,성수동1가,서울특별시 성동구 성덕정9길 4,서울특별시 성동구 성수동1가 252-3,37.5386003,127.0496824,0,0,1,0.03333333333333333,0.0009695432403734659
485,04F03995B9,순심**,,서울 성동구,한식-육류/고기,성수,20131017,,성수동2가,서울특별시 성동구 성덕정길 111,서울특별시 성동구 성수동2가 570-3,37.53715805,127.0557707,0,0,0,0.0,0.0008918499867472419
486,D44E72CCFC,시골**,,서울 성동구,한식-육류/고기,,20080324,,성수동2가,서울특별시 성동구 성덕정길 129,서울특별시 성동구 성수동2가 224-18,37.53669279,127.0577948,0,0,0,0.0,0.0009174487899077103
487,8BF6153353,불*,,서울 성동구,백반/가정식,,20090918,,성수동2가,서울특별시 성동구 성덕정길 132,서울특별시 성동구 성수동2가 220-17,37.53649701,127.0579597,0,0,0,0.0,0.0009159342331243115
488,D2DAE82D97,카네*,,서울 성동구,호프/맥주,,20110523,,성수동2가,서울특별시 성동구 성덕정길 140,서울특별시 성동구 성수동2가 213-20,37.5364557,127.0587911,0,0,0,0.0,0.0009401699197530998
489,22EA4127C0,유*,,서울 성동구,요리주점,,20110201,,성수동2가,서울특별시 성동구 성덕정길 142,서울특별시 성동구 성수동2가 212-12,37.53641837,127.0590221,0,0,0,0.0,0.000946768373527504
490,A08E13694C,무등*,,서울 성동구,백반/가정식,,20151218,,성수동2가,서울특별시 성동구 성덕정길 150,서울특별시 성동구 성수동2가 209-1,37.53629412,127.0599125,0,0,1,0.03333333333333333,0.0009757550570222142
491,2CA32048EF,오복**,,서울 성동구,떡/한과 제조,성수,20070823,,성수동1가,서울특별시 성동구 성덕정길 32,서울특별시 성동구 성수동1가 142-3,37.5389523,127.0470805,0,0,1,0.03333333333333333,0.0010374264013129721
492,2540E29770,홍도**,,서울 성동구,백반/가정식,성수,20150213,,성수동1가,서울특별시 성동구 성덕정길 34,서울특별시 성동구 성수동1가 172,37.53885929,127.0473801,0,0,1,0.03333333333333333,0.0010236509678596534
493,62968F5FF3,두근****,,서울 성동구,축산물,성수,20140625,,성수동1가,서울특별시 성동구 성덕정길 40,서울특별시 성동구 성수동1가 196-2,37.53867634,127.0479426,0,0,1,0.03333333333333333,0.0009977455415509794
494,A2E3C22A56,성연******,,서울 성동구,한식-국밥/설렁탕,성수,20111219,,성수동1가,서울특별시 성동구 성덕정길 53,서울특별시 성동구 성수동1가 250-1,37.53844437,127.0495945,0,0,1,0.03333333333333333,0.0009598517644410755
495,3DE26BC841,BH*****,치킨3,서울 성동구,치킨,성수,20150605,,성수동1가,서울특별시 성동구 성덕정길 56,서울특별시 성동구 성수동1가 237-2,37.53813164,127.0495818,0,0,1,0.03333333333333333,0.0009399124547774067
496,F305B5BE93,비비***,치킨2,서울 성동구,치킨,성수,20140609,,성수동1가,서울특별시 성동구 성덕정길 59,서울특별시 성동구 성수동1가 246-1,37.53819069,127.0501263,0,0,1,0.03333333333333333,0.0009393858342780798
497,E03321589B,앙심*****,,서울 성동구,한식-육류/고기,성수,20150527,,성수동2가,서울특별시 성동구 성덕정길 74,서울특별시 성동구 성수동2가 347-2,37.53792289,127.0516512,0,0,0,0.0,0.0009126214773669189
498,6F0D9A7C86,압구**********,,서울 성동구,샌드위치/토스트,성수,20240725,,성수동2가,서울특별시 성동구 성덕정길 77,서울특별시 성동구 성수동2가 345-8,37.53805192,127.0520431,0,0,0,0.0,0.0009191491672018365
499,94128748C0,행닭*****,,서울 성동구,치킨,성수,20130821,,성수동2가,서울특별시 성동구 성덕정길 95,서울특별시 성동구 성수동2가 335-146,37.53766678,127.0541625,0,0,1,0.03333333333333333,0.0009074533385418122
500,5998DB8346,십오***,,서울 성동구,떡/한과 제조,성수,20101213,,성수동2가,서울특별시 성동구 성덕정길 95,서울특별시 성동구 성수동2가 335-146,37.53766678,127.0541625,0,0,1,0.03333333333333333,0.0009074533385418122
501,08A6BC229A,또치*******,,서울 성동구,한식-육류/고기,성수,20020416,,성수동2가,서울특별시 성동구 성덕정길 99,서울특별시 성동구 성수동2가 335-141,37.53759521,127.0546237,0,0,1,0.03333333333333333,0.0009062544336320462
502,319DABE70F,풍년**,,서울 성동구,백반/가정식,성수,20050922,,성수동2가,서울특별시 성동구 성수이로 126,서울특별시 성동구 성수동2가 277-20,37.54611519,127.0577671,0,1,1,0.09333333333333332,0.0015583753875935
503,5424DBE00D,DS*******,,서울 성동구,농산물,성수,20150130,,성수동2가,서울특별시 성동구 성수이로 22,서울특별시 성동구 성수동2가 532-15,37.53711244,127.0542765,0,0,0,0.0,0.0008786053242696622
504,2D7EEFFB71,뚝도**,,서울 성동구,일식당,성수,20160511,,성수동2가,서울특별시 성동구 성수이로 31,서울특별시 성동구 성수동2가 335-61,37.53808116,127.0543513,0,0,1,0.03333333333333333,0.0009326834796077425
505,FCA7A6787B,로스*****,,서울 성동구,카페,성수,20210204,,성수동2가,서울특별시 성동구 성수이로 45,서울특별시 성동구 성수동2가 339-28,37.5391996,127.0548588,0,0,1,0.03333333333333333,0.00101123936269408
506,103A5AE48B,성수*****,,서울 성동구,베이커리,성수,20230526,,성수동2가,서울특별시 성동구 성수이로 45,서울특별시 성동구 성수동2가 339-28,37.5391996,127.0548588,0,0,1,0.03333333333333333,0.00101123936269408
507,7A3D6D3CF9,로스*****,,서울 성동구,식품 제조,성수,20200123,,성수동2가,서울특별시 성동구 성수이로 45,서울특별시 성동구 성수동2가 339-28,37.5391996,127.0548588,0,0,1,0.03333333333333333,0.00101123936269408
508,2DCB06D5D5,김가***********,분식1,서울 성동구,분식,성수,20111108,,성수동2가,서울특별시 성동구 성수이로 51,서울특별시 성동구 성수동2가 325-2,37.54027646,127.055101,0,1,1,0.09333333333333332,0.00111165709341232
509,D413A3CF88,성수**,,서울 성동구,호프/맥주,성수,20160704,,성수동2가,서울특별시 성동구 성수이로 69,서울특별시 성동구 성수동2가 320-4,37.54136841,127.055611,0,1,1,0.09333333333333332,0.0012759630413924168
510,5D4EDA13E3,건너*,,서울 성동구,한식-육류/고기,성수,20161102,,성수동2가,서울특별시 성동구 성수이로 75,서울특별시 성동구 성수동2가 320-1,37.54182407,127.0559293,0,1,1,0.09333333333333332,0.0013749746514165283
511,71CEE18F61,예빈*,,서울 성동구,식료품,성수,20120907,,성수동2가,서울특별시 성동구 성수이로 87,서울특별시 성동구 성수동2가 315-7,37.54273107,127.0562115,0,1,1,0.09333333333333332,0.0016957305651523387
512,BDD7EBEC25,전광***,카페8,서울 성동구,카페,성수,20040525,,성수동1가,서울특별시 성동구 성수일로 10,서울특별시 성동구 성수동1가 72-8,37.54127806,127.0488281,0,1,3,0.16,0.0012685104133395523
513,D9D5B30E21,뺑드**,,서울 성동구,베이커리,성수,20180129,,성수동1가,서울특별시 성동구 성수일로 20,서울특별시 성동구 성수동1가 25-2,37.54226691,127.0490418,0,1,3,0.16,0.0014013327894969025
514,6E35613130,토*,,서울 성동구,베이커리,성수,20180109,,성수동1가,서울특별시 성동구 성수일로 33,서울특별시 성동구 성수동1가 22-28,37.54364277,127.0491876,0,2,3,0.22,0.0015842119195550457
515,A462C0C36E,룻의***,,서울 성동구,식료품,,20231030,,성수동1가,서울특별시 성동구 성수일로 47,서울특별시 성동구 성수동1가 16-8,37.54473662,127.0495183,0,2,3,0.22,0.001698484953553446
516,431B6E7893,라이*,,서울 성동구,중식당,뚝섬,20140212,,성수동1가,서울특별시 성동구 성수일로 77,서울특별시 성동구 성수동1가 13-164,37.54740494,127.0503435,0,1,3,0.16,0.00173296397095996
517,16CBDF3A48,강남**,백반/가정식1,서울 성동구,백반/가정식,뚝섬,20130711,,성수동1가,서울특별시 성동구 성수일로 77,서울특별시 성동구 성수동1가 13-164,37.54740494,127.0503435,0,1,3,0.16,0.00173296397095996
518,FDC6438DD6,이화***************,,서울 성동구,한식-국밥/설렁탕,뚝섬,20160802,,성수동1가,서울특별시 성동구 성수일로 77,서울특별시 성동구 성수동1가 13-164,37.54740494,127.0503435,0,1,3,0.16,0.00173296397095996
519,1F0AAE3EBE,윤*,,서울 성동구,일식-덮밥/돈가스,뚝섬,20191211,,성수동1가,서울특별시 성동구 성수일로 99,서울특별시 성동구 성수동1가 13-207,37.54947012,127.0511874,0,1,2,0.12666666666666665,0.001354309429581821
520,F789DAA8C6,곱창**,,서울 성동구,한식-육류/고기,,20150921,,송정동,서울특별시 성동구 송정12길 15,서울특별시 성동구 송정동 73-581,37.54950733,127.0667132,0,0,1,0.03333333333333333,0.0009933927331940509
521,B2AFB01CC4,종가***,,서울 성동구,한식-단품요리일반,뚝섬,20130522,,성수동1가,서울특별시 성동구 아차산로 20,서울특별시 성동구 성수동1가 8-5,37.54724868,127.0466944,1,2,2,0.3533333333333333,0.004370329835294266
522,82090124F0,백억******,,서울 성동구,카페,뚝섬,20160518,,성수동1가,서울특별시 성동구 아차산로 49,서울특별시 성동구 성수동1가 14-18,37.54678762,127.0500373,0,1,3,0.16,0.0018409938567394192
523,314D6B5043,하남********,한식-육류/고기30,서울 성동구,한식-육류/고기,성수,20160517,,성수동2가,서울특별시 성동구 아차산로 85,서울특별시 성동구 성수동2가 300-10,37.54558426,127.0536851,0,1,2,0.12666666666666665,0.001730084514667341
524,AD57E72BC9,하루*******************,,서울 성동구,카페,성수,20161012,20250801.0,성수동2가,서울특별시 성동구 아차산로 92,서울특별시 성동구 성수동2가 314-5,37.54475239,127.0542425,1,1,2,0.29333333333333333,0.0021128550257704043
525,C5BB2467D5,황금**,,서울 성동구,일식당,성수,20090813,,성수동2가,서울특별시 성동구 아차산로 96,서울특별시 성동구 성수동2가 314-6,37.54461633,127.0544553,1,1,2,0.29333333333333333,0.0022919575165928543
526,3530EB5DBA,청춘****,,서울 성동구,한식-육류/고기,성수,20130319,,성수동2가,서울특별시 성동구 아차산로 96,서울특별시 성동구 성수동2가 314-6,37.54461633,127.0544553,1,1,2,0.29333333333333333,0.0022919575165928543
527,7871F0B0DE,장*,,서울 성동구,한식-단품요리일반,,20080508,,성수동2가,서울특별시 성동구 연무장17길 6,서울특별시 성동구 성수동2가 275-75,37.54136074,127.0612828,0,0,2,0.06666666666666667,0.001165186871618065
528,297AE548DB,문츠***,,서울 성동구,한식-단품요리일반,성수,20170811,,성수동2가,서울특별시 성동구 연무장5길 6,서울특별시 성동구 성수동2가 316-6,37.54363416,127.0524339,0,1,3,0.16,0.0014993538561345187
529,A62225962A,에이***,,서울 성동구,피자,성수,20220711,,성수동2가,서울특별시 성동구 연무장길 39,서울특별시 성동구 성수동2가 316-43,37.5430408,127.0537593,0,1,2,0.12666666666666665,0.0015666674952511765
530,FE3AAF5CCD,세계*********,,서울 성동구,식료품,서면역,20220428,,성수동2가,서울특별시 성동구 연무장길 77,서울특별시 성동구 성수동2가 273-46,37.54181115,127.0578819,0,1,1,0.09333333333333332,0.0012877493929056949
531,25FA6C0D0D,플라*******,,서울 성동구,피자,,20220128,,성수동2가,서울특별시 성동구 연무장길 84,서울특별시 성동구 성수동2가 271-19,37.5413889,127.0585203,0,1,1,0.09333333333333332,0.0011971050888430277
532,74D5125FD6,베스****,,서울 성동구,담배,뚝섬,20100920,,성수동1가,서울특별시 성동구 왕십리로 102,서울특별시 성동구 성수동1가 656-604,37.54662743,127.044872,0,2,2,0.18666666666666665,0.002075438658942574
533,6A4747F757,에이********,,서울 성동구,호프/맥주,뚝섬,19990917,,성수동1가,서울특별시 성동구 왕십리로 104,서울특별시 성동구 성수동1가 656-968,37.54682636,127.0448864,0,2,2,0.18666666666666665,0.002068332728467402
534,3A286DF61F,짱호***,,서울 성동구,치킨,,20060821,,행당동,서울특별시 성동구 왕십리로 275,서울특별시 성동구 행당동 133-5,37.55891814,127.0370096,0,3,5,0.3466666666666667,0.0025357500884440895
535,972280B725,전주*,,서울 성동구,백반/가정식,왕십리,20050615,,행당동,서울특별시 성동구 왕십리로 294,서울특별시 성동구 행당동 198-3,37.56051477,127.0362159,2,3,5,0.6799999999999999,0.00451395364956825
536,3842954B95,은좌**,,서울 성동구,백반/가정식,왕십리,20010630,,도선동,서울특별시 성동구 왕십리로 330,서울특별시 성동구 도선동 256-7,37.56292328,127.0332705,0,4,5,0.4066666666666667,0.0023311304364643515
537,84C667217B,시골****,,서울 성동구,한식-해물/생선,왕십리,20130104,,하왕십리동,서울특별시 성동구 왕십리로 355,서울특별시 성동구 하왕십리동 957,37.56371142,127.0304873,1,1,5,0.3933333333333333,0.002809965575325604
538,AA429ED22A,라빠*****,,서울 성동구,호프/맥주,,20150902,,하왕십리동,서울특별시 성동구 왕십리로 357,서울특별시 성동구 하왕십리동 946-40,37.56382871,127.0302158,1,1,5,0.3933333333333333,0.003219961878432033
539,86EC52846C,팜티*****,,서울 성동구,동남아/인도음식,,20130603,,성수동1가,서울특별시 성동구 왕십리로 58,서울특별시 성동구 성수동1가 656-3,37.54269588,127.0452053,1,1,2,0.29333333333333333,0.0026615630966841854
540,BBC08E8D52,베트*********,동남아/인도음식6,서울 성동구,동남아/인도음식,건대입구,20210113,,성수동1가,서울특별시 성동구 왕십리로 78,서울특별시 성동구 성수동1가 656-435,37.54447357,127.0451409,1,2,2,0.3533333333333333,0.003038279049361567
541,5EF2C0673B,블레*,,서울 성동구,식료품,뚝섬,20160108,,성수동1가,서울특별시 성동구 왕십리로 88,서울특별시 성동구 성수동1가 656-950,37.54546218,127.0453073,0,2,2,0.18666666666666665,0.002273963064106241
542,9DF1B9E016,파리********,베이커리10,서울 성동구,베이커리,뚝섬,20000131,,성수동1가,서울특별시 성동구 왕십리로 92,서울특별시 성동구 성수동1가 660-14,37.5457235,127.0449825,0,2,2,0.18666666666666665,0.0021807897113299795
543,A9F6CC9185,술사*,,서울 성동구,호프/맥주,답십리,20121218,,용답동,서울특별시 성동구 용답19길 13,서울특별시 성동구 용답동 49-12,37.56342863,127.0522478,0,2,2,0.18666666666666665,0.002131380506314634
544,E8E65B04C4,북촌******,,서울 성동구,한식-육류/고기,답십리,20180411,,용답동,서울특별시 성동구 용답19길 15,서울특별시 성동구 용답동 49-8,37.56355435,127.0523872,0,2,2,0.18666666666666665,0.0020762829746369155
545,F2357E23BC,제*,,서울 성동구,농산물,답십리,20140103,,용답동,서울특별시 성동구 용답25길 15,서울특별시 성동구 용답동 35-2,37.56186482,127.0531337,1,1,2,0.29333333333333333,0.001956086244625811
546,4E0A2F790E,한가******,,서울 성동구,한식-육류/고기,답십리,20081024,,용답동,서울특별시 성동구 용답29길 11,서울특별시 성동구 용답동 10-2,37.56376192,127.0548024,0,2,2,0.18666666666666665,0.0016265295514050096
547,1E00B3CC15,럼프**,,서울 성동구,한식-단품요리일반,답십리,20141029,20230504.0,용답동,서울특별시 성동구 용답29길 28,서울특별시 성동구 용답동 65-6,37.5649246,127.0535415,0,2,2,0.18666666666666665,0.0020506908744005164
548,0C5EE2823A,옥수****,,서울 성동구,농산물,금남시장,20191218,,금호동3가,서울특별시 성동구 장터1가길 51,서울특별시 성동구 금호동3가 1285-2,37.54861294,127.0194626,0,1,3,0.16,0.0015846484182439533
549,35F921EEEC,초가*,,서울 성동구,한식-단품요리일반,금남시장,20130619,,금호동3가,서울특별시 성동구 장터5길 3-1,서울특별시 성동구 금호동3가 778-1,37.5486749,127.0212164,0,1,2,0.12666666666666665,0.0013441666780217125
550,278EA7FDDE,중화*****,,서울 성동구,중식당,금남시장,20130910,,금호동3가,서울특별시 성동구 장터5길 4-1,서울특별시 성동구 금호동3가 443,37.54870235,127.0213949,0,1,2,0.12666666666666665,0.0013252047756773459
551,63DAE9B5FE,만리**,,서울 성동구,중식당,,20070207,,금호동3가,서울특별시 성동구 장터길 13-1,서울특별시 성동구 금호동3가 1392,37.54844883,127.0174019,1,1,3,0.32666666666666666,0.002379610395307739
552,9C94746856,맛닭******,치킨18,서울 성동구,치킨,금남시장,20160518,,금호동4가,서울특별시 성동구 장터길 22-1,서울특별시 성동구 금호동4가 1384,37.54821605,127.018351,0,1,3,0.16,0.0018912946946246039
553,6B2F3998CD,사또**,,서울 성동구,백반/가정식,금남시장,20110622,,금호동4가,서울특별시 성동구 장터길 38-1,서울특별시 성동구 금호동4가 1091,37.54808214,127.0201463,0,1,3,0.16,0.0014851487692962037
554,ACDE665CFC,지오****,,서울 성동구,치킨,동대문역사문화공원역,20220111,,금호동4가,서울특별시 성동구 장터길 40-4,서울특별시 성동구 금호동4가 1121-1,37.54823048,127.0204457,0,1,3,0.16,0.0014409331185015204
555,2AB52AC101,수구*,,서울 성동구,한식-육류/고기,금남시장,20121105,,금호동4가,서울특별시 성동구 장터길 44-1,서울특별시 성동구 금호동4가 1116,37.54814394,127.0207055,0,1,3,0.16,0.001408459884101306
556,862A6A9582,일인**,,서울 성동구,한식-단품요리일반,답십리,20130212,,용답동,서울특별시 성동구 천호대로 276,서울특별시 성동구 용답동 101-2,37.567129,127.051782,1,1,4,0.36,0.0032581378784701997
557,DDF9F33035,또바***,치킨16,서울 성동구,치킨,답십리,20110615,,용답동,서울특별시 성동구 천호대로 294,서울특별시 성동구 용답동 73-4,37.56615683,127.0530816,1,1,3,0.32666666666666666,0.003747135100812827
558,9B0DD78098,장어**,,서울 성동구,한식-해물/생선,답십리,20220622,,용답동,서울특별시 성동구 천호대로 296,서울특별시 성동구 용답동 69-4,37.56601265,127.0531387,1,2,3,0.3866666666666666,0.003264027200915117
559,E653603CB6,파리*******,베이커리10,서울 성동구,베이커리,답십리,20090528,,용답동,서울특별시 성동구 천호대로 312,서울특별시 성동구 용답동 1-2,37.56498225,127.0545609,0,2,2,0.18666666666666665,0.0018240996627467698
560,A7C2307794,콩물*****,,서울 성동구,한식-두부요리,옥수,20140508,,옥수동,서울특별시 성동구 한림말1길 8,서울특별시 성동구 옥수동 365-15,37.54199266,127.0165334,1,2,3,0.3866666666666666,0.004102448194388101
561,8194D2104C,달*,,서울 성동구,청과물,옥수,20160627,,옥수동,서울특별시 성동구 한림말3길 14,서울특별시 성동구 옥수동 362-3,37.54237827,127.0160521,1,2,3,0.3866666666666666,0.0028025747688677554
562,EF6C8B42CB,프로****,,서울 성동구,요리주점,옥수,20151028,,옥수동,서울특별시 성동구 한림말5길 7,서울특별시 성동구 옥수동 365-21,37.5418482,127.0168134,1,2,3,0.3866666666666666,0.005930166214216389
563,869C372EFC,구*,,서울 성동구,카페,옥수,20081007,,옥수동,서울특별시 성동구 한림말길 40,서울특별시 성동구 옥수동 198-4,37.5408982,127.0153473,1,2,3,0.3866666666666666,0.0023159063784911017
564,D756AE959B,소나***,,서울 성동구,한식-단품요리일반,한양대,20140801,,행당동,서울특별시 성동구 마조로 17,서울특별시 성동구 행당동 19-54,37.55955572,127.0404698,0,3,5,0.3466666666666667,0.0023164676087522435
565,C506E14D73,국수*******,한식-국수/만두3,서울 성동구,한식-국수/만두,행당,20110314,,행당동,서울특별시 성동구 행당로 108-1,서울특별시 성동구 행당동 322-68,37.55779535,127.0309662,1,1,5,0.3933333333333333,0.0025162845940272845
566,CFE1DBB894,명랑*****,,서울 성동구,분식,왕십리,20120412,,행당동,서울특별시 성동구 행당로17길 5,서울특별시 성동구 행당동 317-90,37.55891793,127.0334982,0,3,5,0.3466666666666667,0.002099650721124174
567,15136D3E9D,우리*,,서울 성동구,백반/가정식,왕십리,20050902,,행당동,서울특별시 성동구 행당로17길 5,서울특별시 성동구 행당동 317-90,37.55891793,127.0334982,0,3,5,0.3466666666666667,0.002099650721124174
568,052D57B40B,명품********,피자3,서울 성동구,피자,,20120816,,금호동1가,서울특별시 성동구 행당로6길 2,서울특별시 성동구 금호동1가 632,37.55539372,127.0253719,0,2,2,0.18666666666666665,0.0014732067164614686
569,F15C05A1D9,신사*******,,서울 성동구,이자카야,행당,20160719,,행당동,서울특별시 성동구 행당로8길 5,서울특별시 성동구 행당동 322-273,37.55747063,127.0302506,1,1,4,0.36,0.0038324593783205982
570,A162796238,깡통*,,서울 성동구,한식-육류/고기,,20130502,,성수동2가,서울특별시 성동구 광나루로6길 5,서울특별시 성동구 성수동2가 280-33,37.5479062,127.0604487,0,0,1,0.03333333333333333,0.0010400560409422836
571,1EE63C2F5D,아씨***,,서울 성동구,호프/맥주,,20120621,,마장동,서울특별시 성동구 마장로 305,서울특별시 성동구 마장동 771-7,37.56666267,127.0433162,1,2,4,0.41999999999999993,0.004054001554773396
572,235FF4ABE1,남원***,한식-해물/생선2,서울 성동구,한식-해물/생선,,20120831,,마장동,서울특별시 성동구 마장로 305,서울특별시 성동구 마장동 771-7,37.56666267,127.0433162,1,2,4,0.41999999999999993,0.004054001554773396
573,18FC952F28,카페***,,서울 성동구,카페,한양대,20120516,,행당동,서울특별시 성동구 사근동길 2,서울특별시 성동구 행당동 12-9,37.5599679,127.0413337,0,3,5,0.3466666666666667,0.002187805127764219
574,29B5BE80D4,원할***********,한식-육류/고기19,서울 성동구,한식-육류/고기,성수,20140226,,성수동2가,서울특별시 성동구 성수이로7길 1,서울특별시 성동구 성수동2가 339-137,37.53950519,127.0549258,0,0,1,0.03333333333333333,0.0010362803433454923
575,4FECCA34D6,동순*,,서울 성동구,중식당,,20060425,,하왕십리동,서울특별시 성동구 하왕십리1동,서울특별시 성동구 하왕십리1동,37.56191221,127.0287032,0,1,4,0.19333333333333333,0.0018849772328760066
576,25B2D74E6B,멕시***,치킨20,서울 성동구,치킨,,20020130,,하왕십리동,서울특별시 성동구 하왕십리2동,서울특별시 성동구 하왕십리2동,37.56191221,127.0287032,0,1,4,0.19333333333333333,0.0018849772328760066
577,B0E400DBAB,기분****,,서울 성동구,한식-해물/생선,왕십리,20030124,,하왕십리동,서울특별시 성동구 하왕십리2동,서울특별시 성동구 하왕십리2동,37.56191221,127.0287032,0,1,4,0.19333333333333333,0.0018849772328760066
578,C920395745,치킨***,치킨32,서울 성동구,치킨,,20110527,,행당동,서울특별시 성동구 고산자로 177,서울특별시 성동구 행당동 376,37.55573045,127.0335776,0,1,5,0.22666666666666668,0.0016149916973516945
579,133FADDC35,메가***********,커피전문점2,서울 성동구,커피전문점,왕십리,20191218,,행당동,서울특별시 성동구 고산자로 202,서울특별시 성동구 행당동 319-36,37.55826084,127.0344225,0,3,4,0.31333333333333335,0.002003098253618325
580,B4A7FA3204,김정********,건강식품1,서울 성동구,건강식품,왕십리,19961105,,도선동,서울특별시 성동구 고산자로 253,서울특별시 성동구 도선동 22-1,37.56240364,127.0355859,2,3,6,0.7133333333333334,0.0038886777281502707
581,B2E0EBD449,전주*******,,서울 성동구,한식-국밥/설렁탕,왕십리,20040320,,도선동,서울특별시 성동구 고산자로 269,서울특별시 성동구 도선동 14,37.56369732,127.0357739,0,3,5,0.3466666666666667,0.0028139031884211693
582,3EDB2D7A36,왕십***,,서울 성동구,포장마차,왕십리,20150204,,홍익동,서울특별시 성동구 고산자로 281,서울특별시 성동구 홍익동 131-1,37.56482188,127.0359745,0,3,5,0.3466666666666667,0.002230478628542192
583,99DD3929E7,동막*,,서울 성동구,한식-해물/생선,왕십리,20151201,,홍익동,서울특별시 성동구 고산자로 281,서울특별시 성동구 홍익동 131-1,37.56482188,127.0359745,0,3,5,0.3466666666666667,0.002230478628542192
584,9174DFCA58,월드*******,,서울 성동구,일반 유흥주점,왕십리,20020208,,홍익동,서울특별시 성동구 고산자로 293,서울특별시 성동구 홍익동 125,37.56583539,127.0360588,0,2,5,0.2866666666666667,0.0018870741858799615
585,15418FA4F2,양*,,서울 성동구,한식-육류/고기,왕십리,20140820,,홍익동,서울특별시 성동구 고산자로 293,서울특별시 성동구 홍익동 125,37.56583539,127.0360588,0,2,5,0.2866666666666667,0.0018870741858799615
586,BC38E02E89,곱창****,,서울 성동구,한식-찌개/전골,왕십리,20140605,,홍익동,서울특별시 성동구 고산자로 293,서울특별시 성동구 홍익동 125,37.56583539,127.0360588,0,2,5,0.2866666666666667,0.0018870741858799615
587,20B0361789,진국***,,서울 성동구,한식-국밥/설렁탕,왕십리,20140529,,홍익동,서울특별시 성동구 고산자로 293,서울특별시 성동구 홍익동 125,37.56583539,127.0360588,0,2,5,0.2866666666666667,0.0018870741858799615
588,7638584FB7,왕십*********,,서울 성동구,치킨,왕십리,20201006,,마장동,서울특별시 성동구 고산자로 297,서울특별시 성동구 마장동 574,37.56634843,127.0363,0,0,5,0.16666666666666669,0.0017636104927072067
589,708697C149,통통***,,서울 성동구,한식-단품요리일반,마장동,20191017,,마장동,서울특별시 성동구 고산자로 323,서울특별시 성동구 마장동 568-5,37.56855829,127.0369237,0,0,4,0.13333333333333333,0.0014328465450968708
590,75E89D6E30,마장*********,,서울 성동구,축산물,마장동,20160715,,마장동,서울특별시 성동구 고산자로 331,서울특별시 성동구 마장동 568-1,37.5691818,127.0371305,0,0,2,0.06666666666666667,0.0014164324551448778
591,4F98FE8D27,운정**,,서울 성동구,한식-단품요리일반,마장동,20101109,20250801.0,마장동,서울특별시 성동구 고산자로 340,서울특별시 성동구 마장동 521-10,37.56978001,127.037878,0,1,3,0.16,0.001465254317859603
592,6A6D259BD3,화신****,,서울 성동구,축산물,마장동,20090914,,마장동,서울특별시 성동구 고산자로 344,서울특별시 성동구 마장동 522-3,37.57015579,127.0379471,0,1,3,0.16,0.0014764615294273167
593,9911CB0D95,둘*,,서울 성동구,카페,마장동,20160218,,마장동,서울특별시 성동구 고산자로 345,서울특별시 성동구 마장동 474-5,37.57047818,127.0373426,0,1,2,0.12666666666666665,0.0014696320821383168
594,8F48DAD41C,봉구*******,호프/맥주2,서울 성동구,호프/맥주,마장동,20160205,,마장동,서울특별시 성동구 고산자로 345,서울특별시 성동구 마장동 474-5,37.57047818,127.0373426,0,1,2,0.12666666666666665,0.0014696320821383168
595,471640408B,한우****,,서울 성동구,한식-육류/고기,마장동,20140221,,마장동,서울특별시 성동구 고산자로 349,서울특별시 성동구 마장동 474-3,37.57082201,127.037599,0,1,3,0.16,0.001527927099944068
596,92AE5ED1DA,참새****,,서울 성동구,백반/가정식,뚝섬,20120109,,성수동1가,서울특별시 성동구 광나루로 156,서울특별시 성동구 성수동1가 13-1,37.55143104,127.0475675,0,1,2,0.12666666666666665,0.001367083591237061
597,923C5B0B85,문화****,,서울 성동구,중식당,,20060315,,송정동,서울특별시 성동구 광나루로 307,서울특별시 성동구 송정동 66-263,37.54841183,127.0640661,0,0,0,0.0,0.0009822480557698386
598,85D8F9D9BB,불백***,,서울 성동구,백반/가정식,,20131126,,송정동,서울특별시 성동구 광나루로 319,서울특별시 성동구 송정동 66-29,37.5483906,127.0653263,0,0,0,0.0,0.0010079936108846228
599,97852377C5,왕호***,,서울 성동구,치킨,,20130213,,송정동,서울특별시 성동구 광나루로 323,서울특별시 성동구 송정동 66-196,37.54842222,127.0656509,0,0,1,0.03333333333333333,0.001014501434555453
600,6B516F9C6C,골목**,,서울 성동구,백반/가정식,,20100428,,송정동,서울특별시 성동구 광나루로9길 3,서울특별시 성동구 송정동 67-7,37.5485325,127.0636902,0,0,0,0.0,0.0009715094361572947
601,53F5775D15,바람*****,한식-해물/생선4,서울 성동구,한식-해물/생선,금남시장,20100202,,금호동3가,서울특별시 성동구 무수막길 3,서울특별시 성동구 금호동3가 207,37.54848738,127.025435,0,0,0,0.0,0.001109559838577087
602,4011B78273,이모*****,,서울 성동구,포장마차,신금호,20111018,,금호동2가,서울특별시 성동구 금호로11길 1,서울특별시 성동구 금호동2가 324,37.5546108,127.0194387,1,1,3,0.32666666666666666,0.0035018987222393085
603,B88DBA7876,초코**,,서울 성동구,테마카페,금남시장,20151202,,금호동4가,서울특별시 성동구 금호로1길 43,서울특별시 성동구 금호동4가 505-1,37.54793279,127.0237968,0,0,2,0.06666666666666667,0.001174286277452205
604,C265B15B41,용가*,,서울 성동구,백반/가정식,금남시장,20150813,,금호동3가,서울특별시 성동구 금호산2길 13,서울특별시 성동구 금호동3가 951-2,37.54889893,127.020996,0,1,2,0.12666666666666665,0.0013665223195586233
605,543E9DF72E,왕이***,,서울 성동구,백반/가정식,금남시장,20160705,,금호동3가,서울특별시 성동구 금호산2길 23,서울특별시 성동구 금호동3가 471,37.54895267,127.0222337,0,0,2,0.06666666666666667,0.0012611978618896889
606,92D902E4D5,금호**,,서울 성동구,축산물,금남시장,20140911,,금호동3가,서울특별시 성동구 금호산2길 30,서울특별시 성동구 금호동3가 339-1,37.54879696,127.0227677,0,0,2,0.06666666666666667,0.0012283481123734718
607,4F4CDEDF32,중앙***,,서울 성동구,건강원,신금호,20060904,,금호동2가,서울특별시 성동구 금호산길 57-1,서울특별시 성동구 금호동2가 492,37.55342863,127.0192701,1,1,4,0.36,0.0023007151429443517
608,1ECD387AAF,신앙***,식료품1,서울 성동구,식료품,,20130404,,하왕십리동,서울특별시 성동구 난계로 101-1,서울특별시 성동구 하왕십리동 999-136,37.56107953,127.0237391,0,0,4,0.13333333333333333,0.0014355069389117938
609,5F6A947002,신자**,,서울 성동구,중식당,옥수,20150911,,옥수동,서울특별시 성동구 독서당로 160,서울특별시 성동구 옥수동 220-1,37.54023503,127.0117397,0,0,2,0.06666666666666667,0.0013616621895853095
610,D9B4DCAFB9,삼원***,,서울 성동구,한식-육류/고기,옥수,20000404,,옥수동,서울특별시 성동구 독서당로 160,서울특별시 성동구 옥수동 220-1,37.54023503,127.0117397,0,0,2,0.06666666666666667,0.0013616621895853095
611,39D9285E8D,한우**************,,서울 성동구,한식-육류/고기,,20200403,,옥수동,서울특별시 성동구 독서당로 187,서울특별시 성동구 옥수동 428,37.5426797,127.0118898,0,1,4,0.19333333333333333,0.0014891499031723242
612,77912A90AA,착한***,,서울 성동구,한식-단품요리일반,,20201030,,옥수동,서울특별시 성동구 독서당로 187,서울특별시 성동구 옥수동 428,37.5426797,127.0118898,0,1,4,0.19333333333333333,0.0014891499031723242
613,CA3624AE85,탕끓****,,서울 성동구,반찬,옥수,20160421,,옥수동,서울특별시 성동구 독서당로 190,서울특별시 성동구 옥수동 243,37.54242421,127.0123711,0,1,4,0.19333333333333333,0.0015337440160651506
614,A902A53272,바르********,분식10,서울 성동구,분식,옥수,20150216,,옥수동,서울특별시 성동구 독서당로 220,서울특별시 성동구 옥수동 250-2,37.54375348,127.0152628,0,3,3,0.28,0.0019149439233637849
615,BF9A1F66F9,문화**,,서울 성동구,식료품,옥수,20100119,,옥수동,서울특별시 성동구 독서당로 242,서울특별시 성동구 옥수동 12,37.54501005,127.0175883,0,2,3,0.22,0.0018513966831957592
616,565439335B,와우**,,서울 성동구,치킨,금남시장,20100629,,금호동4가,서울특별시 성동구 독서당로 270,서울특별시 성동구 금호동4가 800,37.54664371,127.0194815,0,1,3,0.16,0.0016004231928748558
617,FCC01DA1A3,대가******,,서울 성동구,식료품,금남시장,20130911,,금호동4가,서울특별시 성동구 독서당로 272,서울특별시 성동구 금호동4가 800,37.54533003,127.0179254,0,2,3,0.22,0.0018103040988731087
618,25D5913CB4,에그*******,,서울 성동구,양식,금남시장,20190926,,금호동4가,서울특별시 성동구 독서당로 274,서울특별시 성동구 금호동4가 631,37.54694902,127.0197703,0,1,3,0.16,0.0015538188367483475
619,1E0C8CD39A,술찾*,,서울 성동구,한식-단품요리일반,금남시장,20130326,,금호동4가,서울특별시 성동구 독서당로 285,서울특별시 성동구 금호동4가 1094,37.54786634,127.0207447,0,1,3,0.16,0.0014066631921661244
620,18185E33A8,미스**,,서울 성동구,건강식품,압구정로데오,20220715,,금호동4가,서울특별시 성동구 독서당로 287,서울특별시 성동구 금호동4가 1114,37.54798325,127.0209559,0,1,3,0.16,0.0013797919457341516
621,18822DD6FB,정희*******,,서울 성동구,건강식품,금남시장,20110623,,금호동4가,서울특별시 성동구 독서당로 302,서울특별시 성동구 금호동4가 548-1,37.54761108,127.0227309,0,0,2,0.06666666666666667,0.0012386623403404637
622,5DEC65272B,허*,,서울 성동구,카페,금남시장,20150622,,금호동4가,서울특별시 성동구 독서당로 314,서울특별시 성동구 금호동4가 144-1,37.54800511,127.0239439,0,0,2,0.06666666666666667,0.0011665331594609353
623,D484C380BF,배스**********,아이스크림/빙수1,서울 성동구,아이스크림/빙수,금남시장,20150416,,금호동4가,서울특별시 성동구 독서당로 314,서울특별시 성동구 금호동4가 144-1,37.54800511,127.0239439,0,0,2,0.06666666666666667,0.0011665331594609353
624,754D53A40B,신앙***,식료품1,서울 성동구,식료품,금남시장,20091230,,금호동4가,서울특별시 성동구 독서당로 316,서울특별시 성동구 금호동4가 145,37.54798553,127.024118,0,0,1,0.03333333333333333,0.0011580526661802068
625,29BB814FD2,제부*,,서울 성동구,미곡상,,20230111,,금호동4가,서울특별시 성동구 독서당로 344,서울특별시 성동구 금호동4가 1553,37.54645258,127.0257655,0,0,0,0.0,0.0010873142349705927
626,082F14367D,은지*,,서울 성동구,중식당,,20140331,,응봉동,서울특별시 성동구 독서당로 375,서울특별시 성동구 응봉동 275,37.54953757,127.0290009,0,1,1,0.09333333333333332,0.0011673953096122077
627,234A71B7B5,돈앤*,,서울 성동구,일식-덮밥/돈가스,,20210714,,응봉동,서울특별시 성동구 독서당로 378,서울특별시 성동구 응봉동 193-82,37.54964458,127.0305415,0,1,1,0.09333333333333332,0.0012910812117254036
628,B1A8FD3571,파파*********,피자7,서울 성동구,피자,,20140918,,응봉동,서울특별시 성동구 독서당로 434,서울특별시 성동구 응봉동 100,37.55386173,127.0340559,0,1,2,0.12666666666666665,0.0014945528161500483
629,420900C565,송정**,,서울 성동구,식료품,,20130103,,송정동,서울특별시 성동구 동일로 261-1,서울특별시 성동구 송정동 87-9,37.55497353,127.0709957,0,0,2,0.06666666666666667,0.0010968470823325292
630,15B7F02740,라피**,,서울 성동구,카페,옥수,20211119,,금호동4가,서울특별시 성동구 동호로 76-30,서울특별시 성동구 금호동4가 1305-1,37.54570101,127.0157958,0,2,3,0.22,0.001944321021516247
631,78BFAC9BF1,왕십*****,,서울 성동구,한식-찌개/전골,성수,20140129,,성수동1가,서울특별시 성동구 뚝섬로 360-5,서울특별시 성동구 성수동1가 276-13,37.53973962,127.0507261,0,0,2,0.06666666666666667,0.0010453414862635307
632,E8829764C8,명국*,한식-국수/만두6,서울 성동구,한식-국수/만두,성수,20131023,,성수동2가,서울특별시 성동구 뚝섬로 385-40,서울특별시 성동구 성수동2가 339-136,37.53948918,127.0546726,0,0,1,0.03333333333333333,0.0010342593603796736
633,050581F0EE,성수****,,서울 성동구,요리주점,성수,20241113,,성수동2가,서울특별시 성동구 뚝섬로 408-7,서울특별시 성동구 성수동2가 331-27,37.53846027,127.0555634,0,0,1,0.03333333333333333,0.0009612483597542092
634,A54C5C9D46,덕수**,,서울 성동구,백반/가정식,성수,20001208,,성수동1가,서울특별시 성동구 뚝섬로4길 10,서울특별시 성동구 성수동1가 35-3,37.53936005,127.0496001,0,0,1,0.03333333333333333,0.0010273612872275985
635,E9807AD4C2,가마****,,서울 성동구,한식-해물/생선,성수,20081211,,성수동1가,서울특별시 성동구 뚝섬로4길 11,서울특별시 성동구 성수동1가 274-4,37.53925327,127.0500746,0,0,2,0.06666666666666667,0.0010128788436863888
636,CD4571800C,유*,,서울 성동구,카페,,20121019,,홍익동,서울특별시 성동구 마장로 202-1,서울특별시 성동구 홍익동 335,37.56641025,127.0322263,0,1,4,0.19333333333333333,0.0016467385231172505
637,29F6BB77B3,우*,,서울 성동구,요리주점,왕십리,20020906,,홍익동,서울특별시 성동구 마장로 228-12,서울특별시 성동구 홍익동 121-4,37.56585317,127.0353404,0,1,5,0.22666666666666668,0.0018392902928856514
638,92ACC6CE0C,원조***,,서울 성동구,한식-국밥/설렁탕,왕십리,20130903,,홍익동,서울특별시 성동구 마장로 228-23,서울특별시 성동구 홍익동 123-6,37.56580157,127.0355768,0,1,5,0.22666666666666668,0.0018672887508007444
639,DD5C3290AF,이디******,커피전문점6,서울 성동구,커피전문점,,20141202,,마장동,서울특별시 성동구 마장로 293-1,서울특별시 성동구 마장동 773-5,37.565944,127.0421714,1,1,5,0.3933333333333333,0.003997912761774478
640,F1758BF01F,바오*********,,서울 성동구,커피전문점,왕십리,20160712,,홍익동,서울특별시 성동구 마장로26길 9,서울특별시 성동구 홍익동 122-12,37.5656588,127.0354391,0,2,5,0.2866666666666667,0.0018977790300969137
641,2B60980E98,화성***,,서울 성동구,베이커리,마장동,20080130,,마장동,서울특별시 성동구 마장로29길 45,서울특별시 성동구 마장동 469-18,37.57008814,127.0367653,0,1,2,0.12666666666666665,0.0013962875112497179
642,AE9397E158,맛자*,,서울 성동구,분식,마장동,20091113,,마장동,서울특별시 성동구 마장로29길 54,서울특별시 성동구 마장동 474-15,37.5707706,127.0371882,0,1,2,0.12666666666666665,0.0014940320375371233
643,9869644D22,우성**,,서울 성동구,축산물,마장동,20060922,,마장동,서울특별시 성동구 마장로31길 40,서울특별시 성동구 마장동 510-3,37.56979398,127.0384065,0,1,3,0.16,0.0015001652398181388
644,4636AC6E2B,토박***,,서울 성동구,축산물,마장동,20100308,,마장동,서울특별시 성동구 마장로35길 46,서울특별시 성동구 마장동 481-13,37.56954316,127.0399976,0,1,3,0.16,0.0016099912120365449
645,B23694E88A,남양**,,서울 성동구,축산물,,20000203,,마장동,서울특별시 성동구 마장로37길 40,서울특별시 성동구 마장동 766-8,37.56899598,127.0410507,0,2,3,0.22,0.001746616710582248
646,A8709C1FC5,우성****,,서울 성동구,축산물,,20090626,,마장동,서울특별시 성동구 마장로37길 40,서울특별시 성동구 마장동 766-8,37.56899598,127.0410507,0,2,3,0.22,0.001746616710582248
647,C67A90C6B4,이영**,,서울 성동구,축산물,,20150730,20230822.0,마장동,서울특별시 성동구 마장로37길 40,서울특별시 성동구 마장동 766-8,37.56899598,127.0410507,0,2,3,0.22,0.001746616710582248
648,9313D39511,한미**,,서울 성동구,농산물,마장동,20160722,,마장동,서울특별시 성동구 마장로37길 43,서울특별시 성동구 마장동 762-17,37.56934379,127.0409732,0,2,3,0.22,0.0016991573019731487
649,BD61CF1C6B,신우**,,서울 성동구,축산물,마장동,20100812,,마장동,서울특별시 성동구 마장로37길 43,서울특별시 성동구 마장동 762-17,37.56934379,127.0409732,0,2,3,0.22,0.0016991573019731487
650,3A2AB3FD4F,현대**,,서울 성동구,축산물,마장동,20120905,,마장동,서울특별시 성동구 마장로37길 43,서울특별시 성동구 마장동 762-17,37.56934379,127.0409732,0,2,3,0.22,0.0016991573019731487
651,E27BFF4C97,한미****,,서울 성동구,축산물,마장동,20140514,,마장동,서울특별시 성동구 마장로37길 43,서울특별시 성동구 마장동 762-17,37.56934379,127.0409732,0,2,3,0.22,0.0016991573019731487
652,AAEED00881,협*,,서울 성동구,축산물,마장동,20130910,,마장동,서울특별시 성동구 마장로37길 45,서울특별시 성동구 마장동 762-8,37.5695353,127.040835,0,1,3,0.16,0.001670174956083548
653,3A8F8A6B41,동강**,,서울 성동구,축산물,마장동,20130701,,마장동,서울특별시 성동구 마장로37길 55,서울특별시 성동구 마장동 761-11,37.57029292,127.0416916,0,2,3,0.22,0.0016671561492721757
654,657E1184BB,대한**,,서울 성동구,축산물,마장동,20020322,,마장동,서울특별시 성동구 마장로37길 59,서울특별시 성동구 마장동 761-3,37.57057325,127.0418605,0,1,3,0.16,0.0016597987708336659
655,AE9390EB40,광장**,,서울 성동구,축산물,마장동,20071231,,마장동,서울특별시 성동구 마장로37길 59,서울특별시 성동구 마장동 761-3,37.57057325,127.0418605,0,1,3,0.16,0.0016597987708336659
656,A0BBC6838F,현대**,,서울 성동구,축산물,마장동,20141028,,마장동,서울특별시 성동구 마장로37길 59,서울특별시 성동구 마장동 761-3,37.57057325,127.0418605,0,1,3,0.16,0.0016597987708336659
657,B4AE01B8FB,태원**,,서울 성동구,축산물,마장동,20141029,,마장동,서울특별시 성동구 마장로37길 59,서울특별시 성동구 마장동 761-3,37.57057325,127.0418605,0,1,3,0.16,0.0016597987708336659
658,48BCC595D9,충북**,,서울 성동구,축산물,,20110614,,마장동,서울특별시 성동구 마장로39길 34,서울특별시 성동구 마장동 768-3,37.56794537,127.043452,0,2,2,0.18666666666666665,0.0022419279986516773
659,AA673185F3,일번*,,서울 성동구,백반/가정식,한양대,20090520,,행당동,서울특별시 성동구 마조로 19-10,서울특별시 성동구 행당동 19-49,37.5597853,127.0404768,0,3,5,0.3466666666666667,0.0023934484370487343
660,0815A0998B,장어**,,서울 성동구,한식-해물/생선,한양대,20100316,,행당동,서울특별시 성동구 마조로 19-10,서울특별시 성동구 행당동 19-49,37.5597853,127.0404768,0,3,5,0.3466666666666667,0.0023934484370487343
661,6FD96578E7,덴마******,유제품1,서울 성동구,유제품,,20101008,,마장동,서울특별시 성동구 마조로19길 23,서울특별시 성동구 마장동 797-19,37.56491963,127.0391092,0,4,4,0.3733333333333333,0.0023049032843608006
662,FFD5654C3D,부대***,,서울 성동구,한식-찌개/전골,한양대,20110218,,행당동,서울특별시 성동구 마조로1가길 4,서울특별시 성동구 행당동 4-15,37.56027808,127.0395815,0,3,5,0.3466666666666667,0.0030472191941752188
663,52F80BA32C,와플*********,베이커리8,서울 성동구,베이커리,한양대,20130425,,행당동,서울특별시 성동구 마조로1길 28,서울특별시 성동구 행당동 19-34,37.55975412,127.039427,0,3,5,0.3466666666666667,0.0027468519686063763
664,23D97A4475,양심**,,서울 성동구,백반/가정식,오남,20230912,,행당동,서울특별시 성동구 마조로1길 39,서울특별시 성동구 행당동 168-78,37.5609489,127.0392349,1,3,5,0.5133333333333334,0.004060256052330501
665,6375E191B5,제육**,치킨15,서울 성동구,치킨,한양대,20070402,,행당동,서울특별시 성동구 마조로1길 46,서울특별시 성동구 행당동 1-19,37.56134177,127.0393935,1,3,5,0.5133333333333334,0.004302136290569466
666,D5CFD2B5BF,베네********,,서울 성동구,피자,한양대,20110817,,행당동,서울특별시 성동구 마조로3길 7-1,서울특별시 성동구 행당동 159-6,37.55846003,127.039639,0,3,4,0.31333333333333335,0.0020975537850129585
667,C356A661EB,이찌*********,,서울 성동구,호프/맥주,한양대,20160308,,행당동,서울특별시 성동구 마조로5길 10,서울특별시 성동구 행당동 4-26,37.56007077,127.0400978,0,3,5,0.3466666666666667,0.002653988461018552
668,86C00477EB,헤븐********,,서울 성동구,룸살롱/단란주점,한양대,20100310,,행당동,서울특별시 성동구 마조로5길 12,서울특별시 성동구 행당동 4-20,37.5600293,127.0399133,0,3,5,0.3466666666666667,0.002713845969880651
669,E19118E99D,혜원****,,서울 성동구,한식-육류/고기,한양대,20200601,,행당동,서울특별시 성동구 마조로7길 15,서울특별시 성동구 행당동 3-6,37.56070496,127.0396222,1,3,5,0.5133333333333334,0.003360664460695091
670,5C86E37148,아리**,,서울 성동구,한식-단품요리일반,한양대,20150923,,행당동,서울특별시 성동구 마조로9길 18,서울특별시 성동구 행당동 1-26,37.56133659,127.03954,1,3,5,0.5133333333333334,0.004022661020406553
671,7E27181707,뺑드*,,서울 성동구,베이커리,한양대,20160704,20230105.0,행당동,서울특별시 성동구 마조로9길 6-3,서울특별시 성동구 행당동 1-90,37.56137949,127.0408215,0,3,5,0.3466666666666667,0.0027040621100408815
672,F3C5C230B0,페리****,치킨37,서울 성동구,치킨,신금호,20020416,,금호동2가,서울특별시 성동구 무수막길 89-2,서울특별시 성동구 금호동2가 442-2,37.55379187,127.0200431,1,1,2,0.29333333333333333,0.003209948513848538
673,D87C249A76,특우*,,서울 성동구,한식-육류/고기,,19971006,,홍익동,서울특별시 성동구 무학로12길 13,서울특별시 성동구 홍익동 47,37.56722305,127.0318586,0,1,2,0.12666666666666665,0.0014825017919710929
674,C87781D0BD,왕십******,,서울 성동구,한식-육류/고기,왕십리,20090717,,도선동,서울특별시 성동구 무학로2가길 2,서울특별시 성동구 도선동 311-16,37.56405252,127.0318907,0,1,5,0.22666666666666668,0.002210796561014862
675,8BFD98E420,회동****,,서울 성동구,한식-해물/생선,왕십리,20150910,,도선동,서울특별시 성동구 무학로2길 15,서울특별시 성동구 도선동 311-7,37.56412599,127.0317494,0,1,5,0.22666666666666668,0.0022368255270558786
676,98320C58CB,미친***,호프/맥주1,서울 성동구,호프/맥주,왕십리,20140418,,도선동,서울특별시 성동구 무학로2길 35,서울특별시 성동구 도선동 203-6,37.5633005,127.0337076,0,4,5,0.4066666666666667,0.0023472707487910633
677,F701A56FBD,황*,,서울 성동구,룸살롱/단란주점,왕십리,20130215,,도선동,서울특별시 성동구 무학로2길 36,서울특별시 성동구 도선동 253-1,37.56314423,127.03351,0,4,5,0.4066666666666667,0.0023409661906696752
678,60AF617267,시간*********,,서울 성동구,한식-단품요리일반,왕십리,20090108,,도선동,서울특별시 성동구 무학로2길 36,서울특별시 성동구 도선동 253-1,37.56314423,127.03351,0,4,5,0.4066666666666667,0.0023409661906696752
679,349995B62A,실내**,,서울 성동구,포장마차,왕십리,20151028,,도선동,서울특별시 성동구 무학로2길 41,서울특별시 성동구 도선동 148,37.56292559,127.0343496,0,4,5,0.4066666666666667,0.0026414535214798053
680,5746FB77CC,둘둘**,치킨14,서울 성동구,치킨,왕십리,19990116,,도선동,서울특별시 성동구 무학로2길 45,서울특별시 성동구 도선동 87,37.5627026,127.0346343,0,3,5,0.3466666666666667,0.002860415226133727
681,346EB91DC6,갈매*****,,서울 성동구,한식-육류/고기,왕십리,20080219,,도선동,서울특별시 성동구 무학로2나길 1,서울특별시 성동구 도선동 185-77,37.56358676,127.0330202,0,3,5,0.3466666666666667,0.00220199965508804
682,894B24DE7E,마산***,,서울 성동구,한식-해물/생선,왕십리,20160919,,도선동,서울특별시 성동구 무학로6길 18,서울특별시 성동구 도선동 329-9,37.56511361,127.0319707,0,1,4,0.19333333333333333,0.002002343031456154
683,2E5E8F46A2,커피****************,,서울 성동구,커피전문점,왕십리,20160708,,도선동,서울특별시 성동구 무학로6길 26,서울특별시 성동구 도선동 323-1,37.56504174,127.0328445,0,1,4,0.19333333333333333,0.0019284335346349247
684,A92168F09C,열혈**,분식15,서울 성동구,분식,왕십리,20150202,,도선동,서울특별시 성동구 무학로6길 36,서울특별시 성동구 도선동 184,37.56486028,127.0340973,0,3,5,0.3466666666666667,0.002009426189805612
685,4E5DEDBDDC,바리*******,,서울 성동구,커피전문점,왕십리,20090904,,도선동,서울특별시 성동구 무학로6길 50,서울특별시 성동구 도선동 69,37.5645962,127.0350239,0,3,5,0.3466666666666667,0.0021931045307887853
686,C1C2E714D4,친구**,,서울 성동구,백반/가정식,왕십리,20110309,,도선동,서울특별시 성동구 무학로6길 50,서울특별시 성동구 도선동 69,37.5645962,127.0350239,0,3,5,0.3466666666666667,0.0021931045307887853
687,F5D2297649,푸라******,한식-육류/고기29,서울 성동구,한식-육류/고기,왕십리,20240904,,도선동,서울특별시 성동구 무학로6길 50,서울특별시 성동구 도선동 69,37.5645962,127.0350239,0,3,5,0.3466666666666667,0.0021931045307887853
688,E530039112,리틀************************,,서울 성동구,동남아/인도음식,왕십리,20130110,,도선동,서울특별시 성동구 무학로6길 50,서울특별시 성동구 도선동 69,37.5645962,127.0350239,0,3,5,0.3466666666666667,0.0021931045307887853
689,80652DABB6,종가**,,서울 성동구,떡/한과 제조,왕십리,20080711,,하왕십리동,서울특별시 성동구 무학봉15길 20,서울특별시 성동구 하왕십리동 972-33,37.56293817,127.0308982,0,1,5,0.22666666666666668,0.002279903906665835
690,4F294B4053,페리**,치킨37,서울 성동구,치킨,,20080114,,하왕십리동,서울특별시 성동구 무학봉15길 23,서울특별시 성동구 하왕십리동 955-11,37.56318068,127.0303468,1,1,5,0.3933333333333333,0.002495040281955378
691,7AA4E7D85E,무학**,,서울 성동구,청과물,,20100722,,하왕십리동,서울특별시 성동구 무학봉15길 25,서울특별시 성동구 하왕십리동 950,37.56333928,127.0302558,1,1,5,0.3933333333333333,0.0026432968455683244
692,B0A495C967,교촌*********,치킨6,서울 성동구,치킨,왕십리,20121129,,하왕십리동,서울특별시 성동구 무학봉15길 8,서울특별시 성동구 하왕십리동 988-2,37.56187689,127.0308731,0,1,5,0.22666666666666668,0.0020721395621377944
693,B1EF04652A,명*,,서울 성동구,한식-육류/고기,왕십리,20140514,,하왕십리동,서울특별시 성동구 무학봉16길 1,서울특별시 성동구 하왕십리동 975-36,37.56135742,127.0313727,0,3,5,0.3466666666666667,0.0020698259629741153
694,ECFD290D4E,한우***,,서울 성동구,축산물,왕십리,19990922,,행당동,서울특별시 성동구 무학봉16길 11,서울특별시 성동구 행당동 298-107,37.56067875,127.0322072,0,4,5,0.4066666666666667,0.0021423624919460855
695,C537E1C417,섬김**,,서울 성동구,떡/한과 제조,왕십리,20090701,,행당동,서울특별시 성동구 무학봉16길 24,서울특별시 성동구 행당동 298-17,37.55988728,127.0329898,0,3,5,0.3466666666666667,0.0021962000617003134
696,84590CFA26,요거**************,,서울 성동구,아이스크림/빙수,왕십리,20230629,,행당동,서울특별시 성동구 무학봉16길 28,서울특별시 성동구 행당동 318-10,37.55963846,127.0335025,0,4,5,0.4066666666666667,0.002240662441661443
697,D58C9C52D1,호야****,,서울 성동구,한식-육류/고기,왕십리,20160616,,하왕십리동,서울특별시 성동구 무학봉26길 9,서울특별시 성동구 하왕십리동 966-37,37.56177049,127.03284,0,4,5,0.4066666666666667,0.002310399466677322
698,1C943E0E39,우리***,,서울 성동구,축산물,,20080731,,하왕십리동,서울특별시 성동구 무학봉길 58-1,서울특별시 성동구 하왕십리동 980-22,37.56056068,127.0292091,0,2,4,0.2533333333333333,0.0018431446211089907
699,151C15F277,할매**,,서울 성동구,한식-육류/고기,,20170118,,사근동,서울특별시 성동구 사근동11길 3,서울특별시 성동구 사근동 204-13,37.56127554,127.047954,0,1,4,0.19333333333333333,0.0017954075188408298
700,63135A8618,복고*********,커피전문점3,서울 성동구,커피전문점,한양대,20050610,,사근동,서울특별시 성동구 사근동12길 4,서울특별시 성동구 사근동 181-2,37.56085846,127.0481951,0,1,4,0.19333333333333333,0.001779917114614472
701,77B5670808,앨*,,서울 성동구,카페,한양대,20160629,,사근동,서울특별시 성동구 사근동12길 8,서울특별시 성동구 사근동 181-6,37.56058235,127.048288,0,1,4,0.19333333333333333,0.001745429603062925
702,3291FF9C92,아트***,,서울 성동구,식료품,,20200611,,사근동,서울특별시 성동구 살곶이길 150,서울특별시 성동구 사근동 230-1,37.56291421,127.0483092,0,1,3,0.16,0.0019413375310758086
703,D3E9FFD90F,카페**,,서울 성동구,카페,,20150309,,사근동,서울특별시 성동구 살곶이길 152,서울특별시 성동구 사근동 231-28,37.56268075,127.0485638,0,1,3,0.16,0.002015349588554232
704,0C8815C811,변산******,,서울 성동구,한식-육류/고기,마장동,20230918,,마장동,서울특별시 성동구 살곶이길 18,서울특별시 성동구 마장동 525-1,37.57138254,127.0405195,0,1,3,0.16,0.0016517289580644252
705,F1D42A1E4A,커농**,,서울 성동구,카페,한양대,20141008,,행당동,서울특별시 성동구 살곶이길 346,서울특별시 성동구 행당동 70-6,37.55620352,127.0411194,0,1,4,0.19333333333333333,0.0019017928384685323
706,0B0F5967E0,제주******,,서울 성동구,백반/가정식,뚝섬,20160516,,성수동1가,서울특별시 성동구 상원10길 4-1,서울특별시 성동구 성수동1가 13-106,37.54908219,127.0485403,0,1,2,0.12666666666666665,0.0017843906628874958
707,CDDFB5390C,숙도**,반찬1,서울 성동구,반찬,뚝섬,20151030,,성수동1가,서울특별시 성동구 상원10길 8-1,서울특별시 성동구 성수동1가 13-109,37.54930097,127.0489239,0,1,2,0.12666666666666665,0.0016533038465376937
708,98C81699B7,잇쇼*,,서울 성동구,일식-초밥/롤,뚝섬,20140219,,성수동1가,서울특별시 성동구 상원10길 8-1,서울특별시 성동구 성수동1가 13-109,37.54930097,127.0489239,0,1,2,0.12666666666666665,0.0016533038465376937
709,E6AD1272C7,비비*,치킨2,서울 성동구,치킨,뚝섬,20060626,,성수동1가,서울특별시 성동구 상원10나길 23,서울특별시 성동구 성수동1가 13-78,37.55028353,127.0482236,0,1,2,0.12666666666666665,0.0014852166646981246
710,9F5EE1AC15,킴스**,,서울 성동구,치킨,뚝섬,20010523,,성수동1가,서울특별시 성동구 상원10다길 10,서울특별시 성동구 성수동1가 13-37,37.54980383,127.0489004,0,1,3,0.16,0.001530508726033574
711,DB4CA4D632,목로**,,서울 성동구,카페,뚝섬,20200114,,성수동1가,서울특별시 성동구 서울숲2길 47,서울특별시 성동구 성수동1가 668-39,37.5463451,127.0440173,0,2,2,0.18666666666666665,0.0018913742713056274
712,1CE1551AF3,브릴*,,서울 성동구,와인바,뚝섬,20210430,,성수동1가,서울특별시 성동구 서울숲6길 14,서울특별시 성동구 성수동1가 668-13,37.54752397,127.0430393,0,2,3,0.22,0.0016062088419945392
713,82917C822C,맛집***,,서울 성동구,한식-단품요리일반,성수,20121011,,성수동2가,서울특별시 성동구 성덕정15길 2,서울특별시 성동구 성수동2가 335-121,37.53786859,127.053797,0,0,1,0.03333333333333333,0.0009170087996942458
714,208B37B8E4,대성*,,서울 성동구,백반/가정식,성수,20090216,,성수동2가,서울특별시 성동구 성덕정15길 3,서울특별시 성동구 성수동2가 339-114,37.5379675,127.0536555,0,0,1,0.03333333333333333,0.0009221548459070122
715,7416E78F80,미정******,,서울 성동구,한식-해물/생선,성수,20150610,,성수동2가,서울특별시 성동구 성덕정15길 8,서울특별시 성동구 성수동2가 335-139,37.53829836,127.053814,0,0,1,0.03333333333333333,0.0009435930490253437
716,8EAFB1D483,둘둘**,치킨14,서울 성동구,치킨,성수,20160520,,성수동2가,서울특별시 성동구 성덕정17길 1,서울특별시 성동구 성수동2가 565-8,37.53742465,127.0552113,0,0,1,0.03333333333333333,0.0009009537679055714
717,AA5A44BFF2,신성****,,서울 성동구,한식-육류/고기,성수,20130903,,성수동2가,서울특별시 성동구 성덕정17길 1,서울특별시 성동구 성수동2가 565-8,37.53742465,127.0552113,0,0,1,0.03333333333333333,0.0009009537679055714
718,7E5AA284CE,동신**,,서울 성동구,백반/가정식,성수,20130531,,성수동2가,서울특별시 성동구 성덕정17길 11,서울특별시 성동구 성수동2가 565,37.53824936,127.0551477,0,0,1,0.03333333333333333,0.0009466434820755865
719,2F255C75E1,장수**,,서울 성동구,한식-국밥/설렁탕,성수,20090102,,성수동1가,서울특별시 성동구 성덕정3길 12,서울특별시 성동구 성수동1가 73-7,37.53998448,127.0477616,0,1,1,0.09333333333333332,0.001140165822858756
720,781D674024,성수**,,서울 성동구,백반/가정식,성수,20070719,,성수동2가,서울특별시 성동구 성덕정길 102,서울특별시 성동구 성수동2가 564-1,37.53736036,127.0547319,0,0,0,0.0,0.0008944624207209998
721,1DFD18A8D0,맛닭*******,치킨18,서울 성동구,치킨,성수,20160518,,성수동2가,서울특별시 성동구 성덕정길 109,서울특별시 성동구 성수동2가 566-10,37.53718802,127.0556511,0,0,0,0.0,0.0008923605874266265
722,4CFC31C924,한낮***,,서울 성동구,와인샵,성수,20210208,,성수동2가,서울특별시 성동구 성덕정길 109,서울특별시 성동구 성수동2가 566-10,37.53718802,127.0556511,0,0,0,0.0,0.0008923605874266265
723,6ED6AC9EAE,대한**,,서울 성동구,한식-냉면,,20200813,,성수동2가,서울특별시 성동구 성덕정길 120,서울특별시 성동구 성수동2가 574-5,37.53669253,127.0566701,0,0,0,0.0,0.000888202363752073
724,6FA8198679,죠스***************,,서울 성동구,아이스크림/빙수,,20200618,,성수동2가,서울특별시 성동구 성덕정길 120,서울특별시 성동구 성수동2가 574-5,37.53669253,127.0566701,0,0,0,0.0,0.000888202363752073
725,1A7712195D,삼삼*****,한식-육류/고기11,서울 성동구,한식-육류/고기,,20040816,,성수동2가,서울특별시 성동구 성덕정길 122,서울특별시 성동구 성수동2가 574-3,37.53664159,127.0569151,0,0,0,0.0,0.0008925065744072398
726,45B5488EF8,라일*,,서울 성동구,요리주점,,20161004,,성수동2가,서울특별시 성동구 성덕정길 128,서울특별시 성동구 성수동2가 223-11,37.53653297,127.0575827,0,0,0,0.0,0.0009064452230197354
727,9F081EE339,딤*,,서울 성동구,호프/맥주,,20040916,,성수동2가,서울특별시 성동구 성덕정길 133,서울특별시 성동구 성수동2가 225-12,37.53665964,127.0581425,0,0,0,0.0,0.000926278302297152
728,408A79D8E5,꽃돼*,,서울 성동구,한식-육류/고기,,20140422,,성수동2가,서울특별시 성동구 성덕정길 142,서울특별시 성동구 성수동2가 212-12,37.53641837,127.0590221,0,0,0,0.0,0.000946768373527504
729,91674C873A,악*,,서울 성동구,한식-단품요리일반,,20190228,,성수동2가,서울특별시 성동구 성덕정길 150,서울특별시 성동구 성수동2가 209-1,37.53629412,127.0599125,0,0,1,0.03333333333333333,0.0009757550570222142
730,CA4D5857BC,매머************,,서울 성동구,커피전문점,성수,20150817,,성수동2가,서울특별시 성동구 성수이로 108,서울특별시 성동구 성수동2가 277-81,37.5445462,127.0573736,1,1,1,0.26,0.002317597193370359
731,D3B91AFDFF,전통*****,,서울 성동구,한식-국밥/설렁탕,성수,20140625,,성수동2가,서울특별시 성동구 성수이로 108,서울특별시 성동구 성수동2가 277-81,37.5445462,127.0573736,1,1,1,0.26,0.002317597193370359
732,9DE5AC9FFD,빽다**********,커피전문점4,서울 성동구,커피전문점,성수,20200407,,성수동2가,서울특별시 성동구 성수이로 113,서울특별시 성동구 성수동2가 289-10,37.54514224,127.0571277,1,1,1,0.26,0.0023733977238415927
733,0D87E5D527,롯데*******,햄버거1,서울 성동구,햄버거,성수,20171229,,성수동2가,서울특별시 성동구 성수이로 118,서울특별시 성동구 성수동2가 277-17,37.54517369,127.0578573,1,1,1,0.26,0.0018224365314378987
734,16F5C2A5B3,이디**********,커피전문점6,서울 성동구,커피전문점,성수,20101015,,성수동2가,서울특별시 성동구 성수이로 118,서울특별시 성동구 성수동2가 277-17,37.54517369,127.0578573,1,1,1,0.26,0.0018224365314378987
735,88187168C9,제주**,,서울 성동구,한식-국수/만두,성수,20080509,,성수동2가,서울특별시 성동구 성수이로 118,서울특별시 성동구 성수동2가 277-17,37.54517369,127.0578573,1,1,1,0.26,0.0018224365314378987
736,13DF93045E,원산**,,서울 성동구,한식-육류/고기,성수,20140829,,성수동2가,서울특별시 성동구 성수이로 118,서울특별시 성동구 성수동2가 277-17,37.54517369,127.0578573,1,1,1,0.26,0.0018224365314378987
737,385823BD41,담미*,,서울 성동구,한식-단품요리일반,성수,20160323,,성수동2가,서울특별시 성동구 성수이로 118,서울특별시 성동구 성수동2가 277-17,37.54517369,127.0578573,1,1,1,0.26,0.0018224365314378987
738,A4554B2296,라온***,,서울 성동구,한식-육류/고기,성수,20160830,,성수동2가,서울특별시 성동구 성수이로 119,서울특별시 성동구 성수동2가 289-9,37.5457314,127.0571469,1,1,1,0.26,0.0019223997972409028
739,4E6576A551,도*,,서울 성동구,일식당,성수,20210803,,성수동2가,서울특별시 성동구 성수이로 126,서울특별시 성동구 성수동2가 277-20,37.54611519,127.0577671,0,1,1,0.09333333333333332,0.0015583753875935
740,C7B69482A3,스텀********,,서울 성동구,카페,성수,20120927,,성수동2가,서울특별시 성동구 성수이로 147,서울특별시 성동구 성수동2가 289-319,37.54807181,127.0575676,0,1,1,0.09333333333333332,0.0011540794785321125
741,F9F46CA809,돈랑**,,서울 성동구,식료품,성수,20110915,,성수동2가,서울특별시 성동구 성수이로 32-1,서울특별시 성동구 성수동2가 335-223,37.53803966,127.0546469,0,0,1,0.03333333333333333,0.000931680300269937
742,6E89CF4713,니드**,,서울 성동구,한식-단품요리일반,,20201020,,송정동,서울특별시 성동구 송정12나길 20,서울특별시 성동구 송정동 73-533,37.55048635,127.0667166,0,0,1,0.03333333333333333,0.0009502692868662109
743,EABC01A262,쭈꾸***,,서울 성동구,한식-단품요리일반,성수,20160114,,성수동2가,서울특별시 성동구 아차산로 110,서울특별시 성동구 성수동2가 315-97,37.54418738,127.0561575,1,1,1,0.26,0.004904474493773803
744,DD91730DEC,전통*****,,서울 성동구,요리주점,성수,20160323,,성수동2가,서울특별시 성동구 아차산로 116,서울특별시 성동구 성수동2가 315-1,37.54404155,127.0566276,1,1,1,0.26,0.0030892996010427553
745,11B32F0E92,원*,,서울 성동구,호프/맥주,성수,20110704,,성수동2가,서울특별시 성동구 아차산로 116,서울특별시 성동구 성수동2가 315-1,37.54404155,127.0566276,1,1,1,0.26,0.0030892996010427553
746,294C67ABA5,우야*,,서울 성동구,한식-단품요리일반,성수,20080908,,성수동2가,서울특별시 성동구 아차산로 116,서울특별시 성동구 성수동2가 315-1,37.54404155,127.0566276,1,1,1,0.26,0.0030892996010427553
747,D89DEC9B29,맘스*******,햄버거2,서울 성동구,햄버거,성수,20210312,,성수동2가,서울특별시 성동구 아차산로 122,서울특별시 성동구 성수동2가 317-1,37.54387184,127.0574789,1,1,1,0.26,0.0020059334769217153
748,11E4EE3E27,업.************,,서울 성동구,한식-단품요리일반,성수,20180109,,성수동2가,서울특별시 성동구 연무장13길 3,서울특별시 성동구 성수동2가 273-47,37.54200034,127.0579281,0,1,1,0.09333333333333332,0.001316622522934547
749,B0177B88BD,행운**,,서울 성동구,한식뷔페,성수,20160825,,성수동2가,서울특별시 성동구 연무장13길 5,서울특별시 성동구 성수동2가 273-45,37.54215527,127.0580009,0,1,1,0.09333333333333332,0.001338187927660481
750,7A2D621B50,쓰윗********,,서울 성동구,아이스크림/빙수,성수,20240530,,성수동2가,서울특별시 성동구 연무장3길 12,서울특별시 성동구 성수동2가 302-41,37.54465465,127.0517794,0,2,3,0.22,0.00154064856628074
751,1D3FAC9886,제이***,,서울 성동구,요리주점,성수,20130829,,성수동2가,서울특별시 성동구 연무장7길 12,서울특별시 성동구 성수동2가 315-70,37.54366983,127.0548404,1,1,2,0.29333333333333333,0.0021762016344754474
752,4281813D4D,돼지*,,서울 성동구,한식-육류/고기,성수,19990309,,성수동2가,서울특별시 성동구 연무장7길 12,서울특별시 성동구 성수동2가 315-70,37.54366983,127.0548404,1,1,2,0.29333333333333333,0.0021762016344754474
753,F666E3264F,유진**,일식당3,서울 성동구,일식당,성수,20100421,,성수동2가,서울특별시 성동구 연무장7길 16,서울특별시 성동구 성수동2가 315-58,37.54394848,127.0550987,1,1,2,0.29333333333333333,0.0026810289011409715
754,3298DAD0FE,웰컴***,,서울 성동구,중식당,성수,20140702,,성수동2가,서울특별시 성동구 연무장7길 16,서울특별시 성동구 성수동2가 315-58,37.54394848,127.0550987,1,1,2,0.29333333333333333,0.0026810289011409715
755,B1640E51DF,여기****,,서울 성동구,한식-단품요리일반,,20160817,,성수동2가,서울특별시 성동구 연무장길 119,서울특별시 성동구 성수동2가 275-5,37.5405459,127.0626005,0,0,3,0.1,0.001219189789308998
756,310CE87EE4,요리*,,서울 성동구,중식당,,20091231,,성수동2가,서울특별시 성동구 연무장길 120,서울특별시 성동구 성수동2가 275-10,37.54025392,127.0622062,0,0,3,0.1,0.0011878274519614717
757,57E5E99129,우리***,,서울 성동구,농산물,성수,20121227,,성수동2가,서울특별시 성동구 연무장길 17-1,서울특별시 성동구 성수동2가 302-37,37.54366207,127.0516663,0,1,3,0.16,0.0014620711658624014
758,F653A2F32F,봄의******,,서울 성동구,양식,성수,20200511,,성수동2가,서울특별시 성동구 연무장길 81,서울특별시 성동구 성수동2가 271-24,37.54169627,127.0582472,0,1,1,0.09333333333333332,0.0012486282121824074
759,1F01798D03,리김*******,분식9,서울 성동구,분식,뚝섬,20190417,20250814.0,성수동1가,서울특별시 성동구 왕십리로 100,서울특별시 성동구 성수동1가 656-565,37.54646912,127.0448778,0,2,2,0.18666666666666665,0.0020857379567554815
760,53A8784B97,메가***********,커피전문점2,서울 성동구,커피전문점,한양대,20240819,,행당동,서울특별시 성동구 왕십리로 206,서울특별시 성동구 행당동 산17,37.55557788,127.0435845,1,1,1,0.26,0.006541874309206617
761,C3E5582C1B,빨강**,,서울 성동구,분식,한양대,20121120,,행당동,서울특별시 성동구 왕십리로 211,서울특별시 성동구 행당동 33-8,37.55638805,127.0431111,1,1,3,0.32666666666666666,0.002490061199488719
762,03803D77FE,엄마*,,서울 성동구,백반/가정식,한양대,20150612,,행당동,서울특별시 성동구 왕십리로 213,서울특별시 성동구 행당동 33-6,37.55650593,127.0430446,1,1,4,0.36,0.002360838271311761
763,6EFA1D03C5,본초***,,서울 성동구,일식-덮밥/돈가스,한양대,20130319,,행당동,서울특별시 성동구 왕십리로 215,서울특별시 성동구 행당동 33-5,37.55672248,127.0429438,1,1,4,0.36,0.002189963837677121
764,43B9C1697C,카페*,,서울 성동구,카페,한양대,20150813,,사근동,서울특별시 성동구 왕십리로 222,서울특별시 성동구 사근동 110,37.55450355,127.0466112,0,1,1,0.09333333333333332,0.0015509391428769005
765,7439039EF1,나인***********,,서울 성동구,카페,왕십리,20121030,,행당동,서울특별시 성동구 왕십리로 285,서울특별시 성동구 행당동 249-4,37.55975051,127.0363419,1,3,4,0.48,0.0032057536658386806
766,F67809447B,똥파*,,서울 성동구,요리주점,왕십리,20061130,,하왕십리동,서울특별시 성동구 왕십리로 327,서울특별시 성동구 하왕십리동 966-14,37.56239423,127.0332244,0,4,5,0.4066666666666667,0.0023810869232353425
767,D0ACBE7CA2,재래**,,서울 성동구,농산물,왕십리,20221004,,하왕십리동,서울특별시 성동구 왕십리로 329,서울특별시 성동구 하왕십리동 966-13,37.56251935,127.0330285,0,4,5,0.4066666666666667,0.002326876636045053
768,D8C7681945,본죽*****,한식-죽1,서울 성동구,한식-죽,왕십리,20141015,,도선동,서울특별시 성동구 왕십리로 330,서울특별시 성동구 도선동 256-7,37.56292328,127.0332705,0,4,5,0.4066666666666667,0.0023311304364643515
769,4DAE33EA04,경희****,,서울 성동구,건강식품,왕십리,20130401,,도선동,서울특별시 성동구 왕십리로 336,서울특별시 성동구 도선동 257,37.563151,127.0328462,0,3,5,0.3466666666666667,0.0022430893414761522
770,2541119B6A,백남********,,서울 성동구,한식-단품요리일반,왕십리,20190813,,도선동,서울특별시 성동구 왕십리로 340,서울특별시 성동구 도선동 285-1,37.56335321,127.0324069,0,3,5,0.3466666666666667,0.0022044972896041832
771,AC58EEAF8F,피자********,피자8,서울 성동구,피자,,20150204,,하왕십리동,서울특별시 성동구 왕십리로 357,서울특별시 성동구 하왕십리동 946-40,37.56382871,127.0302158,1,1,5,0.3933333333333333,0.003219961878432033
772,E822E1A8E9,마시***,,서울 성동구,호프/맥주,,20121025,,도선동,서울특별시 성동구 왕십리로 362,서울특별시 성동구 도선동 363-1,37.56434558,127.030316,1,1,5,0.3933333333333333,0.0034460753339295527
773,17FCA23DD7,카페****,,서울 성동구,카페,,20140110,,하왕십리동,서울특별시 성동구 왕십리로 410,서울특별시 성동구 하왕십리동 1070,37.56660293,127.0240825,0,1,3,0.16,0.001576746168361735
774,B7C6FE8E60,희낭**,,서울 성동구,카페,,20240709,,하왕십리동,서울특별시 성동구 왕십리로 410,서울특별시 성동구 하왕십리동 1070,37.56660293,127.0240825,0,1,3,0.16,0.001576746168361735
775,2D42F25855,희유****,,서울 성동구,탕후루,,20230829,,하왕십리동,서울특별시 성동구 왕십리로 410,서울특별시 성동구 하왕십리동 1070,37.56660293,127.0240825,0,1,3,0.16,0.001576746168361735
776,5B15CE4AD1,신의******,한식-육류/고기16,서울 성동구,한식-육류/고기,,20181114,,하왕십리동,서울특별시 성동구 왕십리로 410,서울특별시 성동구 하왕십리동 1070,37.56660293,127.0240825,0,1,3,0.16,0.001576746168361735
777,FBC1A0EE75,카츠*,,서울 성동구,일식-덮밥/돈가스,,20170308,,하왕십리동,서울특별시 성동구 왕십리로 410,서울특별시 성동구 하왕십리동 1070,37.56660293,127.0240825,0,1,3,0.16,0.001576746168361735
778,66CF03A8B9,헬키*******,,서울 성동구,한식-단품요리일반,,20231103,,하왕십리동,서울특별시 성동구 왕십리로 410,서울특별시 성동구 하왕십리동 1070,37.56660293,127.0240825,0,1,3,0.16,0.001576746168361735
779,8894E49C2B,장수*****,,서울 성동구,한식-육류/고기,뚝섬,20020506,,성수동1가,서울특별시 성동구 왕십리로4길 1,서울특별시 성동구 성수동1가 660-7,37.54568651,127.0451069,0,2,2,0.18666666666666665,0.0022070229795970535
780,BDF140D87B,이천***,,서울 성동구,미곡상,답십리,20080218,,용답동,서울특별시 성동구 용답15길 10-1,서울특별시 성동구 용답동 55-3,37.56403203,127.0516149,0,2,3,0.22,0.0021103531586722144
781,022FF198C7,후루***,,서울 성동구,한식-국수/만두,답십리,20100409,,용답동,서울특별시 성동구 용답19길 16-1,서울특별시 성동구 용답동 48-3,37.56345618,127.0527003,0,2,2,0.18666666666666665,0.0020190906929629044
782,D140A43C4D,금성**,,서울 성동구,농산물,답십리,20150119,,용답동,서울특별시 성동구 용답25길 6-11,서울특별시 성동구 용답동 25-17,37.5615855,127.0541604,0,1,2,0.12666666666666665,0.0015973057503903113
783,8452B8C46E,부흥**,,서울 성동구,농산물,답십리,20070321,,용답동,서울특별시 성동구 용답25라길 23,서울특별시 성동구 용답동 47-1,37.56351803,127.0530067,0,2,2,0.18666666666666665,0.0019463107067505224
784,515A6733F3,행복**********,,서울 성동구,축산물,답십리,20090904,,용답동,서울특별시 성동구 용답25라길 23,서울특별시 성동구 용답동 47-1,37.56351803,127.0530067,0,2,2,0.18666666666666665,0.0019463107067505224
785,622D27CE49,대광**,,서울 성동구,미곡상,답십리,20050411,,용답동,서울특별시 성동구 용답중앙길 12-2,서울특별시 성동구 용답동 136-9,37.56775524,127.0494524,0,2,4,0.2533333333333333,0.001997814811323934
786,C42A4207F3,충북**,,서울 성동구,농산물,답십리,20110608,,용답동,서울특별시 성동구 용답중앙길 67,서울특별시 성동구 용답동 14-21,37.56369168,127.053138,0,2,2,0.18666666666666665,0.0019176592113337222
787,56DDDE972B,오늘**,,서울 성동구,농산물,답십리,20170717,,용답동,서울특별시 성동구 용답중앙길 72,서울특별시 성동구 용답동 45-1,37.56317914,127.0534557,0,2,2,0.18666666666666665,0.0018514734502933113
788,CA4136E334,와이************,,서울 성동구,건강식품,장한평자동차,20221021,,용답동,서울특별시 성동구 천호대로 440,서울특별시 성동구 용답동 235-5,37.56066215,127.0677758,0,1,1,0.09333333333333332,0.001313448327682641
789,74CE634D25,여러***,,서울 성동구,포장마차,,20140917,,상왕십리동,서울특별시 성동구 청계천로 426,서울특별시 성동구 상왕십리동 14-19,37.57099324,127.0243797,0,1,6,0.26,0.0017210489947987588
790,216431492C,Mr*****,,서울 성동구,한식-육류/고기,,20130916,,하왕십리동,서울특별시 성동구 청계천로 494,서울특별시 성동구 하왕십리동 258,37.56959925,127.0321679,0,0,2,0.06666666666666667,0.00123843069187188
791,3C4FAA53F0,제주****,,서울 성동구,한식-육류/고기,옥수,20100906,,옥수동,서울특별시 성동구 한림말1길 13,서울특별시 성동구 옥수동 361-1,37.54252601,127.0162275,1,2,3,0.3866666666666666,0.0028185582417849533
792,C534CA7692,오늘******,,서울 성동구,한식-육류/고기,옥수,20140514,,옥수동,서울특별시 성동구 한림말1길 16,서울특별시 성동구 옥수동 363,37.54257355,127.0164694,1,2,3,0.3866666666666666,0.0029556856347627745
793,BE8BE0B9CF,오솜**,,서울 성동구,카페,옥수,20210623,20250730.0,옥수동,서울특별시 성동구 한림말3길 10,서울특별시 성동구 옥수동 362-1,37.54206748,127.0163192,1,2,3,0.3866666666666666,0.003473513489039319
794,645C99961F,더 ******,,서울 성동구,한식-단품요리일반,옥수,20150827,,옥수동,서울특별시 성동구 한림말3길 29,서울특별시 성동구 옥수동 285-8,37.54364833,127.0153115,0,3,3,0.28,0.0019410322758762974
795,A43C78D6AE,개미**,,서울 성동구,백반/가정식,옥수,20150511,,옥수동,서울특별시 성동구 한림말3길 31,서울특별시 성동구 옥수동 285-32,37.5437658,127.0154278,0,3,3,0.28,0.0019392021746801249
796,14575F7112,둘둘**,치킨14,서울 성동구,치킨,옥수,20141023,,옥수동,서울특별시 성동구 한림말5길 11,서울특별시 성동구 옥수동 365-6,37.54233305,127.0165991,1,2,3,0.3866666666666666,0.003489858775067646
797,58C2DD4547,빈플**,,서울 성동구,카페,옥수,20140303,,옥수동,서울특별시 성동구 한림말5길 19,서울특별시 성동구 옥수동 356-2,37.54296224,127.0164314,1,2,3,0.3866666666666666,0.0025256057534250934
798,1B1710772B,DA********,,서울 성동구,베이커리,옥수,20120521,,옥수동,서울특별시 성동구 한림말길 31,서울특별시 성동구 옥수동 250-7,37.54107958,127.0145892,0,2,3,0.22,0.0019809984800295125
799,69BE861BE9,코스*,,서울 성동구,호프/맥주,왕십리,20010216,,행당동,서울특별시 성동구 행당로 125-3,서울특별시 성동구 행당동 317-56,37.55839405,127.0326679,0,2,5,0.2866666666666667,0.0020168246366922523
800,0AAC5CC72A,광동*******,수산물1,서울 성동구,수산물,왕십리,20131231,,행당동,서울특별시 성동구 행당로 127-1,서울특별시 성동구 행당동 317-53,37.55845791,127.0330798,0,2,5,0.2866666666666667,0.002011609892864601
801,167123A24F,꼬랑**,,서울 성동구,치킨,왕십리,20010706,,행당동,서울특별시 성동구 행당로17길 11,서울특별시 성동구 행당동 309-62,37.55942343,127.033368,0,3,5,0.3466666666666667,0.002179656271246393
802,02A5043FF7,왕십*****,,서울 성동구,한식-육류/고기,왕십리,20030623,,행당동,서울특별시 성동구 행당로17길 13,서울특별시 성동구 행당동 309-63,37.55952282,127.033324,0,3,5,0.3466666666666667,0.0021911600483034833
803,E434888409,먹거****,,서울 성동구,포장마차,왕십리,20070618,,행당동,서울특별시 성동구 행당로17길 16,서울특별시 성동구 행당동 293-2,37.55991073,127.0335271,0,4,5,0.4066666666666667,0.00229956867055139
804,0DF01FA34B,행당****,,서울 성동구,한식-육류/고기,왕십리,19990127,,행당동,서울특별시 성동구 행당로17길 18,서울특별시 성동구 행당동 292-8,37.56001952,127.0333773,0,4,5,0.4066666666666667,0.0022874565826506515
805,EE564B1E57,푸줏*****,,서울 성동구,한식-육류/고기,왕십리,20010605,,행당동,서울특별시 성동구 행당로17길 24,서울특별시 성동구 행당동 292-54,37.56042188,127.033169,0,4,5,0.4066666666666667,0.0023015762008034477
806,3AA1678CDE,왕십*****,,서울 성동구,한식-육류/고기,왕십리,20100621,,행당동,서울특별시 성동구 행당로17길 7,서울특별시 성동구 행당동 317-31,37.55906571,127.0334254,0,3,5,0.3466666666666667,0.0021212134575345114
807,FA17812673,왕손***,,서울 성동구,백반/가정식,행당,20130624,,행당동,서울특별시 성동구 행당로8길 13,서울특별시 성동구 행당동 322-643,37.55741913,127.0311521,1,1,4,0.36,0.0024231847300728478
808,2FC6C4F505,늘푸****,,서울 성동구,건강원,행당,19981208,,행당동,서울특별시 성동구 행당로8길 5-1,서울특별시 성동구 행당동 322-254,37.55749828,127.0303064,1,1,4,0.36,0.0036370111109870957
809,D822E86B3D,함흥***,,서울 성동구,한식-단품요리일반,,20120626,,금호동1가,서울특별시 성동구 금호로 82-1,서울특별시 성동구 금호동1가 1764-1,37.5507431,127.0259228,0,0,3,0.1,0.0011912562716828467
810,EE23179B26,노*,,서울 성동구,일식당,신금호,20120904,,금호동2가,서울특별시 성동구 금호산길 58,서울특별시 성동구 금호동2가 485-1,37.55334488,127.01956,1,1,2,0.29333333333333333,0.0023249575427973738
811,3C92DED4C1,신의*****,한식-육류/고기16,서울 성동구,한식-육류/고기,옥수,20121010,,옥수동,서울특별시 성동구 독서당로40길 5,서울특별시 성동구 옥수동 335-19,37.5445526,127.0170686,0,3,3,0.28,0.0019203673218157788
812,1095E71AA8,대용**,,서울 성동구,축산물,마장동,20111101,,마장동,서울특별시 성동구 마장로35다길 1-6,서울특별시 성동구 마장동 480-27,37.56971374,127.040201,0,1,3,0.16,0.001613809288963106
813,21373CB273,김종***,,서울 성동구,카페,뚝섬,20120106,,성수동1가,서울특별시 성동구 상원10길 16,서울특별시 성동구 성수동1가 13-116,37.54960066,127.0495277,0,1,3,0.16,0.0015053409114720684
814,9845793AAE,짬뽕**,중식당5,서울 성동구,중식당,성수,20120323,,성수동2가,서울특별시 성동구 성수이로 54,서울특별시 성동구 성수동2가 326-4,37.53985742,127.055434,0,0,1,0.03333333333333333,0.0010683611100613837
815,543C4A9834,을지******,백반/가정식19,서울 성동구,백반/가정식,성수,20120711,,성수동2가,서울특별시 성동구 아차산로 87,서울특별시 성동구 성수동2가 300-87,37.54546374,127.0540078,1,1,2,0.29333333333333333,0.0018425038274863213
816,3EB675E82D,혜성**,,서울 성동구,분식,성수,20120105,,성수동2가,서울특별시 성동구 연무장길 45,서울특별시 성동구 성수동2가 315-100,37.54288265,127.054408,0,1,2,0.12666666666666665,0.0016259168641235347
817,1F0AADBBB8,채선*,일식-샤브샤브1,서울 성동구,일식-샤브샤브,,20120524,,성수동1가,서울특별시 성동구 왕십리로 38,서울특별시 성동구 성수동1가 656-410,37.54100822,127.0442377,0,1,2,0.12666666666666665,0.0014119329678731103
818,0DABCC3BB8,엄마**,,서울 성동구,백반/가정식,금남시장,20090311,,금호동4가,서울특별시 성동구 장터길 22-1,서울특별시 성동구 금호동4가 1384,37.54821605,127.018351,0,1,3,0.16,0.0018912946946246039
819,9952AAC240,파리***********,베이커리10,서울 성동구,베이커리,옥수,20111115,,옥수동,서울특별시 성동구 한림말3길 2,서울특별시 성동구 옥수동 367-1,37.54169141,127.0169084,1,2,3,0.3866666666666666,0.007659561312641601
820,A973A20431,더코***,,서울 성동구,양식,옥수,20120518,,옥수동,서울특별시 성동구 한림말3길 8,서울특별시 성동구 옥수동 365-17,37.54185355,127.0165577,1,2,3,0.3866666666666666,0.004450751969212138
821,37FEBDD1C1,조은**,,서울 성동구,호프/맥주,마장동,20070227,,마장동,서울특별시 성동구 고산자로 337-1,서울특별시 성동구 마장동 478-34,37.56979137,127.0372908,0,1,2,0.12666666666666665,0.001424078999240633
822,C15F41870C,고고**,,서울 성동구,포장마차,,20240522,,응봉동,서울특별시 성동구 고산자로2길 14,서울특별시 성동구 응봉동 228-39,37.55232476,127.0366283,0,1,2,0.12666666666666665,0.0015313946028586258
823,E04BA9BDD4,축산***,,서울 성동구,축산물,,20020913,,응봉동,서울특별시 성동구 고산자로2길 4,서울특별시 성동구 응봉동 228-28,37.55200795,127.0355074,0,1,2,0.12666666666666665,0.0016880928304398757
824,A0CE4F5DE8,라인******,,서울 성동구,식료품,,20170213,,행당동,서울특별시 성동구 고산자로6길 40,서울특별시 성동구 행당동 140,37.5582207,127.0354825,0,3,5,0.3466666666666667,0.0020669417457713423
825,453BD22A9C,부자**,,서울 성동구,백반/가정식,,20100519,,행당동,서울특별시 성동구 고산자로8길 18,서울특별시 성동구 행당동 117-4,37.55789531,127.0359142,0,3,5,0.3466666666666667,0.0019929247174453385
826,A882497D4A,포레******************,,서울 성동구,식품 제조,뚝섬,20200102,,성수동1가,서울특별시 성동구 광나루로 130,서울특별시 성동구 성수동1가 671-6,37.55097877,127.0447207,0,2,2,0.18666666666666665,0.0014526673214331884
827,2257171AD9,석천*******,,서울 성동구,한식-국밥/설렁탕,,20160513,,송정동,서울특별시 성동구 광나루로11길 3,서울특별시 성동구 송정동 66-102,37.54852737,127.0653287,0,0,0,0.0,0.001001872835238932
828,33E9701118,희*,,서울 성동구,한식-단품요리일반,금남시장,20101006,,금호동3가,서울특별시 성동구 금호산2길 30-1,서울특별시 성동구 금호동3가 338,37.54876218,127.0227796,0,0,2,0.06666666666666667,0.001227722669157587
829,EE27570A61,먹깨****,,서울 성동구,한식-단품요리일반,신금호,20190814,,금호동2가,서울특별시 성동구 금호산길 49-1,서울특별시 성동구 금호동2가 500-17,37.55265982,127.019175,0,1,4,0.19333333333333333,0.0018957949809701592
830,D827FBA72F,채원******,,서울 성동구,한식-감자탕,신금호,20161031,,금호동2가,서울특별시 성동구 금호산길 53-1,서울특별시 성동구 금호동2가 488-1,37.55310373,127.0192712,1,1,4,0.36,0.002098536351624105
831,018DD7E495,동원*,,서울 성동구,중식당,금남시장,20150608,,금호동4가,서울특별시 성동구 독서당로 296-8,서울특별시 성동구 금호동4가 570,37.54791067,127.0217106,0,0,3,0.1,0.0013081173692785955
832,68EF8A24E8,왕칼**,,서울 성동구,한식-국수/만두,금남시장,20100423,,금호동3가,서울특별시 성동구 독서당로 303-6,서울특별시 성동구 금호동3가 314,37.54844078,127.0228677,0,0,2,0.06666666666666667,0.0012236560244767458
833,B7BB25BF59,지연****,,서울 성동구,룸살롱/단란주점,금남시장,20030113,,금호동3가,서울특별시 성동구 독서당로 307-1,서울특별시 성동구 금호동3가 303,37.54833884,127.0230402,0,0,2,0.06666666666666667,0.0012139584755407802
834,ACC0BA1B1B,육*,,서울 성동구,한식-육류/고기,성수,20130905,,성수동2가,서울특별시 성동구 뚝섬로 385-32,서울특별시 성동구 성수동2가 339-160,37.53939724,127.0543573,0,0,1,0.03333333333333333,0.001025503795587975
835,34F9A062DD,명태*,,서울 성동구,한식-해물/생선,성수,20150908,,성수동2가,서울특별시 성동구 뚝섬로 385-32,서울특별시 성동구 성수동2가 339-160,37.53939724,127.0543573,0,0,1,0.03333333333333333,0.001025503795587975
836,378316C068,체*,,서울 성동구,호프/맥주,왕십리,20151106,,홍익동,서울특별시 성동구 마장로 228-18,서울특별시 성동구 홍익동 122-7,37.56576638,127.0354252,0,1,5,0.22666666666666668,0.0018674059222829535
837,1B2F00A1CC,다*,,서울 성동구,중식당,왕십리,20080704,,홍익동,서울특별시 성동구 마장로 228-24,서울특별시 성동구 홍익동 122-9,37.56566588,127.0355482,0,2,5,0.2866666666666667,0.0019030803958180347
838,C6078C61EF,대촌*,,서울 성동구,한식-육류/고기,,20020424,,홍익동,서울특별시 성동구 마장로23길 4,서울특별시 성동구 홍익동 112,37.56684048,127.0322153,0,1,4,0.19333333333333333,0.0015512794570861613
839,FA6BD5D16F,왕십****,,서울 성동구,한식-찌개/전골,왕십리,20140828,,홍익동,서울특별시 성동구 마장로26길 16,서울특별시 성동구 홍익동 128,37.56536833,127.0360064,0,3,5,0.3466666666666667,0.0020278408987516963
840,DDAA9A9275,용두**,,서울 성동구,축산물,,20160812,,마장동,서울특별시 성동구 마장로27길 11,서울특별시 성동구 마장동 533-7,37.56711532,127.0339965,0,0,5,0.16666666666666669,0.0015176244483261438
841,FE0080F280,궁중**,,서울 성동구,한식-육류/고기,마장동,20140730,,마장동,서울특별시 성동구 마장로29길 40,서울특별시 성동구 마장동 478-9,37.56947896,127.03683,0,0,2,0.06666666666666667,0.001389715982975398
842,AD22A7162D,임하**,,서울 성동구,축산물,마장동,20050920,,마장동,서울특별시 성동구 마장로31가길 6,서울특별시 성동구 마장동 511-12,37.56945835,127.0384479,0,0,3,0.1,0.0015071895445719855
843,34202B73D6,경지**,,서울 성동구,축산물,마장동,20140124,,마장동,서울특별시 성동구 마장로31길 34,서울특별시 성동구 마장동 511-10,37.56934849,127.0382531,0,0,3,0.1,0.0014959530865267445
844,B6EC787096,대광**,,서울 성동구,축산물,마장동,20111026,,마장동,서울특별시 성동구 마장로31길 40,서울특별시 성동구 마장동 510-3,37.56979398,127.0384065,0,1,3,0.16,0.0015001652398181388
845,C710E8B62F,청운**,,서울 성동구,축산물,마장동,20150126,,마장동,서울특별시 성동구 마장로31길 40,서울특별시 성동구 마장동 510-3,37.56979398,127.0384065,0,1,3,0.16,0.0015001652398181388
846,3C9CFC0B9F,삼보**,,서울 성동구,축산물,마장동,20151222,,마장동,서울특별시 성동구 마장로31길 44,서울특별시 성동구 마장동 509-5,37.57010218,127.0385098,0,1,3,0.16,0.0015083913359117715
847,66E5115662,순창**,,서울 성동구,축산물,마장동,20071018,,마장동,서울특별시 성동구 마장로31길 48,서울특별시 성동구 마장동 507-5,37.57044561,127.0385867,0,1,3,0.16,0.0015345495583630592
848,08108678CB,대한**,,서울 성동구,축산물,마장동,20140903,,마장동,서울특별시 성동구 마장로35길 66,서울특별시 성동구 마장동 439-2,37.57085761,127.0410788,0,2,3,0.22,0.0016240438279440435
849,25100A92DC,마장******,,서울 성동구,한식-육류/고기,마장동,20110901,,마장동,서울특별시 성동구 마장로35길 68,서울특별시 성동구 마장동 439-1,37.57068248,127.0412753,0,2,3,0.22,0.0016303608823779174
850,2358FEB402,몽실**,,서울 성동구,축산물,마장동,20131030,20250805.0,마장동,서울특별시 성동구 마장로35길 70,서울특별시 성동구 마장동 761-8,37.57064355,127.0415289,0,2,3,0.22,0.0016409802843997043
851,30A5227B23,한국**,,서울 성동구,축산물,마장동,20071206,,마장동,서울특별시 성동구 마장로35나길 3,서울특별시 성동구 마장동 481-42,37.56882268,127.0398414,0,1,4,0.19333333333333333,0.0016512799423413706
852,261CA88AD3,현대**,,서울 성동구,축산물,마장동,20130315,,마장동,서울특별시 성동구 마장로35나길 4,서울특별시 성동구 마장동 487-54,37.56872655,127.0395704,0,1,5,0.22666666666666668,0.0016345973101921942
853,A0C37B29DA,삼형***,,서울 성동구,축산물,마장동,20071020,,마장동,서울특별시 성동구 마장로35다길 9,서울특별시 성동구 마장동 480-13,37.56972903,127.0405205,0,1,3,0.16,0.0016335032278995503
854,E999F941CF,대용*****,,서울 성동구,축산물,마장동,20090316,,마장동,서울특별시 성동구 마장로35다길 9,서울특별시 성동구 마장동 480-13,37.56972903,127.0405205,0,1,3,0.16,0.0016335032278995503
855,EF32AB6F09,대성**,,서울 성동구,축산물,마장동,20110907,,마장동,서울특별시 성동구 마장로35다길 9,서울특별시 성동구 마장동 480-13,37.56972903,127.0405205,0,1,3,0.16,0.0016335032278995503
856,40B3115ED5,영양**,,서울 성동구,축산물,마장동,20140428,,마장동,서울특별시 성동구 마장로35다길 9,서울특별시 성동구 마장동 480-13,37.56972903,127.0405205,0,1,3,0.16,0.0016335032278995503
857,A849839BC8,누리**,,서울 성동구,축산물,마장동,20150703,,마장동,서울특별시 성동구 마장로35다길 9,서울특별시 성동구 마장동 480-13,37.56972903,127.0405205,0,1,3,0.16,0.0016335032278995503
858,3185CC12C8,영남****,,서울 성동구,축산물,,20100913,,마장동,서울특별시 성동구 마장로37길 40,서울특별시 성동구 마장동 766-8,37.56899598,127.0410507,0,2,3,0.22,0.001746616710582248
859,3B10BE8CBB,창민**,,서울 성동구,축산물,마장동,20150108,20250717.0,마장동,서울특별시 성동구 마장로37길 43,서울특별시 성동구 마장동 762-17,37.56934379,127.0409732,0,2,3,0.22,0.0016991573019731487
860,3E36C045C0,한일***,,서울 성동구,축산물,마장동,20180823,,마장동,서울특별시 성동구 마장로37길 53,서울특별시 성동구 마장동 761-19,37.57020028,127.0414875,0,2,3,0.22,0.0016612894034716264
861,B0292898CE,마장****,,서울 성동구,한식-육류/고기,마장동,20140407,,마장동,서울특별시 성동구 마장로37길 53,서울특별시 성동구 마장동 761-19,37.57020028,127.0414875,0,2,3,0.22,0.0016612894034716264
862,844FB79595,한우**,,서울 성동구,축산물,마장동,20160504,,마장동,서울특별시 성동구 마장로37길 59,서울특별시 성동구 마장동 761-3,37.57057325,127.0418605,0,1,3,0.16,0.0016597987708336659
863,1958977F7D,한우************,,서울 성동구,한식-육류/고기,마장동,20160429,,마장동,서울특별시 성동구 마장로37길 59,서울특별시 성동구 마장동 761-3,37.57057325,127.0418605,0,1,3,0.16,0.0016597987708336659
864,FF0B7211A6,동일**,,서울 성동구,축산물,,20161205,,마장동,서울특별시 성동구 마장로39길 14,서울특별시 성동구 마장동 770-14,37.56651021,127.0421183,1,1,5,0.3933333333333333,0.0034930768967199495
865,50431C729D,청량*****,,서울 성동구,한식-해물/생선,,20160608,,마장동,서울특별시 성동구 마장로39길 24,서울특별시 성동구 마장동 770-1,37.56732696,127.0428858,1,2,4,0.41999999999999993,0.0026664614923525265
866,6466B7724E,추억*******,,서울 성동구,한식-국수/만두,,20140219,,마장동,서울특별시 성동구 마장로40길 10,서울특별시 성동구 마장동 793-1,37.56506285,127.0433668,1,1,6,0.42666666666666664,0.0029047219527492795
867,B7E66CE21B,달무**,,서울 성동구,반찬,,20120914,,마장동,서울특별시 성동구 마장로42길 14,서울특별시 성동구 마장동 784,37.56590754,127.0452562,0,2,5,0.2866666666666667,0.0022697255237186563
868,6D331F1EE9,카페***************,카페9,서울 성동구,카페,한양대,20110921,,행당동,서울특별시 성동구 마조로11길 17,서울특별시 성동구 행당동 1-23,37.56169763,127.0395129,1,3,4,0.48,0.004291122839962557
869,291BA8B14B,청진****,한식-국밥/설렁탕12,서울 성동구,한식-국밥/설렁탕,,20081224,,마장동,서울특별시 성동구 마조로18길 21,서울특별시 성동구 마장동 782-7,37.56619836,127.0436518,1,2,5,0.4533333333333333,0.004449391431720442
870,F1F48E332E,한양****,,서울 성동구,꼬치구이,한양대,20100311,,행당동,서울특별시 성동구 마조로1가길 20,서울특별시 성동구 행당동 4-30,37.56030059,127.0404338,0,3,5,0.3466666666666667,0.002604490613401693
871,30A3576891,요거********,아이스크림/빙수5,서울 성동구,아이스크림/빙수,한양대,20140821,,행당동,서울특별시 성동구 마조로1가길 3,서울특별시 성동구 행당동 4-3,37.56047539,127.0396267,1,3,5,0.5133333333333334,0.0031701027695988254
872,D491F00E17,복돼****,,서울 성동구,한식-육류/고기,한양대,20050504,,행당동,서울특별시 성동구 마조로1길 26-5,서울특별시 성동구 행당동 19-64,37.55970421,127.0396773,0,3,5,0.3466666666666667,0.0026257166294617494
873,F961D19759,이수***,,서울 성동구,한식-육류/고기,한양대,20080318,,행당동,서울특별시 성동구 마조로3가길 21,서울특별시 성동구 행당동 19-60,37.55950706,127.039974,0,3,5,0.3466666666666667,0.0024345616476192204
874,051EE5224E,천*,,서울 성동구,호프/맥주,한양대,20021220,,행당동,서울특별시 성동구 마조로3가길 27,서울특별시 성동구 행당동 19-58,37.55977336,127.0400579,0,3,5,0.3466666666666667,0.0025280958889472476
875,78443A3289,동래********,,서울 성동구,한식-단품요리일반,한양대,20150420,,행당동,서울특별시 성동구 마조로3가길 30,서울특별시 성동구 행당동 19-45,37.55981166,127.040307,0,3,5,0.3466666666666667,0.0024590133333070724
876,17B71ACAEE,춘천*****,한식-육류/고기26,서울 성동구,한식-육류/고기,한양대,20160617,,행당동,서울특별시 성동구 마조로7길 7-1,서울특별시 성동구 행당동 3-12,37.56069967,127.0403557,0,3,5,0.3466666666666667,0.0028085815279640797
877,359DA6198A,쭈식***,,서울 성동구,한식-육류/고기,한양대,20140822,,행당동,서울특별시 성동구 마조로7길 9-1,서울특별시 성동구 행당동 3-10,37.56070291,127.0400923,1,3,5,0.5133333333333334,0.0029838499450622214
878,2DF77932A4,소*,,서울 성동구,분식,왕십리,20160108,,홍익동,서울특별시 성동구 무학로10길 33,서울특별시 성동구 홍익동 206,37.56586046,127.0344584,0,1,5,0.22666666666666668,0.0017896273351129283
879,ED3A70B3FF,마블**,,서울 성동구,축산물,마장동,20140324,,마장동,서울특별시 성동구 무학로14길 57,서울특별시 성동구 마장동 464-3,37.56960137,127.0360462,0,0,2,0.06666666666666667,0.0013526370027284614
880,779A336040,아라**,,서울 성동구,일식-참치회,왕십리,20100524,,도선동,서울특별시 성동구 무학로2길 23-1,서울특별시 성동구 도선동 311-34,37.56376952,127.0325712,0,3,5,0.3466666666666667,0.0021672356029490856
881,BC73C4C3E0,전주**,,서울 성동구,백반/가정식,왕십리,20021104,,하왕십리동,서울특별시 성동구 무학봉15가길 1,서울특별시 성동구 하왕십리동 974-3,37.56150171,127.0308672,0,2,5,0.2866666666666667,0.0020335121111986097
882,8E3ACDFC79,산고****,,서울 성동구,한식-국수/만두,왕십리,20150511,,하왕십리동,서울특별시 성동구 무학봉15길 26,서울특별시 성동구 하왕십리동 955-14,37.56337445,127.0304556,1,1,5,0.3933333333333333,0.002585420047965545
883,BEFC627F89,오시*,,서울 성동구,한식-단품요리일반,왕십리,20141204,,행당동,서울특별시 성동구 무학봉16길 21,서울특별시 성동구 행당동 298-40,37.56001484,127.033046,0,3,5,0.3466666666666667,0.0022221919124623076
884,BFA2953286,여러**********,,서울 성동구,일식-덮밥/돈가스,왕십리,20240228,,하왕십리동,서울특별시 성동구 무학봉25길 20,서울특별시 성동구 하왕십리동 959-1,37.5634413,127.0311844,1,1,5,0.3933333333333333,0.002352735606575338
885,AD5F5FFA6F,봉구********,호프/맥주2,서울 성동구,호프/맥주,왕십리,20150624,,하왕십리동,서울특별시 성동구 무학봉26길 10,서울특별시 성동구 하왕십리동 966-50,37.56162708,127.0327453,0,4,5,0.4066666666666667,0.0022870690589087274
886,FC4868D4E3,칼국*,,서울 성동구,한식-국수/만두,왕십리,19960610,,하왕십리동,서울특별시 성동구 무학봉26길 9-1,서울특별시 성동구 하왕십리동 1076,37.5616844,127.0330147,0,4,5,0.4066666666666667,0.0023526928794161527
887,7E7BE1BF67,수현**,,서울 성동구,일식당,왕십리,20121029,,행당동,서울특별시 성동구 무학봉28길 12,서울특별시 성동구 행당동 286-17,37.5618795,127.0331908,0,4,5,0.4066666666666667,0.0023998087355314953
888,BD730ED969,씨씨****,,서울 성동구,카페,왕십리,20141126,,행당동,서울특별시 성동구 무학봉28길 19,서울특별시 성동구 행당동 286-13,37.56171782,127.033979,0,3,5,0.3466666666666667,0.0027096060709933057
889,4E44FC37D5,최영*******,,서울 성동구,한식-육류/고기,왕십리,20160129,,행당동,서울특별시 성동구 무학봉28길 21,서울특별시 성동구 행당동 286-12,37.56160173,127.0341401,0,3,5,0.3466666666666667,0.0027995644423356096
890,462A0062E2,일*,,서울 성동구,중식당,,20130926,,하왕십리동,서울특별시 성동구 무학봉길 64-4,서울특별시 성동구 하왕십리동 980-1,37.56062273,127.0296849,0,2,5,0.2866666666666667,0.0018906792058795314
891,CA5307D30A,포레**,,서울 성동구,카페,왕십리,20150730,,하왕십리동,서울특별시 성동구 무학봉길 93-1,서울특별시 성동구 하왕십리동 966-8,37.56244555,127.0320493,0,3,5,0.3466666666666667,0.002195734299182666
892,46EE1185BE,삼거***,,서울 성동구,백반/가정식,한양대,20121227,,사근동,서울특별시 성동구 사근동10길 2-1,서울특별시 성동구 사근동 181-7,37.56088102,127.0478913,0,1,4,0.19333333333333333,0.0017338477147889942
893,942B127362,집*,,서울 성동구,백반/가정식,뚝섬,20060914,,성수동1가,서울특별시 성동구 상원10길 13-1,서울특별시 성동구 성수동1가 13-25,37.54969032,127.0492976,0,1,3,0.16,0.0015133845986872103
894,9E719E496C,라프*,,서울 성동구,카페,,20210317,,성수동1가,서울특별시 성동구 서울숲2길 8-8,서울특별시 성동구 성수동1가 685-495,37.54725249,127.0394434,0,0,3,0.1,0.0013370377767566327
895,A153724F2C,사운****,,서울 성동구,일반 유흥주점,뚝섬,20190423,,성수동1가,서울특별시 성동구 서울숲6길 20,서울특별시 성동구 성수동1가 668-19,37.54732154,127.0436997,0,2,2,0.18666666666666665,0.0017259738699481602
896,3E65F94B3C,한남***********,,서울 성동구,요리주점,성수,20140814,,성수동2가,서울특별시 성동구 성덕정11길 22,서울특별시 성동구 성수동2가 339-45,37.5390346,127.0535475,0,0,1,0.03333333333333333,0.0009935771562479747
897,A7D92FCCC6,꾸이******,,서울 성동구,한식-단품요리일반,성수,20210625,,성수동2가,서울특별시 성동구 성덕정15길 12,서울특별시 성동구 성수동2가 336-2,37.53863204,127.0539409,0,0,1,0.03333333333333333,0.0009663590067681951
898,5F8D82CC87,미정****,,서울 성동구,한식-해물/생선,성수,20080204,,성수동2가,서울특별시 성동구 성덕정15길 6-5,서울특별시 성동구 성수동2가 335-138,37.5382976,127.053906,0,0,1,0.03333333333333333,0.0009439907967022275
899,01F74A3D59,영계*******,,서울 성동구,치킨,성수,20161201,,성수동2가,서울특별시 성동구 성덕정17길 8-1,서울특별시 성동구 성수동2가 331-233,37.53803906,127.0553536,0,0,1,0.03333333333333333,0.0009350890311775014
900,151654BA1D,조개*,,서울 성동구,한식-해물/생선,성수,20131226,,성수동2가,서울특별시 성동구 성덕정17길 8-1,서울특별시 성동구 성수동2가 331-233,37.53803906,127.0553536,0,0,1,0.03333333333333333,0.0009350890311775014
901,A6EA097570,아이**,,서울 성동구,요리주점,,20090903,,성수동2가,서울특별시 성동구 성덕정19길 17,서울특별시 성동구 성수동2가 331-41,37.53762502,127.0571194,0,0,1,0.03333333333333333,0.0009338415210268104
902,5B86E12858,미경**,,서울 성동구,백반/가정식,,20110228,,성수동2가,서울특별시 성동구 성덕정길 135-1,서울특별시 성동구 성수동2가 225-10,37.53666546,127.0584085,0,0,0,0.0,0.0009343343278234391
903,56BE624635,찬찬*,,서울 성동구,한식-단품요리일반,성수,20150424,,성수동1가,서울특별시 성동구 성덕정길 47-1,서울특별시 성동구 성수동1가 41-1,37.53856229,127.0490096,0,0,1,0.03333333333333333,0.0009730624967118495
904,88E4663BB3,달라***,,서울 성동구,한식-단품요리일반,성수,20130703,,성수동1가,서울특별시 성동구 성덕정길 48-1,서울특별시 성동구 성수동1가 221-8,37.53835202,127.0489435,0,0,1,0.03333333333333333,0.0009590354970709272
905,51546F4B94,연탄***,,서울 성동구,한식-육류/고기,성수,20130906,,성수동2가,서울특별시 성동구 성수이로 32-5,서울특별시 성동구 성수동2가 335-11,37.53801246,127.0548361,0,0,1,0.03333333333333333,0.0009310225352629593
906,81E3DAF03B,크래*****,,서울 성동구,한식-단품요리일반,성수,20160805,20250811.0,성수동2가,서울특별시 성동구 성수이로 32-7,서울특별시 성동구 성수동2가 335-12,37.53797507,127.0548301,0,0,1,0.03333333333333333,0.0009288049835443305
907,52FFF088FE,어랑**,,서울 성동구,한식-해물/생선,성수,20050329,,성수동2가,서울특별시 성동구 성수이로3길 19,서울특별시 성동구 성수동2가 492-2,37.53734022,127.0524606,0,0,0,0.0,0.0008787267972129278
908,9D343EC3C4,태상**,,서울 성동구,식품 제조,성수,20080314,,성수동2가,서울특별시 성동구 성수이로3길 21,서울특별시 성동구 성수동2가 495,37.5375029,127.0523338,0,0,0,0.0,0.0008872543640237032
909,81A9553F88,굴*,,서울 성동구,카페,성수,20190227,,성수동2가,서울특별시 성동구 성수이로5길 1,서울특별시 성동구 성수동2가 520-2,37.53627852,127.0535778,0,0,0,0.0,0.0008329854954399717
910,F18AEC23C8,성수**,,서울 성동구,일식-초밥/롤,성수,20150825,,성수동2가,서울특별시 성동구 성수이로7길 1,서울특별시 성동구 성수동2가 339-137,37.53950519,127.0549258,0,0,1,0.03333333333333333,0.0010362803433454923
911,134895DA5B,키베***,,서울 성동구,베이커리,성수,20180319,,성수동1가,서울특별시 성동구 성수일로 11-2,서울특별시 성동구 성수동1가 656-95,37.54176685,127.0484115,0,1,3,0.16,0.0013753372715680804
912,BAE4DBE504,성수******,,서울 성동구,한식-육류/고기,뚝섬,20100303,,성수동1가,서울특별시 성동구 성수일로 59-1,서울특별시 성동구 성수동1가 14-70,37.5459362,127.0499744,0,1,3,0.16,0.0017907882186846582
913,FCBC6ED9BA,마이*********,,서울 성동구,샌드위치/토스트,성수,20220426,,성수동1가,서울특별시 성동구 성수일로3길 2,서울특별시 성동구 성수동1가 656-58,37.54210944,127.0485508,0,1,3,0.16,0.0014204669929912504
914,5C6A6CA90A,유월*,,서울 성동구,한식-육류/고기,성수,20240626,,성수동1가,서울특별시 성동구 성수일로4길 2,서울특별시 성동구 성수동1가 27-1,37.54304913,127.049341,0,2,3,0.22,0.001487015411758321
915,EB1FBD0949,용이*,,서울 성동구,분식,성수,20150217,,성수동2가,서울특별시 성동구 성수일로8길 5,서울특별시 성동구 성수동2가 284-55,37.54707463,127.0516163,0,2,3,0.22,0.001535043123130224
916,456FAA8479,화*,,서울 성동구,한식-육류/고기,성수,20160503,,성수동2가,서울특별시 성동구 성수일로8길 5,서울특별시 성동구 성수동2가 284-55,37.54707463,127.0516163,0,2,3,0.22,0.001535043123130224
917,84840BD483,두찜******,한식-육류/고기7,서울 성동구,한식-육류/고기,성수,20231121,,성수동2가,서울특별시 성동구 성수일로8길 5,서울특별시 성동구 성수동2가 284-55,37.54707463,127.0516163,0,2,3,0.22,0.001535043123130224
918,3CD5747A9B,데일****,,서울 성동구,샌드위치/토스트,성수,20220620,,성수동2가,서울특별시 성동구 성수일로8길 5,서울특별시 성동구 성수동2가 284-55,37.54707463,127.0516163,0,2,3,0.22,0.001535043123130224
919,7634BB5C6E,제일***,,서울 성동구,한식-단품요리일반,성수,20241011,,성수동2가,서울특별시 성동구 아차산로 100,서울특별시 성동구 성수동2가 300-1,37.5445024,127.0560905,1,1,1,0.26,0.013751219624527685
920,A88840BB81,서산**,,서울 성동구,한식뷔페,,19990622,,성수동2가,서울특별시 성동구 아차산로13길 6,서울특별시 성동구 성수동2가 277-60,37.54367341,127.0607897,0,1,1,0.09333333333333332,0.0012189766614490655
921,3751A3FD2E,태양*,,서울 성동구,중식당,성수,20000131,,성수동2가,서울특별시 성동구 아차산로7길 19,서울특별시 성동구 성수동2가 289-84,37.5468643,127.0546986,0,1,2,0.12666666666666665,0.0015214568951097344
922,ADF92BAABD,권식**,,서울 성동구,한식-육류/고기,성수,20151030,,성수동2가,서울특별시 성동구 아차산로7길 4,서울특별시 성동구 성수동2가 300-64,37.5455816,127.0543791,1,1,2,0.29333333333333333,0.0019314139086227002
923,6624D7D635,아름**,,서울 성동구,식료품,성수,20070921,,성수동2가,서울특별시 성동구 아차산로7길 41,서울특별시 성동구 성수동2가 299-11,37.54886651,127.0556357,0,1,2,0.12666666666666665,0.0011501954599170618
924,B3CE00A387,몽땅***,한식-육류/고기17,서울 성동구,한식-육류/고기,성수,20130612,,성수동2가,서울특별시 성동구 아차산로7길 8,서울특별시 성동구 성수동2가 289-15,37.54585744,127.0544821,1,1,2,0.29333333333333333,0.001845473480881309
925,FDD6335CBC,카페***,,서울 성동구,카페,,20191011,,성수동2가,서울특별시 성동구 연무장15길 11,서울특별시 성동구 성수동2가 273-13,37.54282174,127.058906,0,1,1,0.09333333333333332,0.0013440256118749552
926,566804A508,정든**,,서울 성동구,백반/가정식,화양시장,20220214,,성수동2가,서울특별시 성동구 연무장15길 11,서울특별시 성동구 성수동2가 273-13,37.54282174,127.058906,0,1,1,0.09333333333333332,0.0013440256118749552
927,DE2C6A8F93,찌마**,,서울 성동구,이자카야,성수,20190220,,성수동2가,서울특별시 성동구 연무장3길 5-1,서울특별시 성동구 성수동2가 301-18,37.54423479,127.0513634,0,2,3,0.22,0.001508883805780506
928,B897002DD3,나이*******,,서울 성동구,햄버거,성수,20211006,,성수동2가,서울특별시 성동구 연무장5가길 7,서울특별시 성동구 성수동2가 314-13,37.54408627,127.0536716,0,1,3,0.16,0.0017798712457849947
929,31F3C37515,송여*****,,서울 성동구,한식-찌개/전골,성수,20180824,,성수동2가,서울특별시 성동구 연무장5가길 7,서울특별시 성동구 성수동2가 314-13,37.54408627,127.0536716,0,1,3,0.16,0.0017798712457849947
930,0FDB111E34,빅쭌****,,서울 성동구,한식-단품요리일반,성수,20231123,,성수동2가,서울특별시 성동구 연무장5가길 7,서울특별시 성동구 성수동2가 314-13,37.54408627,127.0536716,0,1,3,0.16,0.0017798712457849947
931,96BE5D7758,메종****,,서울 성동구,한식-육류/고기,성수,20140916,,성수동2가,서울특별시 성동구 연무장7가길 5,서울특별시 성동구 성수동2가 315-35,37.54318801,127.0549683,1,1,1,0.26,0.0018802939426783307
932,1F9B203919,루*,,서울 성동구,양식,성수,20141226,,성수동2가,서울특별시 성동구 연무장길 39-25,서울특별시 성동구 성수동2가 316-38,37.54350868,127.0539719,0,1,2,0.12666666666666665,0.0017385157190337951
933,F3F835C942,청죽***,,서울 성동구,백반/가정식,뚝섬,20000512,,성수동1가,서울특별시 성동구 왕십리로 134,서울특별시 성동구 성수동1가 656-970,37.54952648,127.0446298,0,1,3,0.16,0.0015747700395423662
934,C59F032CAC,밸런***,샌드위치/토스트1,서울 성동구,샌드위치/토스트,한양대,20090421,,행당동,서울특별시 성동구 왕십리로 223-1,서울특별시 성동구 행당동 32-2,37.55716356,127.0423264,0,1,4,0.19333333333333333,0.0019547778503870746
935,ED968D5FD1,할리********,커피전문점15,서울 성동구,커피전문점,,20151125,,행당동,서울특별시 성동구 왕십리로 275-1,서울특별시 성동구 행당동 133-2,37.55896503,127.0368922,0,3,5,0.3466666666666667,0.0025621232541646103
936,BB82FCB163,볼카***,,서울 성동구,호프/맥주,왕십리,20051202,,행당동,서울특별시 성동구 왕십리로 291-2,서울특별시 성동구 행당동 267-17,37.56018329,127.0359467,1,3,5,0.5133333333333334,0.003590630532468767
937,7D998A4E45,가요**,,서울 성동구,일반 유흥주점,왕십리,20090806,,행당동,서울특별시 성동구 왕십리로 291-2,서울특별시 성동구 행당동 267-17,37.56018329,127.0359467,1,3,5,0.5133333333333334,0.003590630532468767
938,3DB47F6D25,학다*,,서울 성동구,카페,왕십리,20110729,,행당동,서울특별시 성동구 왕십리로 296-1,서울특별시 성동구 행당동 196-27,37.56075549,127.0360098,2,3,5,0.6799999999999999,0.004712818954463291
939,51469424CB,공차**********,차1,서울 성동구,차,,20200729,,하왕십리동,서울특별시 성동구 왕십리로 357,서울특별시 성동구 하왕십리동 946-40,37.56382871,127.0302158,1,1,5,0.3933333333333333,0.003219961878432033
940,17B4A44FAF,개미**,,서울 성동구,백반/가정식,,20151119,,하왕십리동,서울특별시 성동구 왕십리로 375-1,서울특별시 성동구 하왕십리동 890,37.5644695,127.0283992,1,1,2,0.29333333333333333,0.003309532440746553
941,E411010CB1,진이*******,반찬2,서울 성동구,반찬,,20230329,,하왕십리동,서울특별시 성동구 왕십리로 410,서울특별시 성동구 하왕십리동 1070,37.56660293,127.0240825,0,1,3,0.16,0.001576746168361735
942,49E147A359,부자**,,서울 성동구,떡/한과 제조,,20170110,,하왕십리동,서울특별시 성동구 왕십리로 410,서울특별시 성동구 하왕십리동 1070,37.56660293,127.0240825,0,1,3,0.16,0.001576746168361735
943,81F1EA7323,성수***,한식-국밥/설렁탕6,서울 성동구,한식-국밥/설렁탕,뚝섬,20141017,,성수동1가,서울특별시 성동구 왕십리로 80-1,서울특별시 성동구 성수동1가 656-320,37.54470662,127.0452425,1,2,2,0.3533333333333333,0.0026853692981435155
944,292FD26A79,김밥**,분식3,서울 성동구,분식,왕십리,20070711,,행당동,서울특별시 성동구 왕십리로21길 6,서울특별시 성동구 행당동 286-18,37.56181016,127.033385,0,4,5,0.4066666666666667,0.0024612941777553397
945,00A2CF886A,별*,,서울 성동구,일반 유흥주점,왕십리,20160229,,도선동,서울특별시 성동구 왕십리로22길 6,서울특별시 성동구 도선동 65,37.56256254,127.0344606,0,4,5,0.4066666666666667,0.0028185025611305167
946,3AE0B97C20,소*,,서울 성동구,한식-육류/고기,왕십리,20081013,,도선동,서울특별시 성동구 왕십리로24길 5,서울특별시 성동구 도선동 253-4,37.56301091,127.0337337,0,4,5,0.4066666666666667,0.002418665506810492
947,305E16DCD0,양자*,,서울 성동구,중식당,왕십리,20081014,,도선동,서울특별시 성동구 왕십리로28길 5,서울특별시 성동구 도선동 340,37.56426852,127.0314623,1,1,5,0.3933333333333333,0.0023150568321791483
948,EED0404EC2,자연*****,,서울 성동구,농산물,,20160504,,도선동,서울특별시 성동구 왕십리로30길 8,서울특별시 성동구 도선동 370,37.565185,127.030784,1,1,4,0.36,0.00234479397790131
949,4996910EA9,송범**,,서울 성동구,백반/가정식,뚝섬,20051123,,성수동1가,서울특별시 성동구 왕십리로5길 19,서울특별시 성동구 성수동1가 685-201,37.54773439,127.043683,0,2,2,0.18666666666666665,0.001681911697050777
950,9608F27C4D,일월***,,서울 성동구,한식-단품요리일반,뚝섬,20210609,,성수동1가,서울특별시 성동구 왕십리로6길 2,서울특별시 성동구 성수동1가 661-2,37.54612272,127.0450176,0,2,2,0.18666666666666665,0.0021426768629506303
951,80644746,샵아**,요리주점1,서울 성동구,요리주점,뚝섬,20150515,,성수동1가,서울특별시 성동구 왕십리로8길 4,서울특별시 성동구 성수동1가 656-564,37.54643716,127.0450518,0,2,2,0.18666666666666665,0.0021398715413844097
952,57D0C5916A,미테**,,서울 성동구,양식,뚝섬,20160909,,성수동1가,서울특별시 성동구 왕십리로8길 5,서울특별시 성동구 성수동1가 656-385,37.54653843,127.0452845,1,2,2,0.3533333333333333,0.0022219529662583057
953,C22B08730F,서울****,,서울 성동구,호프/맥주,뚝섬,20230113,,성수동1가,서울특별시 성동구 왕십리로8길 5,서울특별시 성동구 성수동1가 656-385,37.54653843,127.0452845,1,2,2,0.3533333333333333,0.0022219529662583057
954,1C4665B740,더블**********,,서울 성동구,한식-육류/고기,뚝섬,20160922,,성수동1가,서울특별시 성동구 왕십리로8길 7,서울특별시 성동구 성수동1가 656-509,37.54644077,127.0457338,1,2,2,0.3533333333333333,0.0024118953523527185
955,1A185BC72B,집밥***,,서울 성동구,한식-해물/생선,답십리,20191119,,용답동,서울특별시 성동구 용답19가길 23,서울특별시 성동구 용답동 50-2,37.56395969,127.0524081,0,2,2,0.18666666666666665,0.002038718458259139
956,B30333D048,할루***,,서울 성동구,치킨,,20101018,,용답동,서울특별시 성동구 용답19길 10-2,서울특별시 성동구 용답동 48-9,37.56309642,127.0522767,1,2,2,0.3533333333333333,0.002218075258647893
957,DE85469897,쪽선*,,서울 성동구,한식-육류/고기,답십리,20160218,,용답동,서울특별시 성동구 용답29길 15-1,서울특별시 성동구 용답동 12-2,37.56408171,127.0543575,0,2,2,0.18666666666666665,0.0017286950794272963
958,4BB1D5083E,사거***,,서울 성동구,청과물,답십리,20070626,,용답동,서울특별시 성동구 용답중앙15길 2,서울특별시 성동구 용답동 14-20,37.56380559,127.0530957,0,2,2,0.18666666666666665,0.0019276498142616824
959,1B554AAC24,서박*****,,서울 성동구,한식-냉면,답십리,20151201,,용답동,서울특별시 성동구 용답중앙길 55,서울특별시 성동구 용답동 56-10,37.56439262,127.0522193,0,2,2,0.18666666666666665,0.002076682454380577
960,1CB111F32B,서울**,,서울 성동구,농산물,답십리,20160801,,용답동,서울특별시 성동구 용답중앙길 69,서울특별시 성동구 용답동 13-22,37.56360156,127.0533796,0,2,2,0.18666666666666665,0.0018692340239882283
961,3466CE84BF,찜사***,,서울 성동구,한식-해물/생선,답십리,20150102,,용답동,서울특별시 성동구 용답중앙길 92,서울특별시 성동구 용답동 21-13,37.56208023,127.0549595,0,1,2,0.12666666666666665,0.0014960898324852382
962,06EB542919,민들***,,서울 성동구,떡/한과 제조,옥수,20100312,,옥수동,서울특별시 성동구 한림말1길 15-2,서울특별시 성동구 옥수동 298,37.54269739,127.0161744,1,2,3,0.3866666666666666,0.0026249848325525143
963,884843D6AE,찬란********,,서울 성동구,한식-해물/생선,왕십리,20211130,,행당동,서울특별시 성동구 행당로17길 22,서울특별시 성동구 행당동 292-45,37.5602239,127.0332582,0,4,5,0.4066666666666667,0.002294369426866464
964,FB709A768C,남매***,,서울 성동구,꼬치구이,왕십리,20160111,,행당동,서울특별시 성동구 행당로17길 26,서울특별시 성동구 행당동 292-34,37.56068474,127.0330292,0,4,5,0.4066666666666667,0.0022986545678108494
965,8D93FA8AF3,파리********,베이커리10,서울 성동구,베이커리,행당,20160922,,행당동,서울특별시 성동구 행당로6길 97,서울특별시 성동구 행당동 346,37.5572008,127.0301759,1,1,4,0.36,0.004111475329321952
966,B5D809A744,남도***,,서울 성동구,한식-국밥/설렁탕,한양대,20190415,,행당동,서울특별시 성동구 마조로 9,서울특별시 성동구 행당동 19-100,37.55870903,127.0405546,0,4,4,0.3733333333333333,0.0020620009918645658
967,E2718B6445,로이*,,서울 성동구,양식,,20171011,,금호동3가,서울특별시 성동구 장터길 9,서울특별시 성동구 금호동3가 1396,37.54855621,127.0168828,1,1,3,0.32666666666666666,0.002859983474583658
968,FA8BCD6DDD,트리***********,,서울 성동구,커피전문점,신금호,20230208,,금호동1가,서울특별시 성동구 행당로 2,서울특별시 성동구 금호동1가 506-1,37.55455881,127.0204923,1,1,1,0.26,0.014028450810777091
969,F0CE500A65,알고*****,,서울 성동구,양식,신금호,20241213,,금호동1가,서울특별시 성동구 행당로 6,서울특별시 성동구 금호동1가 481-5,37.55447642,127.0207462,1,1,1,0.26,0.00612393366307981
970,2EDD8317FA,우림*****,,서울 성동구,한식-육류/고기,신금호,20190911,,금호동1가,서울특별시 성동구 행당로 6,서울특별시 성동구 금호동1가 481-5,37.55447642,127.0207462,1,1,1,0.26,0.00612393366307981
971,EDFFBFE90B,맘마*,도시락1,서울 성동구,도시락,왕십리,20120713,,행당동,서울특별시 성동구 고산자로 284,서울특별시 성동구 행당동 192-29,37.5649129,127.0367977,0,3,5,0.3466666666666667,0.0022695984605892983
972,53987F6D47,마장****,,서울 성동구,한식-육류/고기,왕십리,19990927,,행당동,서울특별시 성동구 고산자로 290,서울특별시 성동구 행당동 192-30,37.56537688,127.0366059,0,3,5,0.3466666666666667,0.0020680327211817506
973,8F5D58EB68,레이*************,,서울 성동구,한식-단품요리일반,왕십리,20120306,,마장동,서울특별시 성동구 고산자로 300,서울특별시 성동구 마장동 517,37.56629306,127.0370283,0,1,5,0.22666666666666668,0.0018115208738304239
974,DF916D9BA2,이모*,,서울 성동구,백반/가정식,신금호,20120517,,금호동2가,서울특별시 성동구 금호로13길 3,서울특별시 성동구 금호동2가 219,37.55504559,127.0196502,1,1,3,0.32666666666666666,0.003416858568347876
975,5A4B697AE7,바다******,한식-해물/생선3,서울 성동구,한식-해물/생선,금남시장,20120727,,금호동3가,서울특별시 성동구 금호산2길 19,서울특별시 성동구 금호동3가 460,37.54890734,127.0218169,0,0,2,0.06666666666666667,0.0012896429989934864
976,DE5727B21A,커피*,,서울 성동구,식료품,신금호,20120614,,금호동2가,서울특별시 성동구 무수막14길 7,서울특별시 성동구 금호동2가 654-1,37.55243812,127.0210915,0,1,2,0.12666666666666665,0.001744098952214818
977,64DD526761,꼬치*****,,서울 성동구,이자카야,왕십리,20120905,,도선동,서울특별시 성동구 무학로2길 44,서울특별시 성동구 도선동 64,37.56269071,127.0343046,0,4,5,0.4066666666666667,0.002699930845340187
978,1A011579F7,뚜레********,베이커리2,서울 성동구,베이커리,성수,20120530,,성수동2가,서울특별시 성동구 성수이로 113,서울특별시 성동구 성수동2가 289-10,37.54514224,127.0571277,1,1,1,0.26,0.0023733977238415927
979,C41A3932CE,우영***,,서울 성동구,백반/가정식,,20120905,,성수동2가,서울특별시 성동구 아차산로 144,서울특별시 성동구 성수동2가 273-15,37.54311881,127.0596099,0,1,1,0.09333333333333332,0.0012909270231189597
980,72DBCB6C77,행당***,,서울 성동구,한식-국밥/설렁탕,왕십리,20111206,,행당동,서울특별시 성동구 행당로17길 5,서울특별시 성동구 행당동 317-90,37.55891793,127.0334982,0,3,5,0.3466666666666667,0.002099650721124174
981,AB9E1046C2,우리**,,서울 성동구,청과물,,20120424,,금호동1가,서울특별시 성동구 행당로3길 18,서울특별시 성동구 금호동1가 130-19,37.55700317,127.0241076,0,2,2,0.18666666666666665,0.0015024577860455245
982,B384999F4C,양자*,,서울 성동구,중식당,마장동,20010721,,마장동,서울특별시 성동구 고산자로22길 11,서울특별시 성동구 마장동 511-5,37.56920574,127.0386161,0,0,3,0.1,0.0015269086815088138
983,0DBD011FE1,광덕**,,서울 성동구,축산물,마장동,20020723,,마장동,서울특별시 성동구 고산자로24길 11,서울특별시 성동구 마장동 509-11,37.57001497,127.0387518,0,1,3,0.16,0.0015213999533484725
984,2E56C71323,동호**,,서울 성동구,축산물,마장동,20110110,,마장동,서울특별시 성동구 고산자로24길 11,서울특별시 성동구 마장동 509-11,37.57001497,127.0387518,0,1,3,0.16,0.0015213999533484725
985,CD17D7F552,천안****,,서울 성동구,축산물,마장동,20240503,,마장동,서울특별시 성동구 고산자로24길 11,서울특별시 성동구 마장동 509-11,37.57001497,127.0387518,0,1,3,0.16,0.0015213999533484725
986,577F82A787,명가******,,서울 성동구,축산물,마장동,20130724,,마장동,서울특별시 성동구 고산자로24길 16,서울특별시 성동구 마장동 510-1,37.56972269,127.0393135,0,1,3,0.16,0.0015579526809371535
987,5E6FE68BF5,초경**,,서울 성동구,축산물,마장동,20160411,,마장동,서울특별시 성동구 고산자로24길 16,서울특별시 성동구 마장동 510-1,37.56972269,127.0393135,0,1,3,0.16,0.0015579526809371535
988,310D618597,형우**,,서울 성동구,축산물,마장동,20110406,,마장동,서울특별시 성동구 고산자로24길 17,서울특별시 성동구 마장동 509-1,37.56986433,127.0395593,0,1,3,0.16,0.0015688941391175898
989,ED68BA86A3,우리*****,,서울 성동구,축산물,마장동,20080402,,마장동,서울특별시 성동구 고산자로24길 6,서울특별시 성동구 마장동 521-1,37.56990363,127.038153,0,1,3,0.16,0.0014841966845355378
990,C168E9F433,장푸*,,서울 성동구,축산물,마장동,20110406,,마장동,서울특별시 성동구 고산자로24길 6,서울특별시 성동구 마장동 521-1,37.56990363,127.038153,0,1,3,0.16,0.0014841966845355378
991,7AE92B81E6,정선****,,서울 성동구,축산물,마장동,20131113,,마장동,서울특별시 성동구 고산자로24길 6,서울특별시 성동구 마장동 521-1,37.56990363,127.038153,0,1,3,0.16,0.0014841966845355378
992,D04449492B,고기**,,서울 성동구,축산물,마장동,20141016,,마장동,서울특별시 성동구 고산자로24길 6,서울특별시 성동구 마장동 521-1,37.56990363,127.038153,0,1,3,0.16,0.0014841966845355378
993,9CD4728087,여우*,,서울 성동구,한식-육류/고기,마장동,20130520,,마장동,서울특별시 성동구 고산자로26길 5,서울특별시 성동구 마장동 523-2,37.57079769,127.0384054,0,1,3,0.16,0.0015651978193841818
994,758D61445D,야미*,,서울 성동구,한식-단품요리일반,,20070713,,응봉동,서울특별시 성동구 고산자로2길 6-6,서울특별시 성동구 응봉동 228-25,37.55203001,127.035849,0,1,2,0.12666666666666665,0.0016485886879946884
995,9FF9872DBD,어거****,,서울 성동구,치킨,,20240405,,행당동,서울특별시 성동구 고산자로2길 65,서울특별시 성동구 행당동 380,37.55619853,127.0388365,0,1,5,0.22666666666666668,0.0016776366194526343
996,4E390D279A,드소*************,,서울 성동구,베이커리,,20160721,,행당동,서울특별시 성동구 고산자로6길 24,서울특별시 성동구 행당동 117-43,37.55742694,127.0351291,0,2,5,0.2866666666666667,0.0018311625682478014
997,F852908BF6,탐라******,,서울 성동구,한식-육류/고기,왕십리,20160622,,행당동,서울특별시 성동구 고산자로6길 33,서울특별시 성동구 행당동 319-45,37.55839206,127.0349105,0,4,4,0.3733333333333333,0.0020702955772852636
998,816828B7F6,신촌***,한식-국밥/설렁탕4,서울 성동구,한식-국밥/설렁탕,,20050124,,행당동,서울특별시 성동구 고산자로6길 40,서울특별시 성동구 행당동 140,37.5582207,127.0354825,0,3,5,0.3466666666666667,0.0020669417457713423
999,28CF1EBDA2,병천**,한식-국밥/설렁탕3,서울 성동구,한식-국밥/설렁탕,,20100211,,행당동,서울특별시 성동구 고산자로6길 40,서울특별시 성동구 행당동 140,37.5582207,127.0354825,0,3,5,0.3466666666666667,0.0020669417457713423
1000,0773FAF52A,전주******,한식-국밥/설렁탕11,서울 성동구,한식-국밥/설렁탕,,20150105,,행당동,서울특별시 성동구 고산자로6길 40,서울특별시 성동구 행당동 140,37.5582207,127.0354825,0,3,5,0.3466666666666667,0.0020669417457713423
1001,0AD65F48B1,띵스**,,서울 성동구,햄버거,,20241007,,행당동,서울특별시 성동구 고산자로8길 22,서울특별시 성동구 행당동 117-1,37.55809846,127.0362733,0,3,5,0.3466666666666667,0.002082608248457931
1002,D63B351295,동해*,,서울 성동구,중식당,,20170327,20250813.0,행당동,서울특별시 성동구 고산자로8길 26,서울특별시 성동구 행당동 128-456,37.55814213,127.0366538,0,3,5,0.3466666666666667,0.002118274887142095
1003,5F641D5F4A,두루******,,서울 성동구,한식-해물/생선,,20140904,,성수동2가,서울특별시 성동구 광나루로 320-1,서울특별시 성동구 성수동2가 281-12,37.54732664,127.0654288,0,0,0,0.0,0.001061354267355028
1004,2D2C0E00E6,24**************,한식-국밥/설렁탕1,서울 성동구,한식-국밥/설렁탕,,20180220,,성수동2가,서울특별시 성동구 광나루로 320-1,서울특별시 성동구 성수동2가 281-12,37.54732664,127.0654288,0,0,0,0.0,0.001061354267355028
1005,FBE5899725,피자**,,서울 성동구,피자,,20080123,,송정동,서울특별시 성동구 광나루로11길 19,서울특별시 성동구 송정동 73-620,37.54976515,127.0664758,0,0,1,0.03333333333333333,0.000975385311896735
1006,46D50AE96B,선희***,,서울 성동구,백반/가정식,,20100528,,송정동,서울특별시 성동구 광나루로11길 39,서울특별시 성동구 송정동 73-882,37.55129264,127.0676907,0,0,1,0.03333333333333333,0.000947751878288275
1007,50BD14C2F8,밀향*,,서울 성동구,백반/가정식,,20110308,,성수동2가,서울특별시 성동구 광나루로6길 35,서울특별시 성동구 성수동2가 280-21,37.54679973,127.0632967,0,0,1,0.03333333333333333,0.0010640137929678636
1008,F9F193955A,포미*,,서울 성동구,동남아/인도음식,,20170120,,성수동2가,서울특별시 성동구 광나루로6길 35,서울특별시 성동구 성수동2가 280-21,37.54679973,127.0632967,0,0,1,0.03333333333333333,0.0010640137929678636
1009,D59EAA6064,라성**,,서울 성동구,일식-덮밥/돈가스,,20140102,,성수동2가,서울특별시 성동구 광나루로6길 35,서울특별시 성동구 성수동2가 280-21,37.54679973,127.0632967,0,0,1,0.03333333333333333,0.0010640137929678636
1010,F7D24B9BB0,부*,,서울 성동구,백반/가정식,,20150415,,성수동2가,서울특별시 성동구 광나루로6길 49,서울특별시 성동구 성수동2가 280-4,37.54620968,127.0647558,0,0,2,0.06666666666666667,0.0011119815647414489
1011,139B280BA1,꽃잎*,,서울 성동구,백반/가정식,,20200302,,성수동2가,서울특별시 성동구 광나루로8길 11,서울특별시 성동구 성수동2가 281-2,37.54776281,127.0639486,0,0,1,0.03333333333333333,0.0010143273914989565
1012,2F2BBD5117,아재********,,서울 성동구,커피전문점,,20191227,,성수동2가,서울특별시 성동구 광나루로8길 12,서울특별시 성동구 성수동2가 280-14,37.54745505,127.0639154,0,0,1,0.03333333333333333,0.0010310171902352498
1013,B7E1268177,신금***,,서울 성동구,떡/한과 제조,신금호,20100810,,금호동2가,서울특별시 성동구 금호로13길 1-1,서울특별시 성동구 금호동2가 220-2,37.55506628,127.0198056,1,1,2,0.29333333333333333,0.0036525668095698503
1014,160DDA26E5,금옥*,,서울 성동구,백반/가정식,금남시장,20101007,,금호동4가,서울특별시 성동구 금호로3길 18-44,서울특별시 성동구 금호동4가 159,37.54787797,127.0244347,0,0,1,0.03333333333333333,0.001143491644533395
1015,6823A37A44,가보*,,서울 성동구,한식-단품요리일반,금남시장,20060720,,금호동4가,서울특별시 성동구 금호로3길 18-44,서울특별시 성동구 금호동4가 159,37.54787797,127.0244347,0,0,1,0.03333333333333333,0.001143491644533395
1016,C605E52DD9,금호**,,서울 성동구,식료품,금남시장,20140519,,금호동3가,서울특별시 성동구 금호산10길 4-9,서울특별시 성동구 금호동3가 1241,37.55072555,127.0197812,0,2,2,0.18666666666666665,0.0015285945783268297
1017,79ECEB213D,왕코***,백반/가정식16,서울 성동구,백반/가정식,금남시장,20160624,,금호동3가,서울특별시 성동구 금호산2길 17-1,서울특별시 성동구 금호동3가 456,37.54889133,127.0216705,0,0,2,0.06666666666666667,0.0013002703996268835
1018,4E94D459E2,원조***,,서울 성동구,한식-국수/만두,금남시장,20080507,,금호동3가,서울특별시 성동구 금호산2길 20-1,서울특별시 성동구 금호동3가 394,37.54879273,127.0218372,0,0,2,0.06666666666666667,0.0012889839741239413
1019,D1BD109F16,맛있***,,서울 성동구,요리주점,금남시장,20141202,,금호동3가,서울특별시 성동구 금호산2길 22-1,서울특별시 성동구 금호동3가 399-3,37.54880421,127.0220808,0,0,2,0.06666666666666667,0.0012719818801949778
1020,CC9BA90614,수랏*,,서울 성동구,식료품,금남시장,20161109,,금호동3가,서울특별시 성동구 금호산2길 22-6,서울특별시 성동구 금호동3가 395,37.54871876,127.0218262,0,0,2,0.06666666666666667,0.0012903406430379034
1021,90224EC511,뽀빠***,,서울 성동구,치킨,금남시장,20131113,,금호동3가,서울특별시 성동구 금호산2길 26-1,서울특별시 성동구 금호동3가 389-1,37.54886506,127.0224121,0,0,2,0.06666666666666667,0.0012500225315974418
1022,9710E13DA5,열정**,,서울 성동구,한식-단품요리일반,금남시장,20220228,,금호동3가,서울특별시 성동구 금호산2길 29-5,서울특별시 성동구 금호동3가 541,37.54887956,127.022893,0,0,2,0.06666666666666667,0.001220838712535838
1023,A6BE3DEBC5,어가***,,서울 성동구,일식당,금남시장,20040329,,금호동4가,서울특별시 성동구 독서당로 285-1,서울특별시 성동구 금호동4가 1095,37.547953,127.020793,0,1,3,0.16,0.0013997465679977256
1024,4BF0C08F5F,지니*****,,서울 성동구,카페,금남시장,20150513,,금호동4가,서울특별시 성동구 독서당로 290-1,서울특별시 성동구 금호동4가 575,37.54782369,127.0214041,0,1,3,0.16,0.001334624816256738
1025,644FD8375A,골목**,,서울 성동구,한식-냉면,금남시장,20121128,,금호동3가,서울특별시 성동구 독서당로 295-7,서울특별시 성동구 금호동3가 405-1,37.54853844,127.0219865,0,0,2,0.06666666666666667,0.0012803799864096331
1026,01B82F195A,스몰**,,서울 성동구,호프/맥주,금남시장,20140516,,금호동4가,서울특별시 성동구 독서당로 296-1,서울특별시 성동구 금호동4가 561-2,37.54803479,127.0218978,0,0,2,0.06666666666666667,0.0012920770548173002
1027,A1EFA7F3A4,신세***,,서울 성동구,반찬,금남시장,20140613,,금호동3가,서울특별시 성동구 독서당로 297-1,서울특별시 성동구 금호동3가 411-2,37.54836064,127.0221584,0,0,2,0.06666666666666667,0.001269858414226149
1028,E0A583DB58,카페***,,서울 성동구,카페,금남시장,20220405,,금호동3가,서울특별시 성동구 독서당로 297-3,서울특별시 성동구 금호동3가 411-3,37.54840281,127.0221093,0,0,2,0.06666666666666667,0.0012729069125962526
1029,7AFB53D14D,금호***,,서울 성동구,한식-해물/생선,금남시장,20071213,,금호동4가,서울특별시 성동구 독서당로 298-8,서울특별시 성동구 금호동4가 561-4,37.54792667,127.0219376,0,0,2,0.06666666666666667,0.0012904140744770137
1030,A1FFD25FC7,이가***,,서울 성동구,한식-육류/고기,금남시장,20020513,,금호동3가,서울특별시 성동구 독서당로 301-5,서울특별시 성동구 금호동3가 368,37.54843363,127.0225731,0,0,2,0.06666666666666667,0.0012418406909283889
1031,C81BDB335C,고향**,,서울 성동구,한식-냉면,금남시장,20010521,,금호동3가,서울특별시 성동구 독서당로 301-93,서울특별시 성동구 금호동3가 388,37.54882001,127.0223928,0,0,2,0.06666666666666667,0.001251400808386737
1032,78A451E785,도담***,,서울 성동구,한식-육류/고기,금남시장,20070426,,금호동3가,서울특별시 성동구 독서당로 303-16,서울특별시 성동구 금호동3가 309-2,37.54861791,127.0229096,0,0,2,0.06666666666666667,0.0012204536426441647
1033,438D6C2A0C,미우*,,서울 성동구,한식-단품요리일반,금남시장,20110331,,금호동3가,서울특별시 성동구 독서당로 303-17,서울특별시 성동구 금호동3가 336,37.54870074,127.0227638,0,0,2,0.06666666666666667,0.001228843153314918
1034,65E5572C9F,장군*******,,서울 성동구,한식-해물/생선,금남시장,20161129,,금호동3가,서울특별시 성동구 독서당로 303-3,서울특별시 성동구 금호동3가 323-1,37.54837279,127.0227024,0,0,2,0.06666666666666667,0.0012340967290300168
1035,ED9B54E9A4,금호***,,서울 성동구,건강원,금남시장,20211102,,금호동3가,서울특별시 성동구 독서당로 303-4,서울특별시 성동구 금호동3가 321,37.54836861,127.0228731,0,0,2,0.06666666666666667,0.0012236962981951897
1036,8D2F0E9170,희동**,,서울 성동구,한식-단품요리일반,금남시장,20150615,,금호동3가,서울특별시 성동구 독서당로 303-9,서울특별시 성동구 금호동3가 328,37.54849802,127.0227187,0,0,2,0.06666666666666667,0.0012324056822402036
1037,249C65ED4B,느*,,서울 성동구,호프/맥주,금남시장,20191105,,금호동3가,서울특별시 성동구 독서당로 315-4,서울특별시 성동구 금호동3가 230,37.54834824,127.0242779,0,0,2,0.06666666666666667,0.0011498676767288094
1038,6E8A1269CE,정드****,,서울 성동구,반찬,금남시장,20110421,,금호동3가,서울특별시 성동구 독서당로 325-1,서울특별시 성동구 금호동3가 212-2,37.54821694,127.0252538,0,0,0,0.0,0.0011100701937264159
1039,713EF07634,처갓*****,치킨30,서울 성동구,치킨,,20050510,,응봉동,서울특별시 성동구 독서당로60길 5,서울특별시 성동구 응봉동 193-118,37.54948223,127.0311823,0,1,1,0.09333333333333332,0.001373522006516672
1040,56637B5CFF,응봉*******,,서울 성동구,한식-육류/고기,,20160201,,응봉동,서울특별시 성동구 독서당로62길 4,서울특별시 성동구 응봉동 193-120,37.54965479,127.0311258,0,1,1,0.09333333333333332,0.0013769211511172612
1041,A05282EFE7,서울********,,서울 성동구,식료품,,20160912,,옥수동,서울특별시 성동구 동호로5길 131,서울특별시 성동구 옥수동 556-1,37.54777448,127.0110373,0,2,4,0.2533333333333333,0.0017913484571986543
1042,70F032FFD5,로드*************,,서울 성동구,커피전문점,방배역,20221027,,성수동1가,서울특별시 성동구 뚝섬로3길 11-5,서울특별시 성동구 성수동1가 72-87,37.54117923,127.0492511,0,1,3,0.16,0.001232120653648967
1043,5B4D253AB9,모먼********,,서울 성동구,양식,미아사거리,20240205,,성수동2가,서울특별시 성동구 뚝섬로9길 13-1,서울특별시 성동구 성수동2가 328-25,37.53949431,127.0564016,0,0,1,0.03333333333333333,0.0010343946548398537
1044,ACC89DAC44,대호**,,서울 성동구,축산물,마장동,20140317,,마장동,서울특별시 성동구 마장로31가길 5,서울특별시 성동구 마장동 510-10,37.56978121,127.0386108,0,1,3,0.16,0.001513215294905251
1045,2A46B78747,대호**,,서울 성동구,축산물,마장동,20140507,,마장동,서울특별시 성동구 마장로31가길 5,서울특별시 성동구 마장동 510-10,37.56978121,127.0386108,0,1,3,0.16,0.001513215294905251
1046,7ACE2E4135,우리**,,서울 성동구,축산물,,20090515,,마장동,서울특별시 성동구 마장로31길 11-1,서울특별시 성동구 마장동 519-3,37.56742339,127.0375238,0,0,6,0.2,0.0015979163351125126
1047,5E86C12B37,제일**,,서울 성동구,축산물,마장동,20021105,,마장동,서울특별시 성동구 마장로31나길 14,서울특별시 성동구 마장동 509-2,37.5700751,127.0392088,0,1,3,0.16,0.0015465522579491443
1048,F830EFEDC5,은성***,,서울 성동구,축산물,마장동,20090123,,마장동,서울특별시 성동구 마장로31나길 7,서울특별시 성동구 마장동 507-4,37.57041248,127.0387814,0,1,3,0.16,0.0015402455764491321
1049,B6D9ACF9C9,호수****,,서울 성동구,축산물,마장동,20141014,,마장동,서울특별시 성동구 마장로35길 42-3,서울특별시 성동구 마장동 481-7,37.56931986,127.0398192,0,1,3,0.16,0.0016108155046876149
1050,C8748625BA,궁마*,,서울 성동구,한식-육류/고기,,20000411,,마장동,서울특별시 성동구 마장로35나길 40,서울특별시 성동구 마장동 770-3,37.56718835,127.0432172,1,2,3,0.3866666666666666,0.002838591656387597
1051,C83DB3B632,화랑**,,서울 성동구,축산물,마장동,20080403,,마장동,서울특별시 성동구 마장로35나길 9,서울특별시 성동구 마장동 481-12,37.56867521,127.0403276,0,1,4,0.19333333333333333,0.0017145969484557357
1052,281D5B3CBD,부흥***,,서울 성동구,축산물,마장동,20121025,,마장동,서울특별시 성동구 마장로35다길 10,서울특별시 성동구 마장동 481-25,37.56937038,127.0404231,0,1,3,0.16,0.001652982231843152
1053,07D4C06897,하*,,서울 성동구,축산물,마장동,20121214,,마장동,서울특별시 성동구 마장로35다길 12,서울특별시 성동구 마장동 481-32,37.56932124,127.0405318,0,1,3,0.16,0.0016656816502343928
1054,20B5CCDB99,동철**,,서울 성동구,축산물,마장동,20160929,,마장동,서울특별시 성동구 마장로35다길 18,서울특별시 성동구 마장동 481-64,37.56905135,127.0406585,0,1,3,0.16,0.0017033150684967122
1055,825CCFE2CE,팔팔******,,서울 성동구,축산물,마장동,20121005,,마장동,서울특별시 성동구 마장로35다길 7,서울특별시 성동구 마장동 480-18,37.56955825,127.0403915,0,1,3,0.16,0.0016363450529353056
1056,FA56138C48,두두**,,서울 성동구,축산물,마장동,20161028,,마장동,서울특별시 성동구 마장로35다길 8,서울특별시 성동구 마장동 481-23,37.5694344,127.04028,0,1,3,0.16,0.0016372227896434427
1057,84C2CF5A0F,진덕**,,서울 성동구,축산물,마장동,20110407,,마장동,서울특별시 성동구 마장로37길 37-1,서울특별시 성동구 마장동 763-3,37.56899392,127.0407628,0,1,3,0.16,0.0017195400187774695
1058,4F2296203F,현대**,,서울 성동구,축산물,마장동,20200703,,마장동,서울특별시 성동구 마장로37길 51-1,서울특별시 성동구 마장동 761-26,37.57000035,127.0414755,0,2,3,0.22,0.001676246255674216
1059,AFFE78AA17,사랑**,,서울 성동구,축산물,마장동,20161006,,마장동,서울특별시 성동구 마장로37길 53-9,서울특별시 성동구 마장동 761-19,37.57022652,127.041413,0,2,3,0.22,0.0016547992741161987
1060,0866C50DAD,장수**,,서울 성동구,축산물,,20080502,,마장동,서울특별시 성동구 마장로39가길 23,서울특별시 성동구 마장동 770-11,37.56680568,127.0425141,1,1,5,0.3933333333333333,0.0034645822876270536
1061,BD59CF16DF,on****,,서울 성동구,호프/맥주,한양대,20101014,,행당동,서울특별시 성동구 마조로1가길 13,서울특별시 성동구 행당동 3-16,37.56050465,127.0402125,0,3,5,0.3466666666666667,0.002807459431607733
1062,6A2D56434E,도담**,치킨13,서울 성동구,치킨,한양대,20160509,20230911.0,행당동,서울특별시 성동구 마조로1가길 14,서울특별시 성동구 행당동 4-24,37.56029855,127.0400817,0,3,5,0.3466666666666667,0.0027767769726230406
1063,FDC922ABCE,라*,,서울 성동구,카페,한양대,20150409,,행당동,서울특별시 성동구 마조로1가길 17,서울특별시 성동구 행당동 3-17,37.56050433,127.0403573,0,3,5,0.3466666666666667,0.002726080906865754
1064,36D30C9B49,왕가**,,서울 성동구,한식-육류/고기,한양대,20040409,,행당동,서울특별시 성동구 마조로3가길 19,서울특별시 성동구 행당동 19-61,37.55941759,127.0399597,0,3,5,0.3466666666666667,0.0023997407052492605
1065,CA5F53A33F,왕십***,,서울 성동구,백반/가정식,한양대,20240424,,행당동,서울특별시 성동구 마조로3가길 25,서울특별시 성동구 행당동 19-57,37.55965255,127.040022,0,3,5,0.3466666666666667,0.0024849541145776552
1066,C1259FB5AB,니캉**,,서울 성동구,한식-육류/고기,한양대,20081118,,행당동,서울특별시 성동구 마조로3가길 25,서울특별시 성동구 행당동 19-57,37.55965255,127.040022,0,3,5,0.3466666666666667,0.0024849541145776552
1067,520511D96C,서울***,,서울 성동구,한식-육류/고기,한양대,20070227,,행당동,서울특별시 성동구 마조로3가길 27,서울특별시 성동구 행당동 19-58,37.55977336,127.0400579,0,3,5,0.3466666666666667,0.0025280958889472476
1068,3C9076A1D4,쇼*,,서울 성동구,이자카야,한양대,20080626,,행당동,서울특별시 성동구 마조로5길 4-10,서울특별시 성동구 행당동 3-21,37.56038253,127.0408501,0,3,5,0.3466666666666667,0.002451460969225281
1069,9DB801DF04,삼팔****,,서울 성동구,포장마차,한양대,20090602,,행당동,서울특별시 성동구 마조로5길 4-11,서울특별시 성동구 행당동 3-19,37.56049271,127.0406302,0,3,5,0.3466666666666667,0.002582766264496249
1070,6A6C827737,오투***,,서울 성동구,요리주점,한양대,20110315,,행당동,서울특별시 성동구 마조로5길 4-16,서울특별시 성동구 행당동 3-23,37.56063804,127.0408891,0,3,5,0.3466666666666667,0.0025054055574165596
1071,5F6C91EC8E,별이*******,,서울 성동구,한식-단품요리일반,한양대,20121016,,행당동,서울특별시 성동구 마조로5길 4-16,서울특별시 성동구 행당동 3-23,37.56063804,127.0408891,0,3,5,0.3466666666666667,0.0025054055574165596
1072,76B71D3DF0,껍데**,,서울 성동구,한식-육류/고기,왕십리,20130708,,도선동,서울특별시 성동구 무학로2길 42-1,서울특별시 성동구 도선동 63,37.56275877,127.0342089,0,4,5,0.4066666666666667,0.002638219515496297
1073,5FC828374B,한마***,,서울 성동구,한식-육류/고기,,20110418,,하왕십리동,서울특별시 성동구 무학봉15가길 7,서울특별시 성동구 하왕십리동 985-9,37.56109777,127.0302788,0,2,5,0.2866666666666667,0.001955107562466516
1074,B94F386154,장수***,,서울 성동구,건강원,왕십리,20080813,,하왕십리동,서울특별시 성동구 무학봉15길 11-1,서울특별시 성동구 하왕십리동 989-17,37.5622632,127.0306697,0,1,5,0.22666666666666668,0.0021241975709782755
1075,2716FFD10A,소울*************************,,서울 성동구,커피전문점,뚝섬,20171120,,성수동1가,서울특별시 성동구 상원12길 20-14,서울특별시 성동구 성수동1가 13-395,37.55033603,127.0497998,0,1,2,0.12666666666666665,0.0013666408898410406
1076,06A87DAA45,푸르******,,서울 성동구,카페,뚝섬,20190823,,성수동1가,서울특별시 성동구 서울숲2길 46-9,서울특별시 성동구 성수동1가 668-109,37.54604727,127.0436801,0,2,2,0.18666666666666665,0.001866702575940369
1077,DDCEC53100,푸르****,,서울 성동구,한식-육류/고기,뚝섬,20130603,,성수동1가,서울특별시 성동구 서울숲2길 46-9,서울특별시 성동구 성수동1가 668-109,37.54604727,127.0436801,0,2,2,0.18666666666666665,0.001866702575940369
1078,42334BE576,베로******,,서울 성동구,양식,풍산지구,20230117,,성수동1가,서울특별시 성동구 서울숲4길 20-1,서울특별시 성동구 성수동1가 668-63,37.54715389,127.0431596,0,2,2,0.18666666666666665,0.0016529721053066882
1079,149A2FAFF2,페이***,,서울 성동구,양식,뚝섬,20111004,,성수동1가,서울특별시 성동구 서울숲4길 22-1,서울특별시 성동구 성수동1가 668-52,37.54710814,127.04334,0,2,2,0.18666666666666665,0.0016849613411777874
1080,2B0A1A657D,언와**********,,서울 성동구,일식당,뚝섬,20220107,,성수동1가,서울특별시 성동구 서울숲4길 22-7,서울특별시 성동구 성수동1가 668-53,37.54698256,127.0432847,0,2,2,0.18666666666666665,0.001687267585430936
1081,DE28615258,서울**,,서울 성동구,한식-육류/고기,성수,20140113,,성수동2가,서울특별시 성동구 성덕정15길 6-9,서울특별시 성동구 성수동2가 335-136,37.53829827,127.0540107,0,0,1,0.03333333333333333,0.0009445389123715233
1082,9B88CEAD32,곱씹****,,서울 성동구,한식-단품요리일반,성수,20160105,,성수동2가,서울특별시 성동구 성덕정17길 3-1,서울특별시 성동구 성수동2가 565-19,37.53765622,127.0551786,0,0,1,0.03333333333333333,0.0009128810832648106
1083,0F62D2C2CF,우돈**,,서울 성동구,한식-육류/고기,성수,20080411,,성수동2가,서울특별시 성동구 성덕정17길 4-1,서울특별시 성동구 성수동2가 566-34,37.53765379,127.0553655,0,0,1,0.03333333333333333,0.0009138550909085069
1084,94F3CA422B,성수**,,서울 성동구,백반/가정식,성수,20180706,,성수동2가,서울특별시 성동구 성덕정17길 8-1,서울특별시 성동구 성수동2가 331-233,37.53803906,127.0553536,0,0,1,0.03333333333333333,0.0009350890311775014
1085,9AC64E44C1,삼미**,,서울 성동구,백반/가정식,,20160412,,성수동2가,서울특별시 성동구 성덕정길 146-1,서울특별시 성동구 성수동2가 210-4,37.53632953,127.0595668,0,0,0,0.0,0.0009635872787635962
1086,B2781768EE,앙골******,,서울 성동구,카페,성수,20180416,,성수동2가,서울특별시 성동구 뚝섬로11길 19-1,서울특별시 성동구 성수동2가 328-7,37.5399471,127.056328,0,0,1,0.03333333333333333,0.0010750216398696631
1087,F1B5E625FC,투다****,꼬치구이3,서울 성동구,꼬치구이,성수,20090218,,성수동2가,서울특별시 성동구 성수이로 32-24,서울특별시 성동구 성수동2가 339-90,37.53760787,127.054722,0,0,1,0.03333333333333333,0.0009075393419152172
1088,C9F99AA41B,청수***,,서울 성동구,백반/가정식,성수,20091019,,성수동2가,서울특별시 성동구 성수이로 36-10,서울특별시 성동구 성수동2가 335-23,37.53808829,127.054707,0,0,1,0.03333333333333333,0.0009348837423288927
1089,AA8C19329D,수*,,서울 성동구,중식당,성수,20151002,,성수동2가,서울특별시 성동구 성수이로10길 14,서울특별시 성동구 성수동2가 269-25,37.54013077,127.0567899,0,0,1,0.03333333333333333,0.0010920079391470382
1090,77E24452D3,우곤**,,서울 성동구,일식-덮밥/돈가스,성수,20140929,,성수동2가,서울특별시 성동구 성수이로10길 8,서울특별시 성동구 성수동2가 328-17,37.53997248,127.056022,0,0,1,0.03333333333333333,0.0010784312860384255
1091,2C8DAA2BF9,메조******************,,서울 성동구,카페,성수,20221125,,성수동2가,서울특별시 성동구 성수이로14길 5,서울특별시 성동구 성수동2가 322-42,37.54108678,127.0563202,0,1,1,0.09333333333333332,0.0012218255107869626
1092,7403ED5B56,경수**,,서울 성동구,백반/가정식,,20010627,,성수동2가,서울특별시 성동구 성수이로16길 25,서울특별시 성동구 성수동2가 269-224,37.54048662,127.0592756,0,0,1,0.03333333333333333,0.0011135265053213918
1093,0E15C8A398,리*,,서울 성동구,한식-단품요리일반,,20131028,,성수동2가,서울특별시 성동구 성수이로22길 31,서울특별시 성동구 성수동2가 277-129,37.54413403,127.0605413,0,1,1,0.09333333333333332,0.0012376533026786942
1094,1E745D32BC,장*,,서울 성동구,중식당,성수,20140221,,성수동2가,서울특별시 성동구 성수이로7길 27,서울특별시 성동구 성수동2가 333-140,37.54157394,127.0534386,0,1,1,0.09333333333333332,0.0012607195520502761
1095,727D65C942,파리**********,베이커리10,서울 성동구,베이커리,성수,20101111,,성수동2가,서울특별시 성동구 성수이로7길 27,서울특별시 성동구 성수동2가 333-140,37.54157394,127.0534386,0,1,1,0.09333333333333332,0.0012607195520502761
1096,63F465C28C,이야******,,서울 성동구,백반/가정식,성수,20150601,,성수동2가,서울특별시 성동구 성수이로7길 27,서울특별시 성동구 성수동2가 333-140,37.54157394,127.0534386,0,1,1,0.09333333333333332,0.0012607195520502761
1097,41E88640AD,대도*,,서울 성동구,한식-육류/고기,성수,20180425,,성수동2가,서울특별시 성동구 성수일로 80-17,서울특별시 성동구 성수동2가 284-53,37.54692187,127.0510889,0,1,3,0.16,0.00160916563440439
1098,47AACE684D,봉짬*,,서울 성동구,중식당,뚝섬,20140515,,성수동1가,서울특별시 성동구 성수일로11길 11,서울특별시 성동구 성수동1가 13-187,37.54922988,127.0502277,0,1,3,0.16,0.0014851587700493538
1099,8BA83008CB,주식******,,서울 성동구,커피전문점,뚝섬,20161104,,성수동1가,서울특별시 성동구 성수일로11길 8,서울특별시 성동구 성수동1가 13-202,37.54921954,127.0507897,0,1,2,0.12666666666666665,0.0014205046698603553
1100,5.19E+07,충남**,,서울 성동구,백반/가정식,성수,20060223,,성수동2가,서울특별시 성동구 성수일로12길 20,서울특별시 성동구 성수동2가 284-22,37.54817447,127.0532505,0,1,2,0.12666666666666665,0.0013276285322305881
1101,BD1918BD51,또*,,서울 성동구,백반/가정식,성수,20101230,,성수동2가,서울특별시 성동구 성수일로12길 20,서울특별시 성동구 성수동2가 284-22,37.54817447,127.0532505,0,1,2,0.12666666666666665,0.0013276285322305881
1102,1E49E0A26C,성수****,,서울 성동구,한식-육류/고기,성수,20070423,,성수동2가,서울특별시 성동구 성수일로12길 33,서울특별시 성동구 성수동2가 299-233,37.54773441,127.0546597,0,1,2,0.12666666666666665,0.0013390422515457418
1103,07C53B9164,브라***,,서울 성동구,주류,성수,20110119,,성수동2가,서울특별시 성동구 성수일로4길 25,서울특별시 성동구 성수동2가 308-4,37.54250501,127.0518658,0,1,3,0.16,0.0013360544651436182
1104,CA43DFDEA8,롸카********,,서울 성동구,햄버거,성수,20211014,,성수동2가,서울특별시 성동구 성수일로4길 25,서울특별시 성동구 성수동2가 308-4,37.54250501,127.0518658,0,1,3,0.16,0.0013360544651436182
1105,2.94E+13,서울********,일식-덮밥/돈가스1,서울 성동구,일식-덮밥/돈가스,성수,20100419,,성수동2가,서울특별시 성동구 성수일로4길 25,서울특별시 성동구 성수동2가 308-4,37.54250501,127.0518658,0,1,3,0.16,0.0013360544651436182
1106,40FF885FCA,잇프*************,,서울 성동구,농산물,성수,20201111,,성수동2가,서울특별시 성동구 성수일로4길 33,서울특별시 성동구 성수동2가 333-77,37.54213714,127.0524655,0,1,3,0.16,0.0013032977684893812
1107,75296C3F60,원빈**********,,서울 성동구,카페,성수,20130725,,성수동2가,서울특별시 성동구 성수일로4길 45,서울특별시 성동구 성수동2가 310-21,37.54231448,127.0538225,0,1,2,0.12666666666666665,0.0014090228758136748
1108,ED55416BF9,파케**,,서울 성동구,식료품,성수,20221017,,성수동2가,서울특별시 성동구 성수일로4길 45,서울특별시 성동구 성수동2가 310-21,37.54231448,127.0538225,0,1,2,0.12666666666666665,0.0014090228758136748
1109,874FCFE46F,성닭*,,서울 성동구,한식-육류/고기,성수,20190917,,성수동2가,서울특별시 성동구 성수일로4길 48,서울특별시 성동구 성수동2가 321-39,37.54225437,127.0540499,0,1,1,0.09333333333333332,0.0014131921152258193
1110,F12D55091A,골드*******************,,서울 성동구,카페,성수,20241220,,성수동2가,서울특별시 성동구 성수일로8길 37,서울특별시 성동구 성수동2가 289-15,37.54586044,127.0546282,1,1,2,0.29333333333333333,0.001882539685299206
1111,B169AE01FF,일루**,,서울 성동구,백반/가정식,성수,20080514,,성수동2가,서울특별시 성동구 성수일로8길 40,서울특별시 성동구 성수동2가 300-63,37.54555394,127.0545937,1,1,2,0.29333333333333333,0.0020308959642492278
1112,397AF59B8B,크레***********,,서울 성동구,양식,성수,20151201,,성수동2가,서울특별시 성동구 성수일로8길 47,서울특별시 성동구 성수동2가 835,37.54678648,127.055596,0,1,2,0.12666666666666665,0.0015601808396039259
1113,30CACD815B,축산***,,서울 성동구,축산물,성수,20190408,,성수동2가,서울특별시 성동구 성수일로8길 47,서울특별시 성동구 성수동2가 835,37.54678648,127.055596,0,1,2,0.12666666666666665,0.0015601808396039259
1114,434F31D9B6,맛보*,,서울 성동구,한식-육류/고기,성수,20050316,,성수동2가,서울특별시 성동구 성수일로8길 53,서울특별시 성동구 성수동2가 289-13,37.54528429,127.0564497,1,1,1,0.26,0.0029514204945565873
1115,BDCFBDEA2B,위풍*******,,서울 성동구,한식-육류/고기,성수,20150810,,성수동2가,서울특별시 성동구 성수일로8길 53,서울특별시 성동구 성수동2가 289-13,37.54528429,127.0564497,1,1,1,0.26,0.0029514204945565873
1116,A5655985BD,풍조**,,서울 성동구,백반/가정식,성수,20220630,,성수동2가,서울특별시 성동구 성수일로8길 60,서울특별시 성동구 성수동2가 300-39,37.54487533,127.0568179,1,1,1,0.26,0.003131306863644257
1117,28616F2CED,성수*,,서울 성동구,중식당,성수,20040511,,성수동2가,서울특별시 성동구 아차산로11길 11,서울특별시 성동구 성수동2가 277-50,37.54477642,127.0593473,0,1,1,0.09333333333333332,0.0013822771439300431
1118,5019B0EA07,행운**,,서울 성동구,백반/가정식,성수,20060724,,성수동2가,서울특별시 성동구 아차산로11길 11,서울특별시 성동구 성수동2가 277-50,37.54477642,127.0593473,0,1,1,0.09333333333333332,0.0013822771439300431
1119,D8669EE2FB,우리**,,서울 성동구,식료품,,20140311,,성수동2가,서울특별시 성동구 아차산로11길 26,서울특별시 성동구 성수동2가 278-49,37.54579163,127.0601358,0,1,1,0.09333333333333332,0.001218133598223444
1120,BF8F8AFC4B,쉭앤******************,,서울 성동구,카페,,20090904,,성수동2가,서울특별시 성동구 아차산로13길 37,서울특별시 성동구 성수동2가 278-25,37.54662135,127.0619069,0,0,1,0.03333333333333333,0.0010860904663296425
1121,05FEB1D6F5,민물*,,서울 성동구,한식-해물/생선,,20060515,,성수동2가,서울특별시 성동구 아차산로13길 37,서울특별시 성동구 성수동2가 278-25,37.54662135,127.0619069,0,0,1,0.03333333333333333,0.0010860904663296425
1122,3C470EF2B3,정참*,,서울 성동구,일식-참치회,성수,20140205,,성수동2가,서울특별시 성동구 아차산로7길 16,서울특별시 성동구 성수동2가 289-242,37.54659069,127.0548511,0,1,2,0.12666666666666665,0.0016106285759081753
1123,394824E6A3,만복****,,서울 성동구,농산물,성수,20120518,,성수동2가,서울특별시 성동구 아차산로7길 28,서울특별시 성동구 성수동2가 289-4,37.54754415,127.0553768,0,1,2,0.12666666666666665,0.0013589492733755003
1124,45F19425EF,카페***,,서울 성동구,카페,성수,20140826,,성수동2가,서울특별시 성동구 아차산로7길 29,서울특별시 성동구 성수동2가 299-200,37.54790679,127.0552102,0,1,2,0.12666666666666665,0.0012966606234608071
1125,0EE4BD7D7A,오*,,서울 성동구,카페,,20170824,20250801.0,성수동2가,서울특별시 성동구 아차산로7길 36,서울특별시 성동구 성수동2가 289-39,37.54823239,127.0556374,0,1,2,0.12666666666666665,0.0012306930715108605
1126,F2E74AE874,리슨***,,서울 성동구,베이커리,성수,20161019,,성수동2가,서울특별시 성동구 아차산로7길 42,서울특별시 성동구 성수동2가 289-205,37.54866144,127.0558292,0,1,2,0.12666666666666665,0.0011652924825821032
1127,039869F9F9,오마************,,서울 성동구,일식당,성수,20230116,,성수동2가,서울특별시 성동구 연무장3길 9-14,서울특별시 성동구 성수동2가 301-12,37.54483576,127.0515627,0,2,3,0.22,0.0015483354216693688
1128,E006ED6B32,구시******,,서울 성동구,백반/가정식,성수,20140704,,성수동2가,서울특별시 성동구 연무장5가길 22,서울특별시 성동구 성수동2가 315-28,37.54330304,127.0550233,1,1,1,0.26,0.00197187254705678
1129,65D2C9E1E4,해밀******,,서울 성동구,분식,성수,20061205,,성수동2가,서울특별시 성동구 연무장5가길 25,서울특별시 성동구 성수동2가 315-61,37.54355108,127.0556139,1,1,1,0.26,0.0024247046093527824
1130,3AB4FC1262,미아**,,서울 성동구,샌드위치/토스트,성수,20160510,,성수동2가,서울특별시 성동구 연무장5길 9-16,서울특별시 성동구 성수동2가 302-8,37.54443911,127.0526591,0,1,3,0.16,0.0015937340623496579
1131,FAF7EF36E4,페스**,,서울 성동구,호프/맥주,성수,19911008,,성수동2가,서울특별시 성동구 연무장9길 10-1,서울특별시 성동구 성수동2가 315-15,37.5431294,127.0562035,1,1,1,0.26,0.0019583369207291377
1132,9A64F9D3E4,타코***,,서울 성동구,양식,성수,20200727,,성수동2가,서울특별시 성동구 연무장길 39-13,서울특별시 성동구 성수동2가 316-41,37.54325799,127.0538516,0,1,2,0.12666666666666665,0.0016387693101519115
1133,8722E9522F,오카*,,서울 성동구,일식-덮밥/돈가스,성수,20180627,,성수동2가,서울특별시 성동구 연무장길 39-15,서울특별시 성동구 성수동2가 316-40,37.54334077,127.0538899,0,1,2,0.12666666666666665,0.0016695567830767688
1134,FC9A5609D6,대낚**,,서울 성동구,한식-단품요리일반,성수,20200923,,성수동2가,서울특별시 성동구 연무장길 39-21,서울특별시 성동구 성수동2가 316-39,37.54342392,127.0539312,0,1,2,0.12666666666666665,0.001702904757806625
1135,AA108C530C,두남******,,서울 성동구,포장마차,뚝섬,20130822,,성수동1가,서울특별시 성동구 왕십리로 107-1,서울특별시 성동구 성수동1가 656-1116,37.54722662,127.0443125,0,2,2,0.18666666666666665,0.0018636656550896542
1136,DCF5AF5EC7,포싸**,,서울 성동구,한식-단품요리일반,한양대,20151209,,행당동,서울특별시 성동구 왕십리로 221-5,서울특별시 성동구 행당동 32-14,37.55696318,127.0425624,0,1,4,0.19333333333333333,0.0020304832589191487
1137,3E2F41A5CB,한양***,,서울 성동구,한식-단품요리일반,한양대,20150513,,행당동,서울특별시 성동구 왕십리로 223-1,서울특별시 성동구 행당동 32-2,37.55716356,127.0423264,0,1,4,0.19333333333333333,0.0019547778503870746
1138,3BD38FB889,오소*,,서울 성동구,한식-국수/만두,왕십리,20241106,,행당동,서울특별시 성동구 왕십리로 294-2,서울특별시 성동구 행당동 212-5,37.56045636,127.0363155,2,3,5,0.6799999999999999,0.004500299385301987
1139,C46428C39E,하늘****,,서울 성동구,농산물,왕십리,20160823,,도선동,서울특별시 성동구 왕십리로 350-1,서울특별시 성동구 도선동 350,37.56382449,127.0311804,1,1,5,0.3933333333333333,0.0024245912320417576
1140,A0F7C57228,성수***,,서울 성동구,한식-해물/생선,뚝섬,20040603,,성수동1가,서울특별시 성동구 왕십리로10길 11,서울특별시 성동구 성수동1가 656-399,37.54690486,127.0459958,1,2,2,0.3533333333333333,0.00272612804002684
1141,149775709C,또또***,,서울 성동구,한식-육류/고기,,20080122,,성수동1가,서울특별시 성동구 왕십리로14길 20,서울특별시 성동구 성수동1가 656-1100,37.54856125,127.045777,0,1,3,0.16,0.0019750989510883598
1142,31366725DB,조양***,,서울 성동구,한식-육류/고기,뚝섬,20080801,,성수동1가,서울특별시 성동구 왕십리로14길 38,서울특별시 성동구 성수동1가 656-49,37.54866542,127.0477897,1,1,2,0.29333333333333333,0.0021453212283257467
1143,0C71B9E39A,성수*****,,서울 성동구,한식-찌개/전골,뚝섬,20240628,,성수동1가,서울특별시 성동구 왕십리로14길 8,서울특별시 성동구 성수동1가 656-971,37.54940675,127.0448298,0,1,3,0.16,0.0016090426560616572
1144,CF932F2737,어사***,,서울 성동구,백반/가정식,왕십리,20111102,,도선동,서울특별시 성동구 왕십리로20길 13,서울특별시 성동구 도선동 80,37.56309076,127.0352118,0,3,5,0.3466666666666667,0.002982589470476788
1145,A2974AB3F0,광명***,,서울 성동구,축산물,왕십리,20020903,,행당동,서울특별시 성동구 왕십리로21길 17,서울특별시 성동구 행당동 292-41,37.5608985,127.0328497,0,5,5,0.4666666666666667,0.0022755116115867474
1146,CACFB96D47,넝쿨**,,서울 성동구,한식-단품요리일반,왕십리,20160225,,행당동,서울특별시 성동구 왕십리로21길 17,서울특별시 성동구 행당동 292-41,37.5608985,127.0328497,0,5,5,0.4666666666666667,0.0022755116115867474
1147,E727308CF3,행당****,,서울 성동구,떡/한과 제조,왕십리,20110615,,행당동,서울특별시 성동구 왕십리로21길 20,서울특별시 성동구 행당동 298-83,37.56077978,127.0324266,0,4,5,0.4066666666666667,0.0021833602364951634
1148,5C527FA137,호랑*****,,서울 성동구,치킨,왕십리,20141201,,행당동,서울특별시 성동구 왕십리로21길 9,서울특별시 성동구 행당동 286-34,37.56147435,127.0334344,0,4,5,0.4066666666666667,0.002477329248862752
1149,50D6E3DB76,미스********,,서울 성동구,일식당,왕십리,20130315,,도선동,서울특별시 성동구 왕십리로22길 3,서울특별시 성동구 도선동 50,37.56262054,127.034237,0,4,5,0.4066666666666667,0.0026902755404261645
1150,F717AC887A,애리***,,서울 성동구,한식-육류/고기,왕십리,20130614,,도선동,서울특별시 성동구 왕십리로22길 3,서울특별시 성동구 도선동 50,37.56262054,127.034237,0,4,5,0.4066666666666667,0.0026902755404261645
1151,C6A7D1B09B,카페**,,서울 성동구,카페,왕십리,20070903,,도선동,서울특별시 성동구 왕십리로24길 19,서울특별시 성동구 도선동 185-27,37.56428226,127.0342178,0,4,5,0.4066666666666667,0.0021740262726759243
1152,EC999BD128,노리*,,서울 성동구,한식-단품요리일반,왕십리,20150717,,도선동,서울특별시 성동구 왕십리로24길 5,서울특별시 성동구 도선동 253-4,37.56301091,127.0337337,0,4,5,0.4066666666666667,0.002418665506810492
1153,1FF980E1D6,주*,,서울 성동구,요리주점,왕십리,20140915,,도선동,서울특별시 성동구 왕십리로24길 8,서울특별시 성동구 도선동 151-1,37.56306947,127.034083,0,4,5,0.4066666666666667,0.002502048608167674
1154,34573ADA88,오복**,,서울 성동구,식료품,왕십리,20001012,,홍익동,서울특별시 성동구 왕십리로26길 30,서울특별시 성동구 홍익동 262,37.56574339,127.033332,0,1,4,0.19333333333333333,0.00177994794525638
1155,CD0A4EA5E0,만대**,,서울 성동구,한식-육류/고기,왕십리,20220607,,도선동,서울특별시 성동구 왕십리로26길 6,서울특별시 성동구 도선동 185-2,37.56363401,127.0328846,0,3,5,0.3466666666666667,0.0021877612153314136
1156,1B4D60A004,만물**,,서울 성동구,식료품,왕십리,20160729,,도선동,서울특별시 성동구 왕십리로28길 12,서울특별시 성동구 도선동 319,37.56469757,127.0318233,0,1,4,0.19333333333333333,0.0021332678265345377
1157,424ABA9D67,젠틀*****,,서울 성동구,커피전문점,뚝섬,20200114,,성수동1가,서울특별시 성동구 왕십리로4길 24,서울특별시 성동구 성수동1가 8-9,37.54677177,127.0464924,1,2,2,0.3533333333333333,0.0033376835952642417
1158,5A5B5CC478,파머***,,서울 성동구,카페,뚝섬,20151030,,성수동1가,서울특별시 성동구 왕십리로6길 11,서울특별시 성동구 성수동1가 656-1083,37.54600644,127.0460879,1,2,2,0.3533333333333333,0.0024286162038147504
1159,2791AFFA12,룰라******,,서울 성동구,호프/맥주,뚝섬,20101011,,성수동1가,서울특별시 성동구 왕십리로8길 13,서울특별시 성동구 성수동1가 656-994,37.54633376,127.0463424,1,2,2,0.3533333333333333,0.002717891608397501
1160,9853358A8C,놀부**,,서울 성동구,치킨,답십리,20070105,,용답동,서울특별시 성동구 용답중앙13길 16,서울특별시 성동구 용답동 67-8,37.56541309,127.0532226,1,2,3,0.3866666666666666,0.0023897026724574947
1161,B258F812BE,참치**,,서울 성동구,일식당,답십리,20001117,,용답동,서울특별시 성동구 용답중앙13길 18,서울특별시 성동구 용답동 67-1,37.56558464,127.0534264,1,2,3,0.3866666666666666,0.0024603573566099194
1162,DE5FF7193C,용답****,,서울 성동구,꼬치구이,답십리,20141114,,용답동,서울특별시 성동구 용답중앙13길 9,서울특별시 성동구 용답동 80-6,37.56513875,127.0525747,1,2,3,0.3866666666666666,0.002293665097456095
1163,4118B90D6E,홍두***,,서울 성동구,백반/가정식,답십리,20140423,,용답동,서울특별시 성동구 용답중앙15길 1,서울특별시 성동구 용답동 57-20,37.56393229,127.0528438,0,2,2,0.18666666666666665,0.001974058896808486
1164,49C5A0B4DF,신마*********,한식-육류/고기14,서울 성동구,한식-육류/고기,답십리,19981111,,용답동,서울특별시 성동구 용답중앙15길 12,서울특별시 성동구 용답동 14-4,37.56438101,127.0537821,0,2,2,0.18666666666666665,0.0018701304908992854
1165,2EA62B1198,유가***************,,서울 성동구,한식-단품요리일반,답십리,20080721,,용답동,서울특별시 성동구 용답중앙15길 13,서울특별시 성동구 용답동 61-7,37.56475366,127.0537827,0,2,2,0.18666666666666665,0.0019484395681575958
1166,CEF5C00333,해원**,,서울 성동구,한식-해물/생선,답십리,20070426,,용답동,서울특별시 성동구 용답중앙15길 5,서울특별시 성동구 용답동 57-6,37.56412391,127.0530937,0,2,2,0.18666666666666665,0.0019478015509319456
1167,A5FE1B0CC9,응답******,,서울 성동구,한식-단품요리일반,답십리,20050819,,용답동,서울특별시 성동구 용답중앙15길 7,서울특별시 성동구 용답동 58-7,37.5643133,127.0532869,0,2,2,0.18666666666666665,0.0019423135587755159
1168,383948C8CC,초밥****,,서울 성동구,일식당,답십리,20150903,,용답동,서울특별시 성동구 용답중앙15길 9,서울특별시 성동구 용답동 58-5,37.56443732,127.0533983,0,2,2,0.18666666666666665,0.0019461147248416566
1169,4C54436E59,맹꽁*,,서울 성동구,한식-단품요리일반,답십리,20170102,,용답동,서울특별시 성동구 용답중앙25길 1,서울특별시 성동구 용답동 10-23,37.5630073,127.0540985,0,2,2,0.18666666666666665,0.00170618245203931
1170,508830F630,코너***,,서울 성동구,축산물,답십리,20000805,,용답동,서울특별시 성동구 용답중앙길 80-1,서울특별시 성동구 용답동 44-6,37.56266599,127.0541277,0,2,2,0.18666666666666665,0.0016865360036763123
1171,4C89EB1228,치킨*******,치킨32,서울 성동구,치킨,옥수,20100524,,옥수동,서울특별시 성동구 한림말1길 16-1,서울특별시 성동구 옥수동 360,37.5427206,127.016424,1,2,3,0.3866666666666666,0.002750044664941172
1172,6138A3EEB7,아*,,서울 성동구,요리주점,행당,20190813,,행당동,서울특별시 성동구 행당로13길 2-1,서울특별시 성동구 행당동 313-56,37.55832072,127.0316295,0,1,5,0.22666666666666668,0.0021449981852723044
1173,1676AF58A8,산마****,,서울 성동구,한식-육류/고기,,20041104,,금호동1가,서울특별시 성동구 행당로1길 21-6,서울특별시 성동구 금호동1가 132-14,37.55744704,127.0243699,0,2,2,0.18666666666666665,0.00148870161813593
1174,40213576B3,중앙********,,서울 성동구,식료품,,20201110,,금호동4가,서울특별시 성동구 금호로 15,서울특별시 성동구 금호동4가 340,37.54384751,127.0227642,0,0,3,0.1,0.0013383403291891693
1175,38537E4B84,써니****,,서울 성동구,분식,금남시장,20180115,,금호동4가,서울특별시 성동구 금호로 17,서울특별시 성동구 금호동4가 235,37.54688262,127.0240727,0,0,1,0.03333333333333333,0.0011659463262815616
1176,1389DE67CE,프롬**************,카페14,서울 성동구,카페,금남시장,20221124,,금호동4가,서울특별시 성동구 금호로 17,서울특별시 성동구 금호동4가 235,37.54688262,127.0240727,0,0,1,0.03333333333333333,0.0011659463262815616
1177,71DF397AB0,하루******,,서울 성동구,일식당,금남시장,20240524,,금호동4가,서울특별시 성동구 금호로 17,서울특별시 성동구 금호동4가 235,37.54688262,127.0240727,0,0,1,0.03333333333333333,0.0011659463262815616
1178,9AD3FE4011,아이************,,서울 성동구,아이스크림/빙수,금남시장,20210413,,금호동4가,서울특별시 성동구 금호로 17,서울특별시 성동구 금호동4가 235,37.54688262,127.0240727,0,0,1,0.03333333333333333,0.0011659463262815616
1179,3D7F3820C1,삼백****,한식-국밥/설렁탕5,서울 성동구,한식-국밥/설렁탕,금남시장,20210616,,금호동4가,서울특별시 성동구 금호로 17,서울특별시 성동구 금호동4가 235,37.54688262,127.0240727,0,0,1,0.03333333333333333,0.0011659463262815616
1180,10BD656C9F,깐부*******,치킨8,서울 성동구,치킨,,20210122,,금호동4가,서울특별시 성동구 금호로 40,서울특별시 성동구 금호동4가 1553,37.54670554,127.0255329,0,0,0,0.0,0.0010973161043541706
1181,4CE2C74657,연*,,서울 성동구,일식당,,20240902,,금호동4가,서울특별시 성동구 금호로 40,서울특별시 성동구 금호동4가 1553,37.54670554,127.0255329,0,0,0,0.0,0.0010973161043541706
1182,32A19D6A82,뚜레***********,베이커리2,서울 성동구,베이커리,,20180622,,금호동4가,서울특별시 성동구 금호로 40,서울특별시 성동구 금호동4가 1553,37.54670554,127.0255329,0,0,0,0.0,0.0010973161043541706
1183,FF73833F70,하*,,서울 성동구,베이커리,,20230120,,금호동4가,서울특별시 성동구 금호로 40,서울특별시 성동구 금호동4가 1553,37.54670554,127.0255329,0,0,0,0.0,0.0010973161043541706
1184,7.16E+16,가*,,서울 성동구,한식-육류/고기,,20221116,,금호동4가,서울특별시 성동구 금호로 40,서울특별시 성동구 금호동4가 1553,37.54670554,127.0255329,0,0,0,0.0,0.0010973161043541706
1185,FB5D8197BC,마이********,,서울 성동구,아이스크림/빙수,,20240423,,금호동4가,서울특별시 성동구 금호로 40,서울특별시 성동구 금호동4가 1553,37.54670554,127.0255329,0,0,0,0.0,0.0010973161043541706
1186,56E1D6E430,정은**,,서울 성동구,한식-육류/고기,금남시장,20170828,,금호동4가,서울특별시 성동구 금호로 45,서울특별시 성동구 금호동4가 188,37.54751306,127.0253059,0,0,0,0.0,0.0011072956387013634
1187,259AFDA5D8,잭슨******,,서울 성동구,피자,금남시장,20210416,,금호동4가,서울특별시 성동구 금호로 47,서울특별시 성동구 금호동4가 119,37.54768243,127.0254332,0,0,0,0.0,0.0011027897387937426
1188,8098CCE4CA,여일**,,서울 성동구,축산물,금남시장,20230803,,금호동1가,서울특별시 성동구 금호로 56,서울특별시 성동구 금호동1가 1805,37.54842436,127.0260269,0,0,1,0.03333333333333333,0.0010974217769384679
1189,291A30DB5B,둘둘**********,치킨14,서울 성동구,치킨,금남시장,20231019,,금호동1가,서울특별시 성동구 금호로 58,서울특별시 성동구 금호동1가 1803,37.548525,127.0260495,0,0,1,0.03333333333333333,0.001100982383946762
1190,D749124593,코끼******,,서울 성동구,카페,금남시장,20221220,,금호동1가,서울특별시 성동구 금호로 58,서울특별시 성동구 금호동1가 1803,37.548525,127.0260495,0,0,1,0.03333333333333333,0.001100982383946762
1191,BEF8CE3173,주연*******,,서울 성동구,한식-찌개/전골,금남시장,20240715,,금호동1가,서울특별시 성동구 금호로 60,서울특별시 성동구 금호동1가 1802,37.54862212,127.0260488,0,0,1,0.03333333333333333,0.0011047257083611033
1192,2910BEDA4D,비올**,,서울 성동구,한식-단품요리일반,금남시장,20180706,,금호동1가,서울특별시 성동구 금호로 60,서울특별시 성동구 금호동1가 1802,37.54862212,127.0260488,0,0,1,0.03333333333333333,0.0011047257083611033
1193,6BC713A140,불닭*********************,분식7,서울 성동구,분식,금남시장,20221118,,금호동1가,서울특별시 성동구 금호로 64,서울특별시 성동구 금호동1가 1800,37.54910108,127.0261326,0,0,2,0.06666666666666667,0.0011222537882925523
1194,C241964DED,미남*,,서울 성동구,식품 제조,,20170720,,금호동1가,서울특별시 성동구 금호로 66,서울특별시 성동구 금호동1가 1797-1,37.54927702,127.0262425,0,0,2,0.06666666666666667,0.001127956374251387
1195,055544325C,라 ******,,서울 성동구,베이커리,금남시장,20240611,,금호동2가,서울특별시 성동구 금호로 67,서울특별시 성동구 금호동2가 1193,37.54935884,127.0257506,0,0,2,0.06666666666666667,0.001137384368981751
1196,D5FAEB61B0,위윌*******************,,서울 성동구,커피전문점,,20240822,,금호동1가,서울특별시 성동구 금호로 82,서울특별시 성동구 금호동1가 1764-2,37.55065084,127.0259348,0,0,2,0.06666666666666667,0.0011871320111154688
1197,E4E4B45D06,카페***,,서울 성동구,카페,,20200207,20250715.0,금호동1가,서울특별시 성동구 금호로 84,서울특별시 성동구 금호동1가 1763,37.55086737,127.0258284,0,0,3,0.1,0.0011982664296222947
1198,384FAF740C,벌스*********************,,서울 성동구,카페,,20240820,,금호동1가,서울특별시 성동구 금호로 84,서울특별시 성동구 금호동1가 1763,37.55086737,127.0258284,0,0,3,0.1,0.0011982664296222947
1199,24D8120756,수니********************,,서울 성동구,한식-육류/고기,,20240628,,금호동1가,서울특별시 성동구 금호로 86,서울특별시 성동구 금호동1가 1756-1,37.5512121,127.0257694,0,0,3,0.1,0.0012147840971499478
1200,D19DEE1724,한강****,,서울 성동구,룸살롱/단란주점,,20240401,,금호동1가,서울특별시 성동구 금호로 86,서울특별시 성동구 금호동1가 1756-1,37.5512121,127.0257694,0,0,3,0.1,0.0012147840971499478
1201,21348D6015,렉*,,서울 성동구,카페,,20210930,,금호동1가,서울특별시 성동구 금호로 94,서울특별시 성동구 금호동1가 1755,37.55166252,127.0257325,0,0,3,0.1,0.0012366017650119942
1202,4467413444,쌤*,,서울 성동구,백반/가정식,,20240628,,금호동1가,서울특별시 성동구 난계로 32,서울특별시 성동구 금호동1가 628,37.55514107,127.0250293,0,2,2,0.18666666666666665,0.0014646801955017544
1203,7AB74628EA,육대*****,백반/가정식17,서울 성동구,백반/가정식,,20240813,,금호동1가,서울특별시 성동구 난계로 32,서울특별시 성동구 금호동1가 628,37.55514107,127.0250293,0,2,2,0.18666666666666665,0.0014646801955017544
1204,5C18E06E09,아이***********,,서울 성동구,식료품,,20240708,,금호동1가,서울특별시 성동구 난계로 35,서울특별시 성동구 금호동1가 172,37.55552564,127.0244813,0,2,2,0.18666666666666665,0.0014909194185626115
1205,1ACDF59A1A,파리*********,베이커리10,서울 성동구,베이커리,,20240613,,금호동1가,서울특별시 성동구 난계로 35,서울특별시 성동구 금호동1가 172,37.55552564,127.0244813,0,2,2,0.18666666666666665,0.0014909194185626115
1206,3A52550A64,신의**********,한식-육류/고기16,서울 성동구,한식-육류/고기,,20200825,,금호동1가,서울특별시 성동구 난계로 35,서울특별시 성동구 금호동1가 172,37.55552564,127.0244813,0,2,2,0.18666666666666665,0.0014909194185626115
1207,360DDB462A,키친****,,서울 성동구,일식당,,20181024,,금호동1가,서울특별시 성동구 난계로 61,서울특별시 성동구 금호동1가 132-6,37.55766078,127.0242131,0,2,2,0.18666666666666665,0.0014812073466978243
1208,0BE8ACB0EC,도미********,피자2,서울 성동구,피자,,20230324,,하왕십리동,서울특별시 성동구 난계로 81,서울특별시 성동구 하왕십리동 1059,37.55917468,127.0235561,0,0,4,0.13333333333333333,0.0014378142434515848
1209,360B6BCFC1,교촌*******,치킨6,서울 성동구,치킨,,20210810,,성수동2가,서울특별시 성동구 동일로 41,서울특별시 성동구 성수동2가 235-1,37.53693286,127.0605776,0,0,0,0.0,0.0010173549240339581
1210,085F6E716F,그레**,,서울 성동구,커피전문점,,20230818,,성수동2가,서울특별시 성동구 동일로 41,서울특별시 성동구 성수동2가 235-1,37.53693286,127.0605776,0,0,0,0.0,0.0010173549240339581
1211,8F61B3A0B2,세이*************,,서울 성동구,식료품,,20210702,,성수동2가,서울특별시 성동구 동일로 75,서울특별시 성동구 성수동2가 250-30,37.53969172,127.0623291,0,0,3,0.1,0.0011835774606217555
1212,E93EA380D7,야심********,,서울 성동구,떡/한과,,20221219,,성수동2가,서울특별시 성동구 동일로 75,서울특별시 성동구 성수동2가 250-30,37.53969172,127.0623291,0,0,3,0.1,0.0011835774606217555
1213,DFD306A663,김밥***,분식5,서울 성동구,분식,옥수,20190514,,옥수동,서울특별시 성동구 동호로 21,서울특별시 성동구 옥수동 168-1,37.54098777,127.0189654,2,2,2,0.52,0.0047108847968612855
1214,03C7EBD774,와이**,,서울 성동구,식료품,옥수,20220225,,옥수동,서울특별시 성동구 동호로 21,서울특별시 성동구 옥수동 168-1,37.54098777,127.0189654,2,2,2,0.52,0.0047108847968612855
1215,50A2E31DF5,해리****************,,서울 성동구,카페,,20210728,,성수동1가,서울특별시 성동구 둘레1길 2,서울특별시 성동구 성수동1가 488-1,37.53763434,127.0456593,0,0,1,0.03333333333333333,0.0009333822504998708
1216,3227432B79,옵션*,,서울 성동구,양식,한양대,20230721,,행당동,서울특별시 성동구 마조로 11,서울특별시 성동구 행당동 19-98,37.55893703,127.0406644,0,4,4,0.3733333333333333,0.0020995083815896504
1217,1EC6CCBA67,마포***,,서울 성동구,한식-단품요리일반,한양대,20240702,,행당동,서울특별시 성동구 마조로 11,서울특별시 성동구 행당동 19-98,37.55893703,127.0406644,0,4,4,0.3733333333333333,0.0020995083815896504
1218,1A8C2D30CA,부엉********,,서울 성동구,한식-단품요리일반,한양대,20230313,,행당동,서울특별시 성동구 마조로 14,서울특별시 성동구 행당동 22-5,37.55901111,127.0411532,0,4,4,0.3733333333333333,0.0020377690336244704
1219,F259ACF16D,한양***,,서울 성동구,분식,한양대,20241031,,행당동,서울특별시 성동구 마조로 17,서울특별시 성동구 행당동 19-54,37.55955572,127.0404698,0,3,5,0.3466666666666667,0.0023164676087522435
1220,E2988D5E24,만물**,,서울 성동구,식료품,한양대,20190513,,행당동,서울특별시 성동구 마조로 17,서울특별시 성동구 행당동 19-54,37.55955572,127.0404698,0,3,5,0.3466666666666667,0.0023164676087522435
1221,A89BEC57A0,티아*********************************,,서울 성동구,커피전문점,한양대,20190312,,행당동,서울특별시 성동구 마조로 17,서울특별시 성동구 행당동 19-54,37.55955572,127.0404698,0,3,5,0.3466666666666667,0.0023164676087522435
1222,E62416CC62,싸움********,백반/가정식14,서울 성동구,백반/가정식,한양대,20190306,,행당동,서울특별시 성동구 마조로 17,서울특별시 성동구 행당동 19-54,37.55955572,127.0404698,0,3,5,0.3466666666666667,0.0023164676087522435
1223,23D471DB19,칠칠********,한식-육류/고기27,서울 성동구,한식-육류/고기,한양대,20200221,,행당동,서울특별시 성동구 마조로 17,서울특별시 성동구 행당동 19-54,37.55955572,127.0404698,0,3,5,0.3466666666666667,0.0023164676087522435
1224,2E4C72C286,고품*******,,서울 성동구,한식-육류/고기,한양대,20220715,,행당동,서울특별시 성동구 마조로 17,서울특별시 성동구 행당동 19-54,37.55955572,127.0404698,0,3,5,0.3466666666666667,0.0023164676087522435
1225,51CD26A022,20*********,,서울 성동구,한식-육류/고기,한양대,20240509,,행당동,서울특별시 성동구 마조로 17,서울특별시 성동구 행당동 19-54,37.55955572,127.0404698,0,3,5,0.3466666666666667,0.0023164676087522435
1226,442C98A349,카모*******,한식-단품요리일반11,서울 성동구,한식-단품요리일반,한양대,20190502,,행당동,서울특별시 성동구 마조로 17,서울특별시 성동구 행당동 19-54,37.55955572,127.0404698,0,3,5,0.3466666666666667,0.0023164676087522435
1227,209ED3E24F,브로***********,,서울 성동구,한식-단품요리일반,한양대,20201016,,행당동,서울특별시 성동구 마조로 17,서울특별시 성동구 행당동 19-54,37.55955572,127.0404698,0,3,5,0.3466666666666667,0.0023164676087522435
1228,ED1607CD38,깡우*,,서울 성동구,한식-단품요리일반,한양대,20210305,,행당동,서울특별시 성동구 마조로 17,서울특별시 성동구 행당동 19-54,37.55955572,127.0404698,0,3,5,0.3466666666666667,0.0023164676087522435
1229,5A4AFCC360,분9********,,서울 성동구,백반/가정식,한양대,20230907,,행당동,서울특별시 성동구 마조로 20,서울특별시 성동구 행당동 22-7,37.55952178,127.0411712,0,3,5,0.3466666666666667,0.0021349861496564337
1230,CB2F55FC97,서울***,,서울 성동구,한식-육류/고기,한양대,20220919,,행당동,서울특별시 성동구 마조로 21,서울특별시 성동구 행당동 19-9,37.55990528,127.0408244,0,3,5,0.3466666666666667,0.0023221894247567078
1231,406403403D,프레**************,,서울 성동구,한식-단품요리일반,한양대,20231121,,행당동,서울특별시 성동구 마조로 21,서울특별시 성동구 행당동 19-9,37.55990528,127.0408244,0,3,5,0.3466666666666667,0.0023221894247567078
1232,E3B9A9EE3A,월드********,,서울 성동구,담배,한양대,20230714,,행당동,서울특별시 성동구 마조로 22,서울특별시 성동구 행당동 21-10,37.55964322,127.0412125,0,3,5,0.3466666666666667,0.0021511949936987395
1233,2FC958A309,슬로********,,서울 성동구,양식,한양대,20240425,,행당동,서울특별시 성동구 마조로 22,서울특별시 성동구 행당동 21-10,37.55964322,127.0412125,0,3,5,0.3466666666666667,0.0021511949936987395
1234,8ACBECB172,이삭********,샌드위치/토스트3,서울 성동구,샌드위치/토스트,한양대,20220221,,행당동,서울특별시 성동구 마조로 24,서울특별시 성동구 행당동 12-10,37.55982249,127.041301,0,3,5,0.3466666666666667,0.002166711554112244
1235,AEA94BDAF5,샐러******,한식-단품요리일반8,서울 성동구,한식-단품요리일반,한양대,20211025,,행당동,서울특별시 성동구 마조로 24,서울특별시 성동구 행당동 12-10,37.55982249,127.041301,0,3,5,0.3466666666666667,0.002166711554112244
1236,4972FC2750,수지**,,서울 성동구,요리주점,한양대,20180920,,행당동,서울특별시 성동구 마조로 25,서울특별시 성동구 행당동 6-2,37.56006048,127.0409333,0,3,5,0.3466666666666667,0.0023305810926883552
1237,86263312C9,파머********,,서울 성동구,샌드위치/토스트,한양대,20241107,,행당동,서울특별시 성동구 마조로 25,서울특별시 성동구 행당동 6-2,37.56006048,127.0409333,0,3,5,0.3466666666666667,0.0023305810926883552
1238,6C7874EB50,베스********,아이스크림/빙수1,서울 성동구,아이스크림/빙수,한양대,20200713,,행당동,서울특별시 성동구 마조로 25,서울특별시 성동구 행당동 6-2,37.56006048,127.0409333,0,3,5,0.3466666666666667,0.0023305810926883552
1239,8E3B9888E3,맨스****,,서울 성동구,커피전문점,한양대,20200713,,행당동,서울특별시 성동구 마조로 27,서울특별시 성동구 행당동 4-36,37.56025665,127.0408772,0,3,5,0.3466666666666667,0.002404886189658644
1240,4B5922FA5E,램플*********,백반/가정식8,서울 성동구,백반/가정식,한양대,20241030,,행당동,서울특별시 성동구 마조로 27,서울특별시 성동구 행당동 4-36,37.56025665,127.0408772,0,3,5,0.3466666666666667,0.002404886189658644
1241,2DCC4A585C,계경*********,한식-단품요리일반1,서울 성동구,한식-단품요리일반,한양대,20190523,,행당동,서울특별시 성동구 마조로 27,서울특별시 성동구 행당동 4-36,37.56025665,127.0408772,0,3,5,0.3466666666666667,0.002404886189658644
1242,AD4AB01B65,백소******,,서울 성동구,일식당,한양대,20220630,,행당동,서울특별시 성동구 마조로 29,서울특별시 성동구 행당동 3-30,37.56036868,127.0410225,0,3,5,0.3466666666666667,0.002380037407440391
1243,DCF7BBE73E,두끼*****,분식8,서울 성동구,분식,한양대,20231011,,행당동,서울특별시 성동구 마조로 30,서울특별시 성동구 행당동 12-5,37.5603733,127.0414749,0,3,5,0.3466666666666667,0.0022245687237809142
1244,89E10906CA,한골*****,,서울 성동구,중식당,한양대,20230227,,행당동,서울특별시 성동구 마조로 30,서울특별시 성동구 행당동 12-5,37.5603733,127.0414749,0,3,5,0.3466666666666667,0.0022245687237809142
1245,01DB89157C,프랭********,,서울 성동구,햄버거,한양대,20220117,,행당동,서울특별시 성동구 마조로 30,서울특별시 성동구 행당동 12-5,37.5603733,127.0414749,0,3,5,0.3466666666666667,0.0022245687237809142
1246,CEC2707AF8,컴포**********,커피전문점11,서울 성동구,커피전문점,한양대,20231101,,행당동,서울특별시 성동구 마조로 30,서울특별시 성동구 행당동 12-5,37.5603733,127.0414749,0,3,5,0.3466666666666667,0.0022245687237809142
1247,BD50B5B681,행복*********,,서울 성동구,한식-단품요리일반,한양대,20230228,,행당동,서울특별시 성동구 마조로 30,서울특별시 성동구 행당동 12-5,37.5603733,127.0414749,0,3,5,0.3466666666666667,0.0022245687237809142
1248,D9A857451B,더클**,,서울 성동구,양식,한양대,20241029,,행당동,서울특별시 성동구 마조로 31,서울특별시 성동구 행당동 3-29,37.56049896,127.0410419,0,3,5,0.3466666666666667,0.002404856324297387
1249,92615FFF8B,호치******,치킨39,서울 성동구,치킨,한양대,20190422,,행당동,서울특별시 성동구 마조로 32,서울특별시 성동구 행당동 10-1,37.5605817,127.0414792,0,3,5,0.3466666666666667,0.0022601198447179034
1250,B2097EA52F,호호**,,서울 성동구,백반/가정식,한양대,20240805,,행당동,서울특별시 성동구 마조로 33,서울특별시 성동구 행당동 3-27,37.56064851,127.0410916,0,3,5,0.3466666666666667,0.002419666561583703
1251,30D877AA68,틈새*******,분식18,서울 성동구,분식,한양대,20210805,,행당동,서울특별시 성동구 마조로 35,서울특별시 성동구 행당동 3-20,37.56086941,127.04117,0,3,5,0.3466666666666667,0.0024322779650971724
1252,1581AAB9F5,한대****,,서울 성동구,식료품,,20231107,,사근동,서울특별시 성동구 마조로 42,서울특별시 성동구 사근동 223,37.56191884,127.042324,0,4,6,0.44,0.00210869550374575
1253,7DFEFACC2E,긴자********,,서울 성동구,일식당,한양대,20240507,,행당동,서울특별시 성동구 마조로 43,서울특별시 성동구 행당동 1-126,37.56156491,127.0413558,0,3,5,0.3466666666666667,0.002440051913507695
1254,5D9E5F8645,텐페***************,,서울 성동구,카페,한양대,20211117,,행당동,서울특별시 성동구 마조로 47,서울특별시 성동구 행당동 1-121,37.56190987,127.0414515,0,4,5,0.4066666666666667,0.0024120629698913686
1255,7D693A219F,꽃자*,,서울 성동구,농산물,,20231229,,마장동,서울특별시 성동구 마조로 55,서울특별시 성동구 마장동 821,37.56277056,127.0415294,0,4,4,0.3733333333333333,0.002361833673144488
1256,54DB8CEB48,코지**************,,서울 성동구,베이커리,,20240912,,마장동,서울특별시 성동구 마조로 58,서울특별시 성동구 마장동 388-18,37.56278043,127.0419133,0,4,5,0.4066666666666667,0.002254082749493158
1257,CC35AA9223,네네******,치킨10,서울 성동구,치킨,,20240315,,마장동,서울특별시 성동구 마조로 59,서울특별시 성동구 마장동 336-7,37.56327198,127.0414949,0,4,4,0.3733333333333333,0.0023521806211228573
1258,DCC50120CB,쓰리**************,,서울 성동구,식료품,,20210421,,마장동,서울특별시 성동구 마조로 59,서울특별시 성동구 마장동 336-7,37.56327198,127.0414949,0,4,4,0.3733333333333333,0.0023521806211228573
1259,9AA2D092B7,아이**********,,서울 성동구,아이스크림/빙수,,20220614,,마장동,서울특별시 성동구 마조로 59,서울특별시 성동구 마장동 336-7,37.56327198,127.0414949,0,4,4,0.3733333333333333,0.0023521806211228573
1260,892B53ACE9,술이********,,서울 성동구,백반/가정식,,20210610,,마장동,서울특별시 성동구 마조로 61,서울특별시 성동구 마장동 335-4,37.56339443,127.0414926,0,4,4,0.3733333333333333,0.0023486905990181797
1261,3CBD6CE416,요커***********,,서울 성동구,카페,,20240219,,마장동,서울특별시 성동구 마조로 67,서울특별시 성동구 마장동 815-17,37.56382625,127.0415672,0,4,4,0.3733333333333333,0.0023461418909414508
1262,4EBEB61964,스시*********,,서울 성동구,일식당,옥수,20200903,,금호동4가,서울특별시 성동구 매봉길 20,서울특별시 성동구 금호동4가 1527,37.54568013,127.0156271,0,2,4,0.2533333333333333,0.001935495536849167
1263,8C3A8E3FD0,라구***,,서울 성동구,베이커리,옥수,20220525,,금호동4가,서울특별시 성동구 매봉길 20,서울특별시 성동구 금호동4가 1527,37.54568013,127.0156271,0,2,4,0.2533333333333333,0.001935495536849167
1264,30623F3257,카페****,,서울 성동구,카페,,20180125,,옥수동,서울특별시 성동구 매봉길 30,서울특별시 성동구 옥수동 528-4,37.54681935,127.0149647,1,1,4,0.36,0.002349482446577786
1265,F65588F354,벨기***,,서울 성동구,베이커리,,20210119,,옥수동,서울특별시 성동구 매봉길 48,서울특별시 성동구 옥수동 563,37.54671954,127.0140134,0,1,3,0.16,0.0020100839318216777
1266,41B1FC479A,오트**,,서울 성동구,카페,,20210928,,옥수동,서울특별시 성동구 매봉길 50,서울특별시 성동구 옥수동 528,37.54729891,127.0121894,0,2,4,0.2533333333333333,0.0017762558577979148
1267,A23C892A48,농수**,,서울 성동구,수산물,,20210928,,옥수동,서울특별시 성동구 매봉길 50,서울특별시 성동구 옥수동 528,37.54729891,127.0121894,0,2,4,0.2533333333333333,0.0017762558577979148
1268,6D5D9F5BBD,알뜰**,,서울 성동구,식료품,,20180625,,옥수동,서울특별시 성동구 매봉길 50,서울특별시 성동구 옥수동 528,37.54729891,127.0121894,0,2,4,0.2533333333333333,0.0017762558577979148
1269,23B2C0A1ED,아*,,서울 성동구,중식당,,20210917,,옥수동,서울특별시 성동구 매봉길 50,서울특별시 성동구 옥수동 528,37.54729891,127.0121894,0,2,4,0.2533333333333333,0.0017762558577979148
1270,27BA4A6AFF,스페*****,,서울 성동구,한식-육류/고기,,20240909,,옥수동,서울특별시 성동구 매봉길 50,서울특별시 성동구 옥수동 528,37.54729891,127.0121894,0,2,4,0.2533333333333333,0.0017762558577979148
1271,FEC2FCF4DA,이디***********,커피전문점6,서울 성동구,커피전문점,,20191126,,홍익동,서울특별시 성동구 무학로 22,서울특별시 성동구 홍익동 402,37.56608253,127.0303064,0,1,3,0.16,0.0019090471681121057
1272,7EB27EF0B4,화수*****,,서울 성동구,베이커리,,20170706,,홍익동,서울특별시 성동구 무학로 26,서울특별시 성동구 홍익동 407,37.56649672,127.0302931,0,1,2,0.12666666666666665,0.001722020715921103
1273,767D03BC73,모모**,,서울 성동구,분식,,20190104,,하왕십리동,서울특별시 성동구 무학로 33,서울특별시 성동구 하왕십리동 1066,37.56916416,127.0263479,0,0,4,0.13333333333333333,0.0014309450925380357
1274,DA16B2905C,식물****,,서울 성동구,분식,,20220307,,하왕십리동,서울특별시 성동구 무학로 33,서울특별시 성동구 하왕십리동 1066,37.56916416,127.0263479,0,0,4,0.13333333333333333,0.0014309450925380357
1275,D4AD2AD30A,코끼****,,서울 성동구,분식,,20240613,,하왕십리동,서울특별시 성동구 무학로 33,서울특별시 성동구 하왕십리동 1066,37.56916416,127.0263479,0,0,4,0.13333333333333333,0.0014309450925380357
1276,81C425F47D,쉘리*****,,서울 성동구,카페,,20230918,,하왕십리동,서울특별시 성동구 무학로 33,서울특별시 성동구 하왕십리동 1066,37.56916416,127.0263479,0,0,4,0.13333333333333333,0.0014309450925380357
1277,C40079D748,대성**,,서울 성동구,식료품,,20220506,,하왕십리동,서울특별시 성동구 무학로 33,서울특별시 성동구 하왕십리동 1066,37.56916416,127.0263479,0,0,4,0.13333333333333333,0.0014309450925380357
1278,615A623A22,이쉐*******,,서울 성동구,일식당,,20220208,,하왕십리동,서울특별시 성동구 무학로 33,서울특별시 성동구 하왕십리동 1066,37.56916416,127.0263479,0,0,4,0.13333333333333333,0.0014309450925380357
1279,43CB66F206,알로***,,서울 성동구,청과물,,20230908,,하왕십리동,서울특별시 성동구 무학로 33,서울특별시 성동구 하왕십리동 1066,37.56916416,127.0263479,0,0,4,0.13333333333333333,0.0014309450925380357
1280,9113E6AA56,방이***,,서울 성동구,축산물,,20181031,,하왕십리동,서울특별시 성동구 무학로 33,서울특별시 성동구 하왕십리동 1066,37.56916416,127.0263479,0,0,4,0.13333333333333333,0.0014309450925380357
1281,FD2A903C77,프랭************,,서울 성동구,햄버거,,20220128,,하왕십리동,서울특별시 성동구 무학로 33,서울특별시 성동구 하왕십리동 1066,37.56916416,127.0263479,0,0,4,0.13333333333333333,0.0014309450925380357
1282,DE1EB08231,본죽************,한식-죽2,서울 성동구,한식-죽,,20221117,,하왕십리동,서울특별시 성동구 무학로 33,서울특별시 성동구 하왕십리동 1066,37.56916416,127.0263479,0,0,4,0.13333333333333333,0.0014309450925380357
1283,5B5AE038F6,에픽*****,,서울 성동구,커피전문점,,20210616,,하왕십리동,서울특별시 성동구 무학로 33,서울특별시 성동구 하왕십리동 1066,37.56916416,127.0263479,0,0,4,0.13333333333333333,0.0014309450925380357
1284,EC9B3F9918,일일*********,,서울 성동구,한식-육류/고기,,20220726,,하왕십리동,서울특별시 성동구 무학로 33,서울특별시 성동구 하왕십리동 1066,37.56916416,127.0263479,0,0,4,0.13333333333333333,0.0014309450925380357
1285,98356F2FBA,조선********,,서울 성동구,한식-해물/생선,,20220711,,하왕십리동,서울특별시 성동구 무학로 33,서울특별시 성동구 하왕십리동 1066,37.56916416,127.0263479,0,0,4,0.13333333333333333,0.0014309450925380357
1286,39386D0931,수*,,서울 성동구,한식-단품요리일반,뚝섬,20210408,,성수동1가,서울특별시 성동구 상원1길 5,서울특별시 성동구 성수동1가 22-25,37.54450369,127.0491386,0,2,3,0.22,0.0017149070760830952
1287,84645AB900,플러*,,서울 성동구,양식,뚝섬,20211215,,성수동1가,서울특별시 성동구 상원2길 1,서울특별시 성동구 성수동1가 14-46,37.54604805,127.0492525,0,2,3,0.22,0.002013411850093823
1288,AB0B0395C8,키키**,,서울 성동구,일식당,뚝섬,20230718,,성수동1가,서울특별시 성동구 상원2길 1,서울특별시 성동구 성수동1가 14-46,37.54604805,127.0492525,0,2,3,0.22,0.002013411850093823
1289,305F8B41E8,희정***,,서울 성동구,한식-육류/고기,뚝섬,20180705,,성수동1가,서울특별시 성동구 상원2길 1,서울특별시 성동구 성수동1가 14-46,37.54604805,127.0492525,0,2,3,0.22,0.002013411850093823
1290,C56839C38F,호미*,,서울 성동구,백반/가정식,뚝섬,20210408,,성수동1가,서울특별시 성동구 상원2길 3,서울특별시 성동구 성수동1가 14-47,37.54601556,127.049376,0,2,3,0.22,0.001964162270491165
1291,6139F1970B,메시********,,서울 성동구,한식-단품요리일반,뚝섬,20180917,,성수동1가,서울특별시 성동구 상원2길 3,서울특별시 성동구 성수동1가 14-47,37.54601556,127.049376,0,2,3,0.22,0.001964162270491165
1292,C45383D8D3,나츠*,,서울 성동구,일식당,뚝섬,20240911,,성수동1가,서울특별시 성동구 상원2길 6,서울특별시 성동구 성수동1가 16-2,37.54580935,127.0495303,0,2,3,0.22,0.0018776930185938716
1293,DC91CAB11B,네모*,,서울 성동구,베이커리,뚝섬,20231027,,성수동1가,서울특별시 성동구 상원2길 6,서울특별시 성동구 성수동1가 16-2,37.54580935,127.0495303,0,2,3,0.22,0.0018776930185938716
1294,5C5F3498B3,봉쥬*********,,서울 성동구,동남아/인도음식,뚝섬,20170901,,성수동1가,서울특별시 성동구 상원2길 7,서울특별시 성동구 성수동1가 14-58,37.54596518,127.0496387,0,1,3,0.16,0.0018769576006302656
1295,A026B58660,사흘**,,서울 성동구,양식,뚝섬,20200228,,성수동1가,서울특별시 성동구 상원4길 4,서울특별시 성동구 성수동1가 14-1,37.54736189,127.0488159,1,1,3,0.32666666666666666,0.0025382434002131802
1296,2D9247837A,은사**************,,서울 성동구,분식,뚝섬,20231012,,성수동1가,서울특별시 성동구 상원4길 6,서울특별시 성동구 성수동1가 14-31,37.54725216,127.049003,1,1,3,0.32666666666666666,0.002379266702788483
1297,CADFDBF8E5,화로**,,서울 성동구,한식-육류/고기,뚝섬,20230407,,성수동1가,서울특별시 성동구 상원4길 9,서울특별시 성동구 성수동1가 13-165,37.54728791,127.0496891,0,1,3,0.16,0.0019599600076138975
1298,58D324F8BD,릴레***********,,서울 성동구,카페,뚝섬,20210526,,성수동1가,서울특별시 성동구 상원6길 2,서울특별시 성동구 성수동1가 13-413,37.54832036,127.0486221,1,1,3,0.32666666666666666,0.0021462180760914154
1299,57A742D22B,신명***,,서울 성동구,백반/가정식,뚝섬,20221213,,성수동1가,서울특별시 성동구 상원6길 3,서울특별시 성동구 성수동1가 13-132,37.5485266,127.0486108,1,1,3,0.32666666666666666,0.0020285035493460136
1300,7E63F9E0CF,리틀****,,서울 성동구,카페,뚝섬,20230818,20250710.0,성수동1가,서울특별시 성동구 상원6길 6,서울특별시 성동구 성수동1가 13-331,37.54846138,127.0488124,1,1,3,0.32666666666666666,0.001995455699438839
1301,8A4528C2DE,카모*,,서울 성동구,한식-국밥/설렁탕,뚝섬,20241115,,성수동1가,서울특별시 성동구 상원6길 6,서울특별시 성동구 성수동1가 13-331,37.54846138,127.0488124,1,1,3,0.32666666666666666,0.001995455699438839
1302,E58F84D462,소적*****,카페7,서울 성동구,카페,뚝섬,20171116,,성수동1가,서울특별시 성동구 상원6길 8,서울특별시 성동구 성수동1가 13-316,37.54860129,127.0490608,0,1,3,0.16,0.0018593949309629488
1303,23B2E3C466,황귀****,,서울 성동구,한식-육류/고기,뚝섬,20200414,,성수동1가,서울특별시 성동구 상원6길 8,서울특별시 성동구 성수동1가 13-316,37.54860129,127.0490608,0,1,3,0.16,0.0018593949309629488
1304,D877FBFA11,플라********,,서울 성동구,커피전문점,뚝섬,20200226,,성수동1가,서울특별시 성동구 상원8길 1,서울특별시 성동구 성수동1가 13-104,37.54892084,127.048268,0,1,2,0.12666666666666665,0.0019015218900096035
1305,119075288D,삽다****,,서울 성동구,한식-육류/고기,뚝섬,20240328,,성수동1가,서울특별시 성동구 상원길 17,서울특별시 성동구 성수동1가 11,37.54555233,127.0490189,0,2,3,0.22,0.0019496269939486249
1306,79F8A1BFD2,퍼응***********,,서울 성동구,동남아/인도음식,뚝섬,20200703,,성수동1가,서울특별시 성동구 상원길 17,서울특별시 성동구 성수동1가 11,37.54555233,127.0490189,0,2,3,0.22,0.0019496269939486249
1307,9041A4EB80,카페****,,서울 성동구,카페,뚝섬,20241014,,성수동1가,서울특별시 성동구 상원길 19,서울특별시 성동구 성수동1가 656-603,37.54587886,127.0487728,1,2,3,0.3866666666666666,0.0021308758634676576
1308,2B9B91BE0C,청정*,,서울 성동구,일식-샤브샤브,뚝섬,20171012,,성수동1가,서울특별시 성동구 상원길 19,서울특별시 성동구 성수동1가 656-603,37.54587886,127.0487728,1,2,3,0.3866666666666666,0.0021308758634676576
1309,C7CFDB1BF1,청담***,,서울 성동구,한식-국밥/설렁탕,뚝섬,20220314,,성수동1가,서울특별시 성동구 상원길 19,서울특별시 성동구 성수동1가 656-603,37.54587886,127.0487728,1,2,3,0.3866666666666666,0.0021308758634676576
1310,28F229AEF2,뚝섬**,,서울 성동구,분식,뚝섬,20220624,,성수동1가,서울특별시 성동구 상원길 24,서울특별시 성동구 성수동1가 14-39,37.54614796,127.0490599,1,2,3,0.3866666666666666,0.0021165898539309506
1311,AA351B2BFF,바이*********,,서울 성동구,커피전문점,뚝섬,20230721,,성수동1가,서울특별시 성동구 상원길 26,서울특별시 성동구 성수동1가 14-35,37.54633914,127.0490826,1,2,3,0.3866666666666666,0.00216742539201384
1312,27F2AD0786,서래********,,서울 성동구,한식-육류/고기,뚝섬,20190923,,성수동1가,서울특별시 성동구 상원길 36,서울특별시 성동구 성수동1가 14-30,37.54724884,127.0487487,1,1,3,0.32666666666666666,0.0026361434802968826
1313,402A6EA562,파리********,베이커리10,서울 성동구,베이커리,뚝섬,20210608,,성수동1가,서울특별시 성동구 상원길 39,서울특별시 성동구 성수동1가 715,37.54753298,127.0483982,1,1,3,0.32666666666666666,0.0030076011681269177
1314,73583653A0,뚝섬****,,서울 성동구,분식,뚝섬,20171020,20250811.0,성수동1가,서울특별시 성동구 상원길 40,서울특별시 성동구 성수동1가 13-157,37.54755968,127.0487473,1,1,3,0.32666666666666666,0.002536929245278632
1315,A9FCCF1023,불난*******,,서울 성동구,호프/맥주,뚝섬,20180530,,성수동1가,서울특별시 성동구 상원길 40,서울특별시 성동구 성수동1가 13-157,37.54755968,127.0487473,1,1,3,0.32666666666666666,0.002536929245278632
1316,22472FE723,손박****,,서울 성동구,한식-국수/만두,뚝섬,20191010,,성수동1가,서울특별시 성동구 상원길 40,서울특별시 성동구 성수동1가 13-157,37.54755968,127.0487473,1,1,3,0.32666666666666666,0.002536929245278632
1317,DABB8F4DFF,플*,,서울 성동구,베이커리,뚝섬,20200113,,성수동1가,서울특별시 성동구 상원길 44,서울특별시 성동구 성수동1가 13-156,37.54792991,127.0485181,1,1,3,0.32666666666666666,0.002496277426008506
1318,12E149DC7F,더킹*,,서울 성동구,일식-덮밥/돈가스,뚝섬,20210114,,성수동1가,서울특별시 성동구 상원길 46,서울특별시 성동구 성수동1가 13-155,37.54812291,127.0484961,1,1,3,0.32666666666666666,0.0023505639717584094
1319,01FD0FCC3D,그리*****,,서울 성동구,카페,뚝섬,20231122,,성수동1가,서울특별시 성동구 상원길 49,서울특별시 성동구 성수동1가 656-388,37.54850716,127.048126,1,1,2,0.29333333333333333,0.002195970380756776
1320,3FEABA501A,도시******,,서울 성동구,반찬,뚝섬,20230629,,성수동1가,서울특별시 성동구 상원길 50,서울특별시 성동구 성수동1가 13-133,37.54842901,127.0484352,1,1,3,0.32666666666666666,0.0021496416869879664
1321,58BB43C891,부엉*,,서울 성동구,식료품,뚝섬,20240802,,성수동1가,서울특별시 성동구 상원길 50,서울특별시 성동구 성수동1가 13-133,37.54842901,127.0484352,1,1,3,0.32666666666666666,0.0021496416869879664
1322,30A93020E1,민정*********,,서울 성동구,백반/가정식,뚝섬,20190927,,성수동1가,서울특별시 성동구 상원길 51,서울특별시 성동구 성수동1가 656-387,37.54867809,127.0481012,1,1,2,0.29333333333333333,0.002075847692725283
1323,2ABC68FBCD,프레*********,,서울 성동구,한식-단품요리일반,뚝섬,20241015,,성수동1가,서울특별시 성동구 상원길 52,서울특별시 성동구 성수동1가 13-135,37.54860879,127.0483609,1,1,2,0.29333333333333333,0.0020556357223797178
1324,9934EF5B85,땅스********,,서울 성동구,한식-단품요리일반,뚝섬,20231016,,성수동1가,서울특별시 성동구 상원길 58,서울특별시 성동구 성수동1가 13-103,37.5491362,127.0482072,0,1,3,0.16,0.0018114115074404822
1325,56571ACABD,쌍용********,,서울 성동구,농산물,뚝섬,20220825,,성수동1가,서울특별시 성동구 상원길 59,서울특별시 성동구 성수동1가 706,37.54929959,127.0478884,0,1,3,0.16,0.001777395670693935
1326,94B1AD89FE,꼬꼬*******,백반/가정식4,서울 성동구,백반/가정식,뚝섬,20200507,,성수동1가,서울특별시 성동구 상원길 59,서울특별시 성동구 성수동1가 706,37.54929959,127.0478884,0,1,3,0.16,0.001777395670693935
1327,C6100F7EF1,엄마**,,서울 성동구,반찬,뚝섬,20200922,,성수동1가,서울특별시 성동구 상원길 60,서울특별시 성동구 성수동1가 13-443,37.54935689,127.0481164,0,1,3,0.16,0.001734770716301514
1328,EDE992B70F,쌍용***,,서울 성동구,축산물,뚝섬,20220310,,성수동1가,서울특별시 성동구 상원길 63,서울특별시 성동구 성수동1가 706,37.5501345,127.047109,0,1,3,0.16,0.0015603208896579988
1329,668C9F56AA,컴인**,,서울 성동구,와인바,뚝섬,20221026,,성수동1가,서울특별시 성동구 상원길 69,서울특별시 성동구 성수동1가 656-353,37.55016707,127.0476705,0,1,3,0.16,0.0015366722059479798
1330,36FA50BD7D,그릭****,,서울 성동구,카페,뚝섬,20240109,,성수동1가,서울특별시 성동구 상원길 81,서울특별시 성동구 성수동1가 656-417,37.55118283,127.0472913,0,1,2,0.12666666666666665,0.0014016945477192512
1331,59AA2F0CFE,성수***,,서울 성동구,한식-찌개/전골,뚝섬,20180817,,성수동1가,서울특별시 성동구 상원길 82,서울특별시 성동구 성수동1가 13-2,37.55128914,127.0475419,0,1,2,0.12666666666666665,0.0013808832888385573
1332,029F2B4A59,로우*,,서울 성동구,카페,,20220420,,송정동,서울특별시 성동구 송정6길 5,서울특별시 성동구 송정동 66-160,37.54943555,127.0652023,0,0,0,0.0,0.0009600766581062544
1333,E7ADF04349,하*,,서울 성동구,카페,,20241104,,송정동,서울특별시 성동구 송정6길 8,서울특별시 성동구 송정동 66-202,37.54927003,127.0652239,0,0,0,0.0,0.0009673743463985465
1334,E7EF031D24,비가*,,서울 성동구,카페,,20201019,,송정동,서울특별시 성동구 송정길 22,서울특별시 성동구 송정동 67-3,37.54853366,127.062346,0,0,1,0.03333333333333333,0.0009707541342160904
1335,AE54B681DC,스위****,,서울 성동구,카페,,20240409,,송정동,서울특별시 성동구 송정길 40,서울특별시 성동구 송정동 66-216,37.54919004,127.0641903,0,0,0,0.0,0.0009516125707877786
1336,60334AB92C,투썸*********,커피전문점13,서울 성동구,커피전문점,,20221017,,용답동,서울특별시 성동구 용답길 85,서울특별시 성동구 용답동 40-9,37.56235224,127.0515602,1,2,2,0.3533333333333333,0.0036027894308604353
1337,9F35038F41,금호**,,서울 성동구,일식-샤브샤브,금남시장,20240729,,금호동3가,서울특별시 성동구 장터3길 1,서울특별시 성동구 금호동3가 905,37.54851133,127.0198682,0,1,3,0.16,0.001519364316255739
1338,CDFDDEE207,이모****,,서울 성동구,한식-단품요리일반,금남시장,20221221,,금호동3가,서울특별시 성동구 장터5길 4,서울특별시 성동구 금호동3가 440,37.54862486,127.0213885,0,1,2,0.12666666666666665,0.0013262755792885549
1339,376525721B,쏘쏘**,,서울 성동구,포장마차,금남시장,20240806,,금호동3가,서울특별시 성동구 장터5길 5,서울특별시 성동구 금호동3가 842-12,37.54877193,127.0212261,0,1,2,0.12666666666666665,0.0013425290945399209
1340,4D789D747A,명품****,,서울 성동구,한식-육류/고기,금남시장,20170411,,금호동3가,서울특별시 성동구 장터5길 5,서울특별시 성동구 금호동3가 842-12,37.54877193,127.0212261,0,1,2,0.12666666666666665,0.0013425290945399209
1341,87F32C98C1,단과*,,서울 성동구,청과물,,20220804,,금호동3가,서울특별시 성동구 장터길 15,서울특별시 성동구 금호동3가 1389-2,37.54843385,127.0175511,1,1,3,0.32666666666666666,0.0022718572372761557
1342,81502BD7CA,카페********,,서울 성동구,아이스크림/빙수,,20240417,,금호동3가,서울특별시 성동구 장터길 19,서울특별시 성동구 금호동3가 1304,37.54848018,127.0180335,1,1,3,0.32666666666666666,0.0019945387040113164
1343,933122CC60,신전***,분식12,서울 성동구,분식,,20210817,,금호동4가,서울특별시 성동구 장터길 20,서울특별시 성동구 금호동4가 1386,37.54822959,127.0181657,0,1,3,0.16,0.0019640878458059654
1344,BE0A7DD7AB,더벤*,커피전문점1,서울 성동구,커피전문점,금남시장,20230627,,금호동4가,서울특별시 성동구 장터길 24,서울특별시 성동구 금호동4가 1382,37.54820151,127.0185752,0,1,3,0.16,0.00181538007975725
1345,F907A9A2FF,테라***,,서울 성동구,호프/맥주,금남시장,20191111,,금호동4가,서울특별시 성동구 장터길 26,서울특별시 성동구 금호동4가 1380,37.54821896,127.018756,0,1,3,0.16,0.0017608598294359093
1346,969C25043A,빵(****,,서울 성동구,베이커리,금남시장,20170825,,금호동3가,서울특별시 성동구 장터길 29,서울특별시 성동구 금호동3가 1290,37.54841873,127.0191632,0,1,3,0.16,0.0016521152650325014
1347,C6363F8E19,메가*********,커피전문점2,서울 성동구,커피전문점,금남시장,20200204,,금호동4가,서울특별시 성동구 장터길 30,서울특별시 성동구 금호동4가 1202,37.54821727,127.0191622,0,1,3,0.16,0.0016596097697100347
1348,8AD0AE30E8,금선**,,서울 성동구,한식-육류/고기,금남시장,20230816,,금호동3가,서울특별시 성동구 장터길 31,서울특별시 성동구 금호동3가 1286,37.54848897,127.0194305,0,1,3,0.16,0.0015953465713493234
1349,18AE11C714,금호***,,서울 성동구,한식-육류/고기,금남시장,20190404,,금호동4가,서울특별시 성동구 장터길 32,서울특별시 성동구 금호동4가 1198,37.54821472,127.0193599,0,1,3,0.16,0.0016178239144425586
1350,295F86E07D,길동*******,,서울 성동구,일식-우동/소바/라면,금남시장,20181026,,금호동3가,서울특별시 성동구 장터길 33,서울특별시 성동구 금호동3가 896,37.54851127,127.0197046,0,1,3,0.16,0.001545926496827413
1351,39255E94C6,누림**,,서울 성동구,축산물,금남시장,20211109,,금호동3가,서울특별시 성동구 장터길 35,서울특별시 성동구 금호동3가 895,37.54841493,127.0198171,0,1,3,0.16,0.0015299714099570928
1352,4E9408836B,참기*,,서울 성동구,식품 제조,금남시장,20220707,,금호동3가,서울특별시 성동구 장터길 35,서울특별시 성동구 금호동3가 895,37.54841493,127.0198171,0,1,3,0.16,0.0015299714099570928
1353,DC6768DBDA,원조***,,서울 성동구,한식-육류/고기,금남시장,20201207,,금호동3가,서울특별시 성동구 장터길 35,서울특별시 성동구 금호동3가 895,37.54841493,127.0198171,0,1,3,0.16,0.0015299714099570928
1354,7D728F3B80,금호*****,,서울 성동구,치킨,금남시장,20220519,,금호동4가,서울특별시 성동구 장터길 38,서울특별시 성동구 금호동4가 1121-9,37.54823207,127.0201053,0,1,3,0.16,0.00148889293798357
1355,D5CE662890,거평**,,서울 성동구,축산물,금남시장,20171107,,금호동3가,서울특별시 성동구 장터길 39,서울특별시 성동구 금호동3가 889,37.5484099,127.0202432,0,1,3,0.16,0.0014658583369282613
1356,D3965999F4,총각*******,,서울 성동구,치킨,금남시장,20200810,,금호동3가,서울특별시 성동구 장터길 41,서울특별시 성동구 금호동3가 817-4,37.54840536,127.0204765,0,1,3,0.16,0.0014343501154279444
1357,A35823D681,원더*****,,서울 성동구,베이커리,금남시장,20210104,,금호동3가,서울특별시 성동구 장터길 41,서울특별시 성동구 금호동3가 817-4,37.54840536,127.0204765,0,1,3,0.16,0.0014343501154279444
1358,4D78A9732C,한우**,,서울 성동구,축산물,금남시장,20220721,,금호동4가,서울특별시 성동구 장터길 42,서울특별시 성동구 금호동4가 1122,37.5481929,127.020521,0,1,3,0.16,0.0014314697154043084
1359,80DB3D6336,피자*****,피자8,서울 성동구,피자,금남시장,20200220,,금호동3가,서울특별시 성동구 장터길 43,서울특별시 성동구 금호동3가 815,37.54839531,127.0207422,0,1,2,0.12666666666666665,0.0014009463002311907
1360,B791125FD3,금호*******,,서울 성동구,청과물,금남시장,20230621,,금호동4가,서울특별시 성동구 장터길 44,서울특별시 성동구 금호동4가 1119-2,37.54822016,127.0207034,0,1,3,0.16,0.0014078232936639615
1361,C135324315,북어**,,서울 성동구,수산물,금남시장,20181010,,금호동3가,서울특별시 성동구 장터길 45,서울특별시 성동구 금호동3가 809,37.54842509,127.0209784,0,1,2,0.12666666666666665,0.001372668744177225
1362,61184A5430,진미***,,서울 성동구,한식-육류/고기,금남시장,20210426,,금호동3가,서울특별시 성동구 장터길 47,서울특별시 성동구 금호동3가 799,37.54843847,127.0212403,0,1,2,0.12666666666666665,0.0013432963034698158
1363,96694B7FF6,킨토*,,서울 성동구,일식당,금남시장,20240514,,금호동3가,서울특별시 성동구 장터길 51,서울특별시 성동구 금호동3가 414,37.54842993,127.0216541,0,0,2,0.06666666666666667,0.0013059933094069377
1364,A9C97F11F5,수철*,,서울 성동구,한식-단품요리일반,금남시장,20240912,,금호동3가,서울특별시 성동구 장터길 51,서울특별시 성동구 금호동3가 414,37.54842993,127.0216541,0,0,2,0.06666666666666667,0.0013059933094069377
1365,B372695116,만득***,,서울 성동구,백반/가정식,,20161223,,금호동1가,서울특별시 성동구 행당로 43,서울특별시 성동구 금호동1가 167-28,37.55580877,127.0242903,0,2,2,0.18666666666666665,0.001508192771415439
1366,E1AA339E20,김영*****,,서울 성동구,반찬,행당,20170315,,행당동,서울특별시 성동구 행당로 75,서울특별시 성동구 행당동 347,37.55660247,127.0275207,1,1,2,0.29333333333333333,0.0019825685112429573
1367,422F127F2C,굽네**,치킨7,서울 성동구,치킨,행당,20221004,,행당동,서울특별시 성동구 행당로 75,서울특별시 성동구 행당동 347,37.55660247,127.0275207,1,1,2,0.29333333333333333,0.0019825685112429573
1368,0904E1A37E,샬룸**,,서울 성동구,청과물,행당,20230113,,행당동,서울특별시 성동구 행당로 75,서울특별시 성동구 행당동 347,37.55660247,127.0275207,1,1,2,0.29333333333333333,0.0019825685112429573
1369,55CE7C8582,축협*****,,서울 성동구,축산물,행당,20191219,,행당동,서울특별시 성동구 행당로 75,서울특별시 성동구 행당동 347,37.55660247,127.0275207,1,1,2,0.29333333333333333,0.0019825685112429573
1370,AC98B923AE,아이*********,,서울 성동구,아이스크림/빙수,행당,20230412,,행당동,서울특별시 성동구 행당로 75,서울특별시 성동구 행당동 347,37.55660247,127.0275207,1,1,2,0.29333333333333333,0.0019825685112429573
1371,E51D6B5EE4,60*******,치킨1,서울 성동구,치킨,행당,20200924,,행당동,서울특별시 성동구 행당로 76,서울특별시 성동구 행당동 346,37.5562345,127.027536,0,1,2,0.12666666666666665,0.0018839176708558346
1372,4FFDE025F1,정관******,건강식품3,서울 성동구,건강식품,행당,20220328,,행당동,서울특별시 성동구 행당로 76,서울특별시 성동구 행당동 346,37.5562345,127.027536,0,1,2,0.12666666666666665,0.0018839176708558346
1373,AF202842B3,커*,,서울 성동구,카페,행당,20180323,,행당동,서울특별시 성동구 행당로 79,서울특별시 성동구 행당동 347,37.55820535,127.027507,1,1,3,0.32666666666666666,0.001983900728623003
1374,241A9CFA07,쌍둥*******,,서울 성동구,수산물,행당,20190916,20250730.0,행당동,서울특별시 성동구 행당로 79,서울특별시 성동구 행당동 347,37.55820535,127.027507,1,1,3,0.32666666666666666,0.001983900728623003
1375,9D1FE7C12C,신앙***,식료품1,서울 성동구,식료품,행당,20220915,,행당동,서울특별시 성동구 행당로 79,서울특별시 성동구 행당동 347,37.55820535,127.027507,1,1,3,0.32666666666666666,0.001983900728623003
1376,4CD0E0A0DC,아이*******,아이스크림/빙수3,서울 성동구,아이스크림/빙수,행당,20210810,,행당동,서울특별시 성동구 행당로 79,서울특별시 성동구 행당동 347,37.55820535,127.027507,1,1,3,0.32666666666666666,0.001983900728623003
1377,F17FFADBDA,한마***,,서울 성동구,청과물,행당,20181011,,행당동,서울특별시 성동구 행당로 82,서울특별시 성동구 행당동 346,37.55480888,127.0273997,0,1,2,0.12666666666666665,0.001524507022473346
1378,8FF6E51D2C,대*,,서울 성동구,청과물,행당,20200713,,행당동,서울특별시 성동구 행당로 82,서울특별시 성동구 행당동 346,37.55480888,127.0273997,0,1,2,0.12666666666666665,0.001524507022473346
1379,5BB5DF8D62,달다*****,,서울 성동구,카페,행당,20230120,,행당동,서울특별시 성동구 행당로 84,서울특별시 성동구 행당동 346,37.55656776,127.0287459,1,1,2,0.29333333333333333,0.002809436915721951
1380,896B3E4961,조여*,,서울 성동구,식료품,행당,20200110,,행당동,서울특별시 성동구 행당로 84,서울특별시 성동구 행당동 346,37.55656776,127.0287459,1,1,2,0.29333333333333333,0.002809436915721951
1381,BF88411DC5,행복*****,,서울 성동구,식료품,행당,20211007,,행당동,서울특별시 성동구 행당로 84,서울특별시 성동구 행당동 346,37.55656776,127.0287459,1,1,2,0.29333333333333333,0.002809436915721951
1382,A776C445D3,롯데***********,햄버거1,서울 성동구,햄버거,행당,20240924,,행당동,서울특별시 성동구 행당로 84,서울특별시 성동구 행당동 346,37.55656776,127.0287459,1,1,2,0.29333333333333333,0.002809436915721951
1383,9F920B9CA9,칠월*****,,서울 성동구,베이커리,행당,20230228,,행당동,서울특별시 성동구 행당로 84,서울특별시 성동구 행당동 346,37.55656776,127.0287459,1,1,2,0.29333333333333333,0.002809436915721951
1384,297CF99623,맘스****,,서울 성동구,백반/가정식,행당,20180104,,행당동,서울특별시 성동구 행당로 84,서울특별시 성동구 행당동 346,37.55656776,127.0287459,1,1,2,0.29333333333333333,0.002809436915721951
1385,6CA4937A72,한진**,,서울 성동구,떡/한과 제조,행당,20170504,,행당동,서울특별시 성동구 행당로 84,서울특별시 성동구 행당동 346,37.55656776,127.0287459,1,1,2,0.29333333333333333,0.002809436915721951
1386,4D712FD5CB,윌비*************,,서울 성동구,한식-단품요리일반,행당,20240415,,행당동,서울특별시 성동구 행당로 84,서울특별시 성동구 행당동 346,37.55656776,127.0287459,1,1,2,0.29333333333333333,0.002809436915721951
1387,A3801B70AE,행당*****,,서울 성동구,분식,행당,20230627,,행당동,서울특별시 성동구 행당로 87,서울특별시 성동구 행당동 347,37.55729212,127.0285443,1,1,3,0.32666666666666666,0.0033641907344369574
1388,B331A6B056,태은**,,서울 성동구,분식,행당,20231222,,행당동,서울특별시 성동구 행당로 87,서울특별시 성동구 행당동 347,37.55729212,127.0285443,1,1,3,0.32666666666666666,0.0033641907344369574
1389,120283327E,카페***,,서울 성동구,카페,행당,20190709,,행당동,서울특별시 성동구 행당로 87,서울특별시 성동구 행당동 347,37.55729212,127.0285443,1,1,3,0.32666666666666666,0.0033641907344369574
1390,9B9E1448A4,노랑**,,서울 성동구,식료품,행당,20220602,,행당동,서울특별시 성동구 행당로 87,서울특별시 성동구 행당동 347,37.55729212,127.0285443,1,1,3,0.32666666666666666,0.0033641907344369574
1391,E57C9021F7,블랙******,,서울 성동구,중식당,행당,20210728,,행당동,서울특별시 성동구 행당로 87,서울특별시 성동구 행당동 347,37.55729212,127.0285443,1,1,3,0.32666666666666666,0.0033641907344369574
1392,9D2DDAAB87,꼬꼬***,백반/가정식4,서울 성동구,백반/가정식,행당,20170427,,행당동,서울특별시 성동구 행당로 87,서울특별시 성동구 행당동 347,37.55729212,127.0285443,1,1,3,0.32666666666666666,0.0033641907344369574
1393,6C96251704,찌개**,한식-단품요리일반5,서울 성동구,한식-단품요리일반,성수,20120406,,성수동2가,서울특별시 성동구 뚝섬로 385-32,서울특별시 성동구 성수동2가 339-160,37.53939724,127.0543573,0,0,1,0.03333333333333333,0.001025503795587975
1394,51114863DE,대영**,,서울 성동구,축산물,마장동,20120524,,마장동,서울특별시 성동구 마장로37길 45,서울특별시 성동구 마장동 762-8,37.5695353,127.040835,0,1,3,0.16,0.001670174956083548
1395,B3A7F2509A,조양**,,서울 성동구,축산물,마장동,20120906,,마장동,서울특별시 성동구 마장로37길 51,서울특별시 성동구 마장동 761-29,37.56993107,127.0414513,0,2,3,0.22,0.001680377778403877
1396,E4899A583F,브릭****,,서울 성동구,카페,한양대,20120601,,행당동,서울특별시 성동구 마조로11길 13,서울특별시 성동구 행당동 1-41,37.56171208,127.039944,1,3,5,0.5133333333333334,0.0035456437348897417
1397,1F75656163,전주******,,서울 성동구,한식-국밥/설렁탕,뚝섬,20100208,,성수동1가,서울특별시 성동구 아차산로 50-1,서울특별시 성동구 성수동1가 14-62,37.54624145,127.0497806,0,1,3,0.16,0.0018778870404736186
1398,FC69270591,미그**************,,서울 성동구,커피전문점,왕십리,20191121,,행당동,서울특별시 성동구 고산자로14길 26,서울특별시 성동구 행당동 387,37.56340496,127.0377678,2,3,5,0.6799999999999999,0.0035870013267446056
1399,23A7CC4CFE,한우*****,,서울 성동구,축산물,마장동,20160331,,마장동,서울특별시 성동구 고산자로24길 11,서울특별시 성동구 마장동 509-11,37.57001497,127.0387518,0,1,3,0.16,0.0015213999533484725
1400,FD67E697FF,한우**,,서울 성동구,한식-육류/고기,마장동,20160429,,마장동,서울특별시 성동구 고산자로24길 11,서울특별시 성동구 마장동 509-11,37.57001497,127.0387518,0,1,3,0.16,0.0015213999533484725
1401,81C55F8941,대림**,,서울 성동구,축산물,마장동,20140925,,마장동,서울특별시 성동구 고산자로24길 4-1,서울특별시 성동구 마장동 521-13,37.56995216,127.0379706,0,1,3,0.16,0.0014728750280176058
1402,485B0A3591,크우***,,서울 성동구,한식-육류/고기,,20090210,,응봉동,서울특별시 성동구 고산자로2길 4-1,서울특별시 성동구 응봉동 228-22,37.55200032,127.0357143,0,1,2,0.12666666666666665,0.001669524975862226
1403,D631BCEA77,동이*,,서울 성동구,요리주점,,20130904,,응봉동,서울특별시 성동구 고산자로2길 6-3,서울특별시 성동구 응봉동 228-14,37.55209717,127.0360241,0,1,2,0.12666666666666665,0.0016171977158248325
1404,E43C1CDC68,옛고*,,서울 성동구,한식-단품요리일반,,20080703,,행당동,서울특별시 성동구 고산자로6가길 36,서울특별시 성동구 행당동 128-312,37.55672416,127.0357181,0,0,6,0.2,0.0016963494519257744
1405,B91AFC4E86,또래*******,치킨15,서울 성동구,치킨,,20030828,,행당동,서울특별시 성동구 고산자로6가길 44,서울특별시 성동구 행당동 128-451,37.55643513,127.0356887,0,0,6,0.2,0.0016402623371459563
1406,93F44D89BB,함지*,,서울 성동구,백반/가정식,,20040517,,행당동,서울특별시 성동구 고산자로6길 40,서울특별시 성동구 행당동 140,37.5582207,127.0354825,0,3,5,0.3466666666666667,0.0020669417457713423
1407,7635F397CD,제일**,,서울 성동구,분식,,20090330,,행당동,서울특별시 성동구 고산자로8길 23-1,서울특별시 성동구 행당동 138-41,37.55829102,127.0365068,0,3,5,0.3466666666666667,0.002171996776915371
1408,055EDDDD01,이현*****,,서울 성동구,한식-단품요리일반,뚝섬,20200626,,성수동2가,서울특별시 성동구 광나루로 240-20,서울특별시 성동구 성수동2가 289-180,37.54888926,127.0561248,0,1,2,0.12666666666666665,0.0011259702098588874
1409,D3556C1BB8,이레**,,서울 성동구,분식,,20120706,,송정동,서울특별시 성동구 광나루로11길 10,서울특별시 성동구 송정동 66-112,37.54891284,127.065934,0,0,1,0.03333333333333333,0.000999351898688505
1410,BDDF5CFB2D,남양***,,서울 성동구,축산물,,20050728,,송정동,서울특별시 성동구 광나루로11길 37,서울특별시 성동구 송정동 73-594,37.55105767,127.067515,0,0,1,0.03333333333333333,0.000946961463678039
1411,7825F19A1A,쁘띠**,,서울 성동구,베이커리,성수,20140714,,성수동2가,서울특별시 성동구 광나루로4길 8-1,서울특별시 성동구 성수동2가 299-104,37.54958458,127.053746,0,0,2,0.06666666666666667,0.001178627563534863
1412,502658D9C9,금호**,,서울 성동구,카페,금남시장,20180430,,금호동3가,서울특별시 성동구 금호산2길 22-10,서울특별시 성동구 금호동3가 396,37.54864884,127.0218343,0,0,2,0.06666666666666667,0.0012903381344110368
1413,B7970DDBAC,알뜰**,,서울 성동구,건어물,금남시장,20150203,,금호동3가,서울특별시 성동구 독서당로 301-59,서울특별시 성동구 금호동3가 384,37.54869126,127.0223853,0,0,2,0.06666666666666667,0.001252431572103367
1414,521E3795E3,해밀**,,서울 성동구,백반/가정식,금남시장,20090907,,금호동3가,서울특별시 성동구 독서당로 303-10,서울특별시 성동구 금호동3가 312,37.54850511,127.0229004,0,0,2,0.06666666666666667,0.0012214195726474918
1415,B8787E12FB,척스****,,서울 성동구,호프/맥주,옥수,20150827,,옥수동,서울특별시 성동구 독서당로40길 33,서울특별시 성동구 옥수동 377-5,37.54219589,127.0174662,1,2,3,0.3866666666666666,0.004824596397903355
1416,64835E743B,옥수****,,서울 성동구,한식-육류/고기,옥수,20131202,,옥수동,서울특별시 성동구 독서당로40길 33,서울특별시 성동구 옥수동 377-5,37.54219589,127.0174662,1,2,3,0.3866666666666666,0.004824596397903355
1417,8E8B1D725E,심가***,,서울 성동구,한식-단품요리일반,금남시장,20150424,,금호동4가,서울특별시 성동구 독서당로46길 35,서울특별시 성동구 금호동4가 531,37.54777228,127.0231318,0,0,2,0.06666666666666667,0.0012122030143091659
1418,890A5CC5E0,함평**,,서울 성동구,백반/가정식,,20111221,,금호동1가,서울특별시 성동구 독서당로51길 31,서울특별시 성동구 금호동1가 1765,37.55069262,127.026017,0,0,3,0.1,0.0011876242041417714
1419,F3D4CF71FF,신샘******,,서울 성동구,식료품,,20120413,,응봉동,서울특별시 성동구 독서당로60길 10,서울특별시 성동구 응봉동 193-190,37.54918533,127.0309375,0,1,1,0.09333333333333332,0.0013081644051535582
1420,5D4A7C44B2,진성**,,서울 성동구,백반/가정식,,20020629,,홍익동,서울특별시 성동구 마장로25길 11-2,서울특별시 성동구 홍익동 16-8,37.56704027,127.0336706,0,1,4,0.19333333333333333,0.0015242600940100228
1421,9769F49AB2,연흥*****,,서울 성동구,축산물,마장동,20150528,,마장동,서울특별시 성동구 마장로31가길 18,서울특별시 성동구 마장동 511-28,37.56935251,127.0391797,0,1,3,0.16,0.0015621911260331038
1422,22BDEE04F4,대박****,,서울 성동구,축산물,,20150810,,마장동,서울특별시 성동구 마장로31길 14-2,서울특별시 성동구 마장동 514-10,37.56762648,127.0377707,0,1,5,0.22666666666666668,0.0015858769636120096
1423,FB36289140,희망**,,서울 성동구,축산물,마장동,20130524,,마장동,서울특별시 성동구 마장로35나길 3-1,서울특별시 성동구 마장동 481-41,37.56888544,127.0396945,0,1,4,0.19333333333333333,0.0016325248006503756
1424,8CA71260B2,이모*****,,서울 성동구,분식,,20080129,,마장동,서울특별시 성동구 마장로35나길 37,서울특별시 성동구 마장동 768-11,37.56760895,127.0431799,1,2,3,0.3866666666666666,0.0024147283300786524
1425,AAC3D4597D,마장***,,서울 성동구,축산물,마장동,20170208,,마장동,서울특별시 성동구 마장로35다길 18,서울특별시 성동구 마장동 481-64,37.56905135,127.0406585,0,1,3,0.16,0.0017033150684967122
1426,5417C5A2AE,회*,,서울 성동구,축산물,마장동,20160511,,마장동,서울특별시 성동구 마장로37길 53-9,서울특별시 성동구 마장동 761-19,37.57022652,127.041413,0,2,3,0.22,0.0016547992741161987
1427,62A9B7888B,이롬********,건강식품2,서울 성동구,건강식품,,19991105,,마장동,서울특별시 성동구 마장로39가길 61,서울특별시 성동구 마장동 768-17,37.56776917,127.0440931,0,2,3,0.22,0.0022822769425302107
1428,CB42B1688B,카페*************,,서울 성동구,카페,왕십리,20160722,,홍익동,서울특별시 성동구 무학로10길 29-1,서울특별시 성동구 홍익동 215,37.56589559,127.0341771,0,1,5,0.22666666666666668,0.0017694923391593175
1429,7EAC320AA6,송희****,,서울 성동구,농산물,왕십리,20160616,,행당동,서울특별시 성동구 무학봉16길 18-1,서울특별시 성동구 행당동 298-34,37.56014181,127.0326514,0,3,5,0.3466666666666667,0.0021718611185808983
1430,FF3C3A8704,스페******,,서울 성동구,카페,,20230621,,성수동1가,서울특별시 성동구 서울숲2길 15-12,서울특별시 성동구 성수동1가 685-431,37.54747934,127.0405738,0,0,3,0.1,0.0013842006679931924
1431,A6CA3DD492,뤼들********************,,서울 성동구,주류,뚝섬,20120423,,성수동1가,서울특별시 성동구 서울숲2길 32-14,서울특별시 성동구 성수동1가 685-696,37.54567733,127.0429147,0,2,2,0.18666666666666665,0.0017708299497504504
1432,2FF80BC960,우*,,서울 성동구,카페,뚝섬,20171220,,성수동1가,서울특별시 성동구 서울숲4길 16-19,서울특별시 성동구 성수동1가 668-81,37.54699033,127.042483,0,2,3,0.22,0.0015720462356008124
1433,5BC9440DAF,그레******,,서울 성동구,카페,뚝섬,20171205,,성수동1가,서울특별시 성동구 서울숲4길 26-14,서울특별시 성동구 성수동1가 668-55,37.54684287,127.0433791,0,2,2,0.18666666666666665,0.0017157387862913205
1434,1C9BB3C08A,영수**,,서울 성동구,한식-육류/고기,성수,20140912,,성수동2가,서울특별시 성동구 성덕정15길 2-12,서울특별시 성동구 성수동2가 335-149,37.53791979,127.0539481,0,0,1,0.03333333333333333,0.0009208745023490846
1435,E7FB9EBA6B,푸른****,,서울 성동구,한식-해물/생선,성수,20160601,,성수동2가,서울특별시 성동구 성덕정15길 4-17,서울특별시 성동구 성수동2가 335-67,37.53806569,127.0542823,0,0,1,0.03333333333333333,0.0009313952766700922
1436,ED0AED2575,진국***,,서울 성동구,한식-국밥/설렁탕,성수,20160526,,성수동2가,서울특별시 성동구 성덕정15길 6-59,서울특별시 성동구 성수동2가 335-131,37.53828711,127.0543912,0,0,1,0.03333333333333333,0.0009456301937777569
1437,D670574C48,이북*****,,서울 성동구,한식-단품요리일반,성수,20100813,,성수동2가,서울특별시 성동구 성수이로20길 10,서울특별시 성동구 성수동2가 273-24,37.54322764,127.0576415,0,1,1,0.09333333333333332,0.001668634891816089
1438,92FF17F070,육*,,서울 성동구,한식-단품요리일반,자양,20240105,,성수동2가,서울특별시 성동구 성수이로24길 38,서울특별시 성동구 성수동2가 277-40,37.54397681,127.0621025,0,0,2,0.06666666666666667,0.0011823518626000176
1439,ED180381CA,피터*,,서울 성동구,백반/가정식,성수,20070406,,성수동2가,서울특별시 성동구 성수이로7가길 21,서울특별시 성동구 성수동2가 321-82,37.54205481,127.0553857,0,1,1,0.09333333333333332,0.0014334348498090655
1440,15467D0BEC,한세***,,서울 성동구,백반/가정식,성수,20070330,,성수동2가,서울특별시 성동구 성수이로7가길 6,서울특별시 성동구 성수동2가 309-147,37.54072749,127.0551057,0,1,1,0.09333333333333332,0.001169373487126428
1441,6FC1133E9A,예바*,,서울 성동구,한식-단품요리일반,성수,20140725,,성수동2가,서울특별시 성동구 성수일로10길 26,서울특별시 성동구 성수동2가 284-62,37.54658651,127.0529522,0,2,3,0.22,0.0015108529603399057
1442,274F7C9F52,H커*****,,서울 성동구,커피전문점,뚝섬,20140529,,성수동1가,서울특별시 성동구 성수일로11길 10,서울특별시 성동구 성수동1가 13-203,37.54918279,127.0505665,0,1,2,0.12666666666666665,0.0014496264334478834
1443,54537D2AD9,라보*,,서울 성동구,베이커리,성수,20131223,,성수동2가,서울특별시 성동구 성수일로12길 20,서울특별시 성동구 성수동2가 284-22,37.54817447,127.0532505,0,1,2,0.12666666666666665,0.0013276285322305881
1444,05D0F780F0,돈이******,,서울 성동구,백반/가정식,성수,20150424,,성수동2가,서울특별시 성동구 성수일로12길 20,서울특별시 성동구 성수동2가 284-22,37.54817447,127.0532505,0,1,2,0.12666666666666665,0.0013276285322305881
1445,DC88E0D1FD,리틀****,,서울 성동구,양식,성수,20160721,,성수동2가,서울특별시 성동구 성수일로12길 23,서울특별시 성동구 성수동2가 299-157,37.54830914,127.0537135,0,1,2,0.12666666666666665,0.0012930701758322714
1446,C5E2F46391,엄마****,,서울 성동구,백반/가정식,성수,20130806,,성수동2가,서울특별시 성동구 성수일로12길 25,서울특별시 성동구 성수동2가 299-192,37.54820265,127.0538921,0,1,2,0.12666666666666665,0.0012969234200940695
1447,863104F16A,금돼*,,서울 성동구,한식-육류/고기,성수,20111005,,성수동2가,서울특별시 성동구 성수일로12길 25,서울특별시 성동구 성수동2가 299-192,37.54820265,127.0538921,0,1,2,0.12666666666666665,0.0012969234200940695
1448,FFAC8CC0F7,일미****,,서울 성동구,한식-국밥/설렁탕,성수,20090424,,성수동2가,서울특별시 성동구 성수일로12길 27,서울특별시 성동구 성수동2가 299-198,37.54838923,127.0545245,0,1,2,0.12666666666666665,0.0012508758406606251
1449,20BEAD80DD,성수*,,서울 성동구,한식-단품요리일반,성수,20150508,,성수동2가,서울특별시 성동구 성수일로12길 27,서울특별시 성동구 성수동2가 299-198,37.54838923,127.0545245,0,1,2,0.12666666666666665,0.0012508758406606251
1450,7EAF110EFF,탕*,,서울 성동구,한식-찌개/전골,성수,20110811,,성수동2가,서울특별시 성동구 성수일로12길 36,서울특별시 성동구 성수동2가 289-218,37.54750754,127.0546508,0,1,2,0.12666666666666665,0.0013788985711169343
1451,B269C5084C,바로*,,서울 성동구,양식,,20151021,,성수동1가,서울특별시 성동구 성수일로3길 7-7,서울특별시 성동구 성수동1가 656-132,37.54203257,127.0479198,0,1,3,0.16,0.001473998780794232
1452,FCA52160AF,마르***,,서울 성동구,식료품,,20190311,,성수동2가,서울특별시 성동구 아차산로11길 26,서울특별시 성동구 성수동2가 278-49,37.54579163,127.0601358,0,1,1,0.09333333333333332,0.001218133598223444
1453,0174C56C09,햄찌*********,,서울 성동구,식료품,,20220210,,성수동2가,서울특별시 성동구 아차산로11길 26,서울특별시 성동구 성수동2가 278-49,37.54579163,127.0601358,0,1,1,0.09333333333333332,0.001218133598223444
1454,E71F240C4E,오뚜***,식료품2,서울 성동구,식료품,성수,20110810,,성수동2가,서울특별시 성동구 아차산로11길 27,서울특별시 성동구 성수동2가 278-51,37.54618447,127.0597625,0,1,1,0.09333333333333332,0.00121989644231888
1455,62B867788E,패티**,,서울 성동구,햄버거,,20210709,,성수동2가,서울특별시 성동구 아차산로13길 33,서울특별시 성동구 성수동2가 278-27,37.54623614,127.0616125,0,0,1,0.03333333333333333,0.0011142696537342748
1456,9978494070,마루***,,서울 성동구,일식당,,20220112,,성수동2가,서울특별시 성동구 아차산로13길 37,서울특별시 성동구 성수동2가 278-25,37.54662135,127.0619069,0,0,1,0.03333333333333333,0.0010860904663296425
1457,EECEBE2010,오키**,,서울 성동구,일식-초밥/롤,,20160707,,성수동2가,서울특별시 성동구 아차산로13길 37,서울특별시 성동구 성수동2가 278-25,37.54662135,127.0619069,0,0,1,0.03333333333333333,0.0010860904663296425
1458,2858CD7B1D,비엠*****,,서울 성동구,식품 제조,,20140512,,성수동2가,서울특별시 성동구 아차산로13길 48,서울특별시 성동구 성수동2가 280-22,37.54665648,127.0627717,0,0,1,0.03333333333333333,0.0010729361743459674
1459,6F5E4689DB,한경****,,서울 성동구,한식-국밥/설렁탕,,20151002,,성수동2가,서울특별시 성동구 아차산로13길 48,서울특별시 성동구 성수동2가 280-22,37.54665648,127.0627717,0,0,1,0.03333333333333333,0.0010729361743459674
1460,C30D7020C4,탑와***,,서울 성동구,주류,,20100315,,성수동2가,서울특별시 성동구 아차산로15길 10,서울특별시 성동구 성수동2가 277-37,37.54369624,127.0626068,0,0,2,0.06666666666666667,0.001187634547910404
1461,499F119A8A,Ca**************,,서울 성동구,커피전문점,,20110127,,성수동2가,서울특별시 성동구 아차산로15길 10,서울특별시 성동구 성수동2가 277-37,37.54369624,127.0626068,0,0,2,0.06666666666666667,0.001187634547910404
1462,C65FEFD6D4,투달***************************,,서울 성동구,커피전문점,,20141128,,성수동2가,서울특별시 성동구 아차산로17길 26,서울특별시 성동구 성수동2가 279-46,37.5445109,127.0646648,0,0,3,0.1,0.0012199150994077698
1463,D04EE73563,반가*****,,서울 성동구,한식-단품요리일반,,20200107,,성수동2가,서울특별시 성동구 아차산로17길 26,서울특별시 성동구 성수동2가 279-46,37.5445109,127.0646648,0,0,3,0.1,0.0012199150994077698
1464,B35562BF7A,봉추********,한식-육류/고기10,서울 성동구,한식-육류/고기,,20211207,,성수동2가,서울특별시 성동구 아차산로17길 48,서울특별시 성동구 성수동2가 280,37.54639376,127.0658895,0,0,3,0.1,0.001129320847676358
1465,D592366647,완백**************,,서울 성동구,한식-단품요리일반,,20230227,,성수동2가,서울특별시 성동구 아차산로17길 49,서울특별시 성동구 성수동2가 280-6,37.54676837,127.0652793,0,0,1,0.03333333333333333,0.001089811205701444
1466,17DAB44CD4,쭈꾸****,,서울 성동구,한식-해물/생선,성수,20150730,,성수동2가,서울특별시 성동구 아차산로7길 14-1,서울특별시 성동구 성수동2가 289-243,37.54643791,127.0547724,0,1,2,0.12666666666666665,0.0016586442352633593
1467,13D9737A1D,공차******,차1,서울 성동구,차,왕십리,20160223,,행당동,서울특별시 성동구 왕십리광장로 17,서울특별시 성동구 행당동 168-151,37.56144175,127.0383942,3,3,4,0.8133333333333332,0.008207936277255062
1468,370B4F40C3,전자**,,서울 성동구,담배,왕십리,20101201,,행당동,서울특별시 성동구 왕십리광장로 17,서울특별시 성동구 행당동 168-151,37.56144175,127.0383942,3,3,4,0.8133333333333332,0.008207936277255062
1469,8D18C2E99F,달다*******,,서울 성동구,카페,왕십리,20240604,,행당동,서울특별시 성동구 왕십리광장로 17,서울특별시 성동구 행당동 168-151,37.56144175,127.0383942,3,3,4,0.8133333333333332,0.008207936277255062
1470,842D25724F,투썸*********,커피전문점13,서울 성동구,커피전문점,왕십리,20160722,,행당동,서울특별시 성동구 왕십리광장로 17,서울특별시 성동구 행당동 168-151,37.56144175,127.0383942,3,3,4,0.8133333333333332,0.008207936277255062
1471,87BD99FCEF,나마*******,,서울 성동구,동남아/인도음식,왕십리,20191002,,행당동,서울특별시 성동구 왕십리광장로 17,서울특별시 성동구 행당동 168-151,37.56144175,127.0383942,3,3,4,0.8133333333333332,0.008207936277255062
1472,5C3A9D7C5A,대돈*,,서울 성동구,한식-육류/고기,뚝섬,20230711,,성수동1가,서울특별시 성동구 왕십리로14길 18,서울특별시 성동구 성수동1가 656-805,37.54862331,127.0455955,0,1,3,0.16,0.0019075766985860898
1473,D3C9F2C2F5,성수****,,서울 성동구,한식-국밥/설렁탕,뚝섬,20210322,,성수동1가,서울특별시 성동구 왕십리로14길 30,서울특별시 성동구 성수동1가 656-832,37.54833566,127.0468815,1,1,2,0.29333333333333333,0.0024731738809880164
1474,1D47B2E51D,돈구*,,서울 성동구,한식-육류/고기,왕십리,20161206,,도선동,서울특별시 성동구 왕십리로20길 18,서울특별시 성동구 도선동 16-2,37.56334887,127.0355734,0,3,5,0.3466666666666667,0.0029926207946667097
1475,16E393FC45,묵은********,,서울 성동구,한식-육류/고기,왕십리,20051110,,홍익동,서울특별시 성동구 왕십리로20길 38,서울특별시 성동구 홍익동 145,37.56520442,127.0357501,0,3,5,0.3466666666666667,0.002062125542818416
1476,DAD28E1892,남도*,,서울 성동구,한식-찌개/전골,왕십리,20000718,,도선동,서울특별시 성동구 왕십리로20길 9-1,서울특별시 성동구 도선동 83,37.56282233,127.0349948,0,3,6,0.38,0.003011942754775246
1477,AE8886AFC8,남원***,한식-해물/생선2,서울 성동구,한식-해물/생선,왕십리,20020401,,행당동,서울특별시 성동구 왕십리로21가길 1,서울특별시 성동구 행당동 292-32,37.56105242,127.0330712,0,4,5,0.4066666666666667,0.0023418457996908877
1478,0BAEC93CDE,야마*****,,서울 성동구,일식당,왕십리,20160122,,행당동,서울특별시 성동구 왕십리로21길 11,서울특별시 성동구 행당동 286-43,37.56133484,127.0332206,0,4,5,0.4066666666666667,0.002401963927517619
1479,57F39CB90C,재수**********,,서울 성동구,한식-감자탕,왕십리,20161215,,행당동,서울특별시 성동구 왕십리로21길 13,서울특별시 성동구 행당동 292-9,37.56119127,127.0330598,0,4,5,0.4066666666666667,0.0023480432613158368
1480,1F2F62794C,수제******,,서울 성동구,한식-국수/만두,왕십리,19951023,,행당동,서울특별시 성동구 왕십리로21길 14,서울특별시 성동구 행당동 290-30,37.56129782,127.0328645,0,4,5,0.4066666666666667,0.0023036823910495266
1481,A5BF54D22B,왕십*****,,서울 성동구,인삼제품,왕십리,20010914,,행당동,서울특별시 성동구 왕십리로21길 16,서울특별시 성동구 행당동 292-47,37.56118521,127.0328177,0,4,5,0.4066666666666667,0.0022868854501999084
1482,79B22CEF8E,행*,,서울 성동구,호프/맥주,왕십리,20111205,,행당동,서울특별시 성동구 왕십리로21길 17,서울특별시 성동구 행당동 292-41,37.5608985,127.0328497,0,5,5,0.4666666666666667,0.0022755116115867474
1483,C1853F0228,높은*******,,서울 성동구,한식-해물/생선,왕십리,20160527,,행당동,서울특별시 성동구 왕십리로21길 17,서울특별시 성동구 행당동 292-41,37.5608985,127.0328497,0,5,5,0.4666666666666667,0.0022755116115867474
1484,AD692634A2,슈*,,서울 성동구,한식-단품요리일반,왕십리,20151116,,행당동,서울특별시 성동구 왕십리로21길 17,서울특별시 성동구 행당동 292-41,37.5608985,127.0328497,0,5,5,0.4666666666666667,0.0022755116115867474
1485,10E976D7AB,행당****,,서울 성동구,식품 제조,왕십리,20150922,,행당동,서울특별시 성동구 왕십리로21길 20,서울특별시 성동구 행당동 298-83,37.56077978,127.0324266,0,4,5,0.4066666666666667,0.0021833602364951634
1486,BA2517D7FC,만나**,,서울 성동구,백반/가정식,왕십리,20140411,,행당동,서울특별시 성동구 왕십리로21길 20,서울특별시 성동구 행당동 298-83,37.56077978,127.0324266,0,4,5,0.4066666666666667,0.0021833602364951634
1487,C9FDD0D766,썬더**,치킨23,서울 성동구,치킨,왕십리,20090729,,도선동,서울특별시 성동구 왕십리로24길 11,서울특별시 성동구 도선동 201-1,37.56343927,127.0339449,0,4,5,0.4066666666666667,0.002360970503378425
1488,6FDDB51C40,진선***,,서울 성동구,백반/가정식,왕십리,20070726,,도선동,서울특별시 성동구 왕십리로24길 12,서울특별시 성동구 도선동 161,37.56352639,127.0342955,0,4,4,0.3733333333333333,0.002413148741083183
1489,DFD0B2EA28,왕코****,,서울 성동구,룸살롱/단란주점,왕십리,20160705,,도선동,서울특별시 성동구 왕십리로24길 12,서울특별시 성동구 도선동 161,37.56352639,127.0342955,0,4,4,0.3733333333333333,0.002413148741083183
1490,8DFBA8E48F,반가*,,서울 성동구,한식-국밥/설렁탕,왕십리,20181219,,도선동,서울특별시 성동구 왕십리로24길 14,서울특별시 성동구 도선동 162,37.56366919,127.034321,0,4,4,0.3733333333333333,0.0023738797560645354
1491,E4B17F7890,우리***,,서울 성동구,축산물,왕십리,20151221,,도선동,서울특별시 성동구 왕십리로24길 18,서울특별시 성동구 도선동 165-3,37.56400922,127.0343364,0,4,5,0.4066666666666667,0.0022728835667241527
1492,9133ECC312,세계*****,주류2,서울 성동구,주류,왕십리,20050111,,도선동,서울특별시 성동구 왕십리로24길 27,서울특별시 성동구 도선동 167,37.56484185,127.0342861,0,4,5,0.4066666666666667,0.0020306387743281406
1493,B3F2BA9905,델리******,백반/가정식7,서울 성동구,백반/가정식,왕십리,20150427,,홍익동,서울특별시 성동구 왕십리로24길 29,서울특별시 성동구 홍익동 274-5,37.56517321,127.0343629,0,3,5,0.3466666666666667,0.0019510164225552263
1494,F03D2DB87E,백선************,,서울 성동구,한식-단품요리일반,,20220727,,홍익동,서울특별시 성동구 왕십리로30길 13,서울특별시 성동구 홍익동 398-6,37.56559164,127.0307299,1,1,4,0.36,0.00211217179718834
1495,E5849C4673,성수**,,서울 성동구,한식-육류/고기,뚝섬,20241107,,성수동1가,서울특별시 성동구 왕십리로4가길 3,서울특별시 성동구 성수동1가 656-816,37.54554039,127.0460001,0,2,2,0.18666666666666665,0.0023163912369270016
1496,DA01E5E1CB,맥스**,,서울 성동구,치킨,뚝섬,20010105,,성수동1가,서울특별시 성동구 왕십리로4길 23-1,서울특별시 성동구 성수동1가 656-309,37.54696869,127.0463566,1,2,2,0.3533333333333333,0.0032610984955460344
1497,B7D36E4B91,퍼니***********,,서울 성동구,일식-덮밥/돈가스,뚝섬,20121128,,성수동1가,서울특별시 성동구 왕십리로6길 1-2,서울특별시 성동구 성수동1가 656-448,37.54628165,127.0450241,0,2,2,0.18666666666666665,0.002136448872629274
1498,B3A70AB07E,경복*,백반/가정식2,서울 성동구,백반/가정식,답십리,20191204,,용답동,서울특별시 성동구 용답중앙13길 13,서울특별시 성동구 용답동 71-9,37.56539314,127.0529078,1,2,3,0.3866666666666666,0.002444198964705282
1499,74A053F902,기분***,,서울 성동구,한식-단품요리일반,답십리,20160309,,용답동,서울특별시 성동구 용답중앙13길 16,서울특별시 성동구 용답동 67-8,37.56541309,127.0532226,1,2,3,0.3866666666666666,0.0023897026724574947
1500,F46D45E328,미*,,서울 성동구,중식당,답십리,20131128,,용답동,서울특별시 성동구 용답중앙15길 13,서울특별시 성동구 용답동 61-7,37.56475366,127.0537827,0,2,2,0.18666666666666665,0.0019484395681575958
1501,105CC28499,보쌈******,,서울 성동구,한식-육류/고기,답십리,20051104,,용답동,서울특별시 성동구 용답중앙15길 13,서울특별시 성동구 용답동 61-7,37.56475366,127.0537827,0,2,2,0.18666666666666665,0.0019484395681575958
1502,E48396576D,통돼************,,서울 성동구,한식-육류/고기,답십리,20080612,,용답동,서울특별시 성동구 용답중앙15길 5-1,서울특별시 성동구 용답동 57-5,37.56417353,127.0531529,0,2,2,0.18666666666666665,0.0019440323887834402
1503,844744615F,팔자***,,서울 성동구,백반/가정식,답십리,20150327,,용답동,서울특별시 성동구 용답중앙25길 11,서울특별시 성동구 용답동 10-3,37.56368249,127.0549085,0,2,2,0.18666666666666665,0.0016040923912602006
1504,0AFA56720B,재동***,,서울 성동구,백반/가정식,장한평자동차,20020430,,용답동,서울특별시 성동구 자동차시장1길 34,서울특별시 성동구 용답동 230-17,37.56099713,127.0612004,0,1,1,0.09333333333333332,0.0013157354696518718
1505,6B4A395662,맛나**,,서울 성동구,백반/가정식,장한평자동차,20150520,,용답동,서울특별시 성동구 자동차시장1길 70,서울특별시 성동구 용답동 234,37.56036892,127.0651488,1,1,1,0.26,0.0021671859439291773
1506,598E46F283,씨에*****************,,서울 성동구,커피전문점,,20170905,,용답동,서울특별시 성동구 자동차시장길 49,서울특별시 성동구 용답동 250-14,37.55861209,127.0578226,0,0,2,0.06666666666666667,0.0010555663801522462
1507,389E239904,용답****,,서울 성동구,기사식당,장한평자동차,20130725,,용답동,서울특별시 성동구 천호대로 352-13,서울특별시 성동구 용답동 225-2,37.56224943,127.0579879,0,0,3,0.1,0.0012421440785088942
1508,1EAFF3E9E0,삼미**,,서울 성동구,한식-육류/고기,장한평자동차,20061025,,용답동,서울특별시 성동구 천호대로 396-15,서울특별시 성동구 용답동 232-10,37.56115217,127.0629565,1,1,1,0.26,0.0019529938167676803
1509,67950640CA,돈슐*,,서울 성동구,한식-육류/고기,왕십리,20170315,,행당동,서울특별시 성동구 행당로17길 1-45,서울특별시 성동구 행당동 317-190,37.55873412,127.0332082,0,3,5,0.3466666666666667,0.002052931721091638
1510,9FFE31B3A0,길상*******,,서울 성동구,꼬치구이,왕십리,20160718,,행당동,서울특별시 성동구 행당로17길 19-1,서울특별시 성동구 행당동 298-40,37.56007331,127.0330492,0,3,5,0.3466666666666667,0.0022304923951688765
1511,A294998B2B,이모***,,서울 성동구,분식,,20190530,,금호동1가,서울특별시 성동구 금호로 102,서울특별시 성동구 금호동1가 633,37.55160942,127.0262728,0,0,3,0.1,0.0012233585047430194
1512,6810C7C7CE,카페**,,서울 성동구,카페,,20220901,,금호동1가,서울특별시 성동구 금호로 102,서울특별시 성동구 금호동1가 633,37.55160942,127.0262728,0,0,3,0.1,0.0012233585047430194
1513,65EB7F45A2,케키*******,,서울 성동구,식료품,,20240130,,금호동1가,서울특별시 성동구 금호로 102,서울특별시 성동구 금호동1가 633,37.55160942,127.0262728,0,0,3,0.1,0.0012233585047430194
1514,B54D21E03E,덮덮*****,,서울 성동구,한식-단품요리일반,,20231030,,금호동1가,서울특별시 성동구 금호로 102,서울특별시 성동구 금호동1가 633,37.55160942,127.0262728,0,0,3,0.1,0.0012233585047430194
1515,08810E1846,60*********,치킨1,서울 성동구,치킨,,20240930,,금호동2가,서울특별시 성동구 금호로 105,서울특별시 성동구 금호동2가 1217,37.55237022,127.0246282,0,1,2,0.12666666666666665,0.001325461410746836
1516,8187702080,미고**********,,서울 성동구,베이커리,,20200511,,금호동2가,서울특별시 성동구 금호로 105,서울특별시 성동구 금호동2가 1217,37.55237022,127.0246282,0,1,2,0.12666666666666665,0.001325461410746836
1517,72AA2FB49E,투썸************,커피전문점13,서울 성동구,커피전문점,,20220818,,금호동2가,서울특별시 성동구 금호로 105,서울특별시 성동구 금호동2가 1217,37.55237022,127.0246282,0,1,2,0.12666666666666665,0.001325461410746836
1518,C01850577F,도론******,,서울 성동구,백반/가정식,,20210309,,금호동2가,서울특별시 성동구 금호로 105,서울특별시 성동구 금호동2가 1217,37.55237022,127.0246282,0,1,2,0.12666666666666665,0.001325461410746836
1519,DF7492A3E8,아이*************,,서울 성동구,아이스크림/빙수,,20230512,,금호동2가,서울특별시 성동구 금호로 107,서울특별시 성동구 금호동2가 1217,37.5522556,127.0242556,0,1,2,0.12666666666666665,0.001339839225059781
1520,7069AC584A,카이**,,서울 성동구,카페,신금호,20230911,,금호동2가,서울특별시 성동구 금호로 127,서울특별시 성동구 금호동2가 1215,37.55318148,127.0223783,0,1,2,0.12666666666666665,0.0017236293768997436
1521,BD5BCD8BE2,뚝방**,,서울 성동구,요리주점,신금호,20190102,,금호동2가,서울특별시 성동구 금호로 127,서울특별시 성동구 금호동2가 1215,37.55318148,127.0223783,0,1,2,0.12666666666666665,0.0017236293768997436
1522,893D79E6DA,마라***,,서울 성동구,중식당,신금호,20241022,,금호동2가,서울특별시 성동구 금호로 143,서울특별시 성동구 금호동2가 457,37.55388916,127.0206682,1,1,2,0.29333333333333333,0.0034280289055692616
1523,EC05B1ACA4,피자**,피자8,서울 성동구,피자,신금호,20171129,,금호동2가,서울특별시 성동구 금호로 145,서울특별시 성동구 금호동2가 456,37.55397235,127.0205364,1,1,2,0.29333333333333333,0.003895819476028606
1524,2CC6C6DCC3,침착*****,,서울 성동구,베이커리,신금호,20180402,,금호동2가,서울특별시 성동구 금호로 145,서울특별시 성동구 금호동2가 456,37.55397235,127.0205364,1,1,2,0.29333333333333333,0.003895819476028606
1525,B5DDFE115A,슈퍼********,,서울 성동구,식료품,신금호,20231117,20250731.0,금호동2가,서울특별시 성동구 금호로 151,서울특별시 성동구 금호동2가 449-1,37.5542856,127.0201464,1,1,2,0.29333333333333333,0.006759120195607045
1526,9.64E+51,홍짜*******,중식당8,서울 성동구,중식당,신금호,20170526,,금호동2가,서울특별시 성동구 금호로 151,서울특별시 성동구 금호동2가 449-1,37.5542856,127.0201464,1,1,2,0.29333333333333333,0.006759120195607045
1527,66A3F67041,담꾹*****,,서울 성동구,한식-단품요리일반,신금호,20201222,,금호동2가,서울특별시 성동구 금호로 155,서울특별시 성동구 금호동2가 222-2,37.55484942,127.0197692,1,1,1,0.26,0.004265803409191632
1528,63C63AF808,자담**,치킨26,서울 성동구,치킨,신금호,20220314,,금호동1가,서울특별시 성동구 금호로 158,서울특별시 성동구 금호동1가 125-2,37.55489999,127.0201795,1,1,1,0.26,0.005670485866933652
1529,A9A709201B,맘스*******,햄버거2,서울 성동구,햄버거,신금호,20171109,,금호동1가,서울특별시 성동구 금호로 160,서울특별시 성동구 금호동1가 119,37.55515036,127.0202355,1,1,1,0.26,0.003877222093191401
1530,3245B9475F,정담**,,서울 성동구,일식-초밥/롤,신금호,20220215,,금호동1가,서울특별시 성동구 금호로 162,서울특별시 성동구 금호동1가 116,37.55526508,127.0201487,1,1,2,0.29333333333333333,0.0033964783647202263
1531,BBA657190E,신금******,,서울 성동구,반찬,,20220302,,금호동2가,서울특별시 성동구 금호로 173,서울특별시 성동구 금호동2가 1,37.55627884,127.0181523,0,1,5,0.22666666666666668,0.0019635602229913034
1532,22AE6306D0,프린**,,서울 성동구,주류,,20201214,,금호동2가,서울특별시 성동구 금호로 173,서울특별시 성동구 금호동2가 1,37.55627884,127.0181523,0,1,5,0.22666666666666668,0.0019635602229913034
1533,B54DCE8BEF,당근******,,서울 성동구,식료품,,20231219,,금호동2가,서울특별시 성동구 금호로 173,서울특별시 성동구 금호동2가 1,37.55627884,127.0181523,0,1,5,0.22666666666666668,0.0019635602229913034
1534,FBE9059735,안심***********,축산물1,서울 성동구,축산물,,20180531,,금호동2가,서울특별시 성동구 금호로 173,서울특별시 성동구 금호동2가 1,37.55627884,127.0181523,0,1,5,0.22666666666666668,0.0019635602229913034
1535,F78999A03F,진우*,,서울 성동구,백반/가정식,,20241206,,금호동2가,서울특별시 성동구 금호로 173,서울특별시 성동구 금호동2가 1,37.55627884,127.0181523,0,1,5,0.22666666666666668,0.0019635602229913034
1536,47C9895708,써브********,샌드위치/토스트2,서울 성동구,샌드위치/토스트,,20210317,,금호동2가,서울특별시 성동구 금호로 173,서울특별시 성동구 금호동2가 1,37.55627884,127.0181523,0,1,5,0.22666666666666668,0.0019635602229913034
1537,DF277BB6B1,죠샌*******,샌드위치/토스트4,서울 성동구,샌드위치/토스트,금남시장,20220407,,금호동3가,서울특별시 성동구 금호산길 3,서울특별시 성동구 금호동3가 1285-1,37.54866934,127.0194672,0,1,2,0.12666666666666665,0.0015815226284935364
1538,ED52D189EC,한입****,,서울 성동구,식료품,,20191031,,성수동2가,서울특별시 성동구 동일로 123,서울특별시 성동구 성수동2가 19-2,37.54367273,127.0644449,0,0,3,0.1,0.0012671591635771845
1539,5974B075AD,카페**,,서울 성동구,카페,,20200121,,성수동2가,서울특별시 성동구 동일로 133,서울특별시 성동구 성수동2가 279-44,37.54440228,127.0649106,0,0,3,0.1,0.001240800811819188
1540,EA1F87E4D9,메니***,,서울 성동구,식료품,,20190424,,성수동2가,서울특별시 성동구 동일로 135,서울특별시 성동구 성수동2가 279-43,37.54456305,127.065017,0,0,3,0.1,0.0012338429156526659
1541,FE8F304044,동*,,서울 성동구,중식당,,20221128,,성수동2가,서울특별시 성동구 동일로 143,서울특별시 성동구 성수동2가 279-50,37.54542846,127.0653398,0,0,2,0.06666666666666667,0.0011805708096742618
1542,0ACB1E7718,그린******,,서울 성동구,한식뷔페,,20180420,,성수동2가,서울특별시 성동구 동일로 143,서울특별시 성동구 성수동2가 279-50,37.54542846,127.0653398,0,0,2,0.06666666666666667,0.0011805708096742618
1543,EBCBFD170F,그린**,,서울 성동구,한식뷔페,,20201104,,성수동2가,서울특별시 성동구 동일로 143,서울특별시 성동구 성수동2가 279-50,37.54542846,127.0653398,0,0,2,0.06666666666666667,0.0011805708096742618
1544,61472439B5,얌커*,,서울 성동구,커피전문점,,20180523,20250728.0,성수동2가,서울특별시 성동구 동일로 143,서울특별시 성동구 성수동2가 279-50,37.54542846,127.0653398,0,0,2,0.06666666666666667,0.0011805708096742618
1545,7A25182C89,호남**,,서울 성동구,백반/가정식,,20230316,,성수동2가,서울특별시 성동구 동일로 143,서울특별시 성동구 성수동2가 279-50,37.54542846,127.0653398,0,0,2,0.06666666666666667,0.0011805708096742618
1546,8D0193EAB3,성수**,,서울 성동구,백반/가정식,,20230411,,성수동2가,서울특별시 성동구 동일로 143,서울특별시 성동구 성수동2가 279-50,37.54542846,127.0653398,0,0,2,0.06666666666666667,0.0011805708096742618
1547,E87A866BDC,해*,,서울 성동구,한식-육류/고기,,20230315,,성수동2가,서울특별시 성동구 동일로 143,서울특별시 성동구 성수동2가 279-50,37.54542846,127.0653398,0,0,2,0.06666666666666667,0.0011805708096742618
1548,088BBA709D,서울******,한식-국밥/설렁탕7,서울 성동구,한식-국밥/설렁탕,,20230808,,성수동2가,서울특별시 성동구 동일로 173,서울특별시 성동구 성수동2가 281-29,37.54771258,127.0667996,0,0,1,0.03333333333333333,0.0010878292067334418
1549,D197369754,고바****,,서울 성동구,한식-육류/고기,,20230516,,송정동,서울특별시 성동구 동일로 221,서울특별시 성동구 송정동 18-1,37.55166948,127.0690168,0,0,1,0.03333333333333333,0.0010128318137171855
1550,BB1FB6818D,눈누**,,서울 성동구,식료품,,20200204,,송정동,서울특별시 성동구 동일로 263,서울특별시 성동구 송정동 90,37.55627169,127.071436,0,0,2,0.06666666666666667,0.0011375173672107531
1551,7F155740AA,70*****,,서울 성동구,카페,,20241011,,송정동,서울특별시 성동구 동일로 279,서울특별시 성동구 송정동 92,37.55640073,127.0717137,0,0,2,0.06666666666666667,0.0011571257100425401
1552,6FD404C819,가내*******,,서울 성동구,한식-육류/고기,,20200903,,성수동1가,서울특별시 성동구 둘레1길 12,서울특별시 성동구 성수동1가 120-5,37.53851225,127.0461868,0,0,1,0.03333333333333333,0.0010034384162914487
1553,378C662D8E,빌라******************,,서울 성동구,카페,성수,20230703,,성수동1가,서울특별시 성동구 둘레9길 17,서울특별시 성동구 성수동1가 314,37.53775513,127.0510107,0,0,0,0.0,0.0009080588870415138
1554,259A1E16FE,대림****,,서울 성동구,식료품,,20230920,,성수동1가,서울특별시 성동구 뚝섬로 311,서울특별시 성동구 성수동1가 656-234,37.54166401,127.0457789,0,1,2,0.12666666666666665,0.0016462131593748184
1555,B98F4B5F96,브로**************,,서울 성동구,베이커리,,20231122,,성수동1가,서울특별시 성동구 뚝섬로 312,서울특별시 성동구 성수동1가 704,37.54123889,127.0456277,0,1,2,0.12666666666666665,0.0014903109275428979
1556,1AFD192CB4,성수****,,서울 성동구,백반/가정식,,20201008,,성수동1가,서울특별시 성동구 뚝섬로 312,서울특별시 성동구 성수동1가 704,37.54123889,127.0456277,0,1,2,0.12666666666666665,0.0014903109275428979
1557,741144A2CD,한입***,,서울 성동구,샌드위치/토스트,,20240507,,성수동1가,서울특별시 성동구 뚝섬로 317,서울특별시 성동구 성수동1가 656-253,37.54136731,127.0462518,0,1,2,0.12666666666666665,0.001490365715344809
1558,7EA392124A,꼬꼬**,,서울 성동구,치킨,성수,20220913,,성수동2가,서울특별시 성동구 뚝섬로 390,서울특별시 성동구 성수동2가 336-1,37.53894397,127.0539145,0,0,1,0.03333333333333333,0.000988443490424217
1559,7829A485F0,원스**,,서울 성동구,카페,성수,20221012,,성수동2가,서울특별시 성동구 뚝섬로 390,서울특별시 성동구 성수동2가 336-1,37.53894397,127.0539145,0,0,1,0.03333333333333333,0.000988443490424217
1560,DE96D5A30B,어*,,서울 성동구,일식당,성수,20191028,,성수동2가,서울특별시 성동구 뚝섬로 392,서울특별시 성동구 성수동2가 336-48,37.53887662,127.054208,0,0,1,0.03333333333333333,0.000984744700091947
1561,28B588EEB5,돼*,,서울 성동구,한식-육류/고기,성수,20240425,,성수동2가,서울특별시 성동구 뚝섬로 392,서울특별시 성동구 성수동2가 336-48,37.53887662,127.054208,0,0,1,0.03333333333333333,0.000984744700091947
1562,0F6B536D3D,리타***,,서울 성동구,양식,성수,20210609,,성수동2가,서울특별시 성동구 뚝섬로 393,서울특별시 성동구 성수동2가 339-29,37.53905857,127.0545306,0,0,1,0.03333333333333333,0.0009994080109352525
1563,64BF96D72B,덤 **************,,서울 성동구,양식,성수,20240923,,성수동2가,서울특별시 성동구 뚝섬로 394,서울특별시 성동구 성수동2가 335-1,37.53883785,127.0544817,0,0,1,0.03333333333333333,0.0009830198934996904
1564,D2E6E383CD,빽다*******,커피전문점4,서울 성동구,커피전문점,성수,20210714,,성수동2가,서울특별시 성동구 뚝섬로 395,서울특별시 성동구 성수동2가 339-23,37.53904281,127.0547106,0,0,1,0.03333333333333333,0.0009988175424265736
1565,D983AF8437,음악**,,서울 성동구,일반 유흥주점,성수,20170213,,성수동2가,서울특별시 성동구 뚝섬로 395,서울특별시 성동구 성수동2가 339-23,37.53904281,127.0547106,0,0,1,0.03333333333333333,0.0009988175424265736
1566,1DE2A5E40D,마하**,,서울 성동구,동남아/인도음식,성수,20171221,,성수동2가,서울특별시 성동구 뚝섬로 399,서울특별시 성동구 성수동2가 339-22,37.53895082,127.0550862,0,0,1,0.03333333333333333,0.0009930936406419978
1567,0CC58A24DF,샹도*,,서울 성동구,베이커리,성수,20220627,,성수동2가,서울특별시 성동구 뚝섬로 400,서울특별시 성동구 성수동2가 339-5,37.53850874,127.0549985,0,0,1,0.03333333333333333,0.0009624176911177064
1568,197C457DEF,소나***,,서울 성동구,커피전문점,성수,20190422,,성수동2가,서울특별시 성동구 뚝섬로 400,서울특별시 성동구 성수동2가 339-5,37.53850874,127.0549985,0,0,1,0.03333333333333333,0.0009624176911177064
1569,A565901532,봉*,,서울 성동구,베이커리,성수,20221013,,성수동2가,서울특별시 성동구 뚝섬로 404,서울특별시 성동구 성수동2가 331-200,37.53857254,127.0553732,0,0,1,0.03333333333333333,0.000967844161478576
1570,BA09699019,싹쓰***,,서울 성동구,한식-육류/고기,성수,20210614,,성수동2가,서울특별시 성동구 뚝섬로 408,서울특별시 성동구 성수동2가 331-85,37.53846409,127.0558848,0,0,1,0.03333333333333333,0.0009624464612843526
1571,1BE17A9B6B,어썸*****,,서울 성동구,베이커리,성수,20240130,,성수동2가,서울특별시 성동구 뚝섬로 409,서울특별시 성동구 성수동2가 331-8,37.53867993,127.0561473,0,0,1,0.03333333333333333,0.000976582961616917
1572,D3F29D0C95,브로*******************,,서울 성동구,커피전문점,성수,20200825,,성수동2가,서울특별시 성동구 뚝섬로 413,서울특별시 성동구 성수동2가 331-123,37.53860394,127.0564101,0,0,1,0.03333333333333333,0.000972219646616154
1573,9592C66510,대광**,,서울 성동구,백반/가정식,성수,20200317,,성수동2가,서울특별시 성동구 뚝섬로 414,서울특별시 성동구 성수동2가 331-122,37.53833532,127.0564902,0,0,1,0.03333333333333333,0.0009564956952397661
1574,E6738F086C,브레***,,서울 성동구,베이커리,,20210819,20250721.0,성수동2가,서울특별시 성동구 뚝섬로 420,서울특별시 성동구 성수동2가 331-11,37.53818036,127.0570229,0,0,1,0.03333333333333333,0.0009554179191092005
1575,5E5092A910,소미*****,,서울 성동구,카페,,20221118,,성수동2가,서울특별시 성동구 뚝섬로 427,서울특별시 성동구 성수동2가 269-129,37.53815779,127.0580455,0,0,1,0.03333333333333333,0.0009768371698122267
1576,E9A75D0A9D,단과*,,서울 성동구,베이커리,,20191212,,성수동2가,서울특별시 성동구 뚝섬로 430,서울특별시 성동구 성수동2가 269-133,37.53787464,127.05814,0,0,1,0.03333333333333333,0.000967930991457526
1577,BD7955F77D,떡볶****************,,서울 성동구,분식,,20221111,,상왕십리동,서울특별시 성동구 마장로 137,서울특별시 성동구 상왕십리동 811,37.56782502,127.0250536,0,0,3,0.1,0.0014658392589764664
1578,49B504B02C,김가*********,분식1,서울 성동구,분식,,20240315,,상왕십리동,서울특별시 성동구 마장로 137,서울특별시 성동구 상왕십리동 811,37.56782502,127.0250536,0,0,3,0.1,0.0014658392589764664
1579,1C0E3D3E9C,스텔***********,,서울 성동구,분식,,20240610,,상왕십리동,서울특별시 성동구 마장로 137,서울특별시 성동구 상왕십리동 811,37.56782502,127.0250536,0,0,3,0.1,0.0014658392589764664
1580,7462B564B6,포케********,,서울 성동구,양식,,20240911,,상왕십리동,서울특별시 성동구 마장로 137,서울특별시 성동구 상왕십리동 811,37.56782502,127.0250536,0,0,3,0.1,0.0014658392589764664
1581,E76CBA6E55,노랑*******,치킨11,서울 성동구,치킨,,20210702,20250811.0,상왕십리동,서울특별시 성동구 마장로 137,서울특별시 성동구 상왕십리동 811,37.56782502,127.0250536,0,0,3,0.1,0.0014658392589764664
1582,70DB9DA8AB,가마***,치킨4,서울 성동구,치킨,,20230608,,상왕십리동,서울특별시 성동구 마장로 137,서울특별시 성동구 상왕십리동 811,37.56782502,127.0250536,0,0,3,0.1,0.0014658392589764664
1583,0780CB40AB,호식***********,치킨38,서울 성동구,치킨,,20231115,,상왕십리동,서울특별시 성동구 마장로 137,서울특별시 성동구 상왕십리동 811,37.56782502,127.0250536,0,0,3,0.1,0.0014658392589764664
1584,9F7E6E0B21,샐러********,,서울 성동구,카페,,20240508,,상왕십리동,서울특별시 성동구 마장로 137,서울특별시 성동구 상왕십리동 811,37.56782502,127.0250536,0,0,3,0.1,0.0014658392589764664
1585,88106077FD,카페***,,서울 성동구,카페,,20240617,,상왕십리동,서울특별시 성동구 마장로 137,서울특별시 성동구 상왕십리동 811,37.56782502,127.0250536,0,0,3,0.1,0.0014658392589764664
1586,802DF1F491,노모*******,,서울 성동구,피자,,20230525,,상왕십리동,서울특별시 성동구 마장로 137,서울특별시 성동구 상왕십리동 811,37.56782502,127.0250536,0,0,3,0.1,0.0014658392589764664
1587,E7580812AD,보스***,,서울 성동구,피자,,20240207,,상왕십리동,서울특별시 성동구 마장로 137,서울특별시 성동구 상왕십리동 811,37.56782502,127.0250536,0,0,3,0.1,0.0014658392589764664
1588,685929E817,블랙*************,,서울 성동구,농산물,,20191106,,상왕십리동,서울특별시 성동구 마장로 137,서울특별시 성동구 상왕십리동 811,37.56782502,127.0250536,0,0,3,0.1,0.0014658392589764664
1589,EF414AEF31,봉주**,,서울 성동구,농산물,,20231109,,상왕십리동,서울특별시 성동구 마장로 137,서울특별시 성동구 상왕십리동 811,37.56782502,127.0250536,0,0,3,0.1,0.0014658392589764664
1590,6B1348B076,슈퍼**********,,서울 성동구,식료품,,20240620,,상왕십리동,서울특별시 성동구 마장로 137,서울특별시 성동구 상왕십리동 811,37.56782502,127.0250536,0,0,3,0.1,0.0014658392589764664
1591,F27FC18E41,보틀***,,서울 성동구,와인샵,,20220616,20250214.0,상왕십리동,서울특별시 성동구 마장로 137,서울특별시 성동구 상왕십리동 811,37.56782502,127.0250536,0,0,3,0.1,0.0014658392589764664
1592,DD45EECEE3,연*,,서울 성동구,일식당,,20200908,,상왕십리동,서울특별시 성동구 마장로 137,서울특별시 성동구 상왕십리동 811,37.56782502,127.0250536,0,0,3,0.1,0.0014658392589764664
1593,AD9274D19D,만복**,,서울 성동구,일식당,,20230413,,상왕십리동,서울특별시 성동구 마장로 137,서울특별시 성동구 상왕십리동 811,37.56782502,127.0250536,0,0,3,0.1,0.0014658392589764664
1594,80D43FAFB4,칠리*,,서울 성동구,중식당,,20171107,,상왕십리동,서울특별시 성동구 마장로 137,서울특별시 성동구 상왕십리동 811,37.56782502,127.0250536,0,0,3,0.1,0.0014658392589764664
1595,4.30E+13,서래*,,서울 성동구,중식당,,20200522,,상왕십리동,서울특별시 성동구 마장로 137,서울특별시 성동구 상왕십리동 811,37.56782502,127.0250536,0,0,3,0.1,0.0014658392589764664
1596,F01D034A24,51****,,서울 성동구,베이커리,,20240320,,상왕십리동,서울특별시 성동구 마장로 137,서울특별시 성동구 상왕십리동 811,37.56782502,127.0250536,0,0,3,0.1,0.0014658392589764664
1597,953592B09D,쿠에**,,서울 성동구,이자카야,,20230822,,상왕십리동,서울특별시 성동구 마장로 137,서울특별시 성동구 상왕십리동 811,37.56782502,127.0250536,0,0,3,0.1,0.0014658392589764664
1598,2B2AF25A23,왕십*********,,서울 성동구,인삼제품,,20240102,,상왕십리동,서울특별시 성동구 마장로 137,서울특별시 성동구 상왕십리동 811,37.56782502,127.0250536,0,0,3,0.1,0.0014658392589764664
1599,1FAF18BB8F,카페********,커피전문점7,서울 성동구,커피전문점,,20230811,,상왕십리동,서울특별시 성동구 마장로 137,서울특별시 성동구 상왕십리동 811,37.56782502,127.0250536,0,0,3,0.1,0.0014658392589764664
1600,4AD953D850,빽다*********,커피전문점4,서울 성동구,커피전문점,,20230824,,상왕십리동,서울특별시 성동구 마장로 137,서울특별시 성동구 상왕십리동 811,37.56782502,127.0250536,0,0,3,0.1,0.0014658392589764664
1601,67FCC5D980,명태**,백반/가정식10,서울 성동구,백반/가정식,,20181030,,상왕십리동,서울특별시 성동구 마장로 137,서울특별시 성동구 상왕십리동 811,37.56782502,127.0250536,0,0,3,0.1,0.0014658392589764664
1602,4DD8AC6665,다시*,,서울 성동구,백반/가정식,,20201006,,상왕십리동,서울특별시 성동구 마장로 137,서울특별시 성동구 상왕십리동 811,37.56782502,127.0250536,0,0,3,0.1,0.0014658392589764664
1603,2EE7676921,와이********,,서울 성동구,백반/가정식,,20221230,,상왕십리동,서울특별시 성동구 마장로 137,서울특별시 성동구 상왕십리동 811,37.56782502,127.0250536,0,0,3,0.1,0.0014658392589764664
1604,1A9644F28E,양가**********,,서울 성동구,백반/가정식,,20221230,,상왕십리동,서울특별시 성동구 마장로 137,서울특별시 성동구 상왕십리동 811,37.56782502,127.0250536,0,0,3,0.1,0.0014658392589764664
1605,BAFFCE9B97,등촌**********,한식-국수/만두4,서울 성동구,한식-국수/만두,,20211104,,상왕십리동,서울특별시 성동구 마장로 137,서울특별시 성동구 상왕십리동 811,37.56782502,127.0250536,0,0,3,0.1,0.0014658392589764664
1606,DABFCC04D8,더육*,,서울 성동구,한식-육류/고기,,20181207,,상왕십리동,서울특별시 성동구 마장로 137,서울특별시 성동구 상왕십리동 811,37.56782502,127.0250536,0,0,3,0.1,0.0014658392589764664
1607,C5BFDBE81E,장흥*,,서울 성동구,한식-육류/고기,,20200320,,상왕십리동,서울특별시 성동구 마장로 137,서울특별시 성동구 상왕십리동 811,37.56782502,127.0250536,0,0,3,0.1,0.0014658392589764664
1608,4F98A3CB2D,청계**,,서울 성동구,한식-육류/고기,,20220701,,상왕십리동,서울특별시 성동구 마장로 137,서울특별시 성동구 상왕십리동 811,37.56782502,127.0250536,0,0,3,0.1,0.0014658392589764664
1609,9D2AB94FB8,수비*****,,서울 성동구,한식-육류/고기,,20230105,,상왕십리동,서울특별시 성동구 마장로 137,서울특별시 성동구 상왕십리동 811,37.56782502,127.0250536,0,0,3,0.1,0.0014658392589764664
1610,C9915FFC82,상상********,,서울 성동구,한식-육류/고기,,20240723,,상왕십리동,서울특별시 성동구 마장로 137,서울특별시 성동구 상왕십리동 811,37.56782502,127.0250536,0,0,3,0.1,0.0014658392589764664
1611,237D0C814D,오물**************,,서울 성동구,한식-단품요리일반,,20190516,,상왕십리동,서울특별시 성동구 마장로 137,서울특별시 성동구 상왕십리동 811,37.56782502,127.0250536,0,0,3,0.1,0.0014658392589764664
1612,44150C17AB,수유*********,,서울 성동구,한식-단품요리일반,,20201211,,상왕십리동,서울특별시 성동구 마장로 137,서울특별시 성동구 상왕십리동 811,37.56782502,127.0250536,0,0,3,0.1,0.0014658392589764664
1613,B8F11300C9,케이***,,서울 성동구,카페,,20221129,,홍익동,서울특별시 성동구 마장로 187,서울특별시 성동구 홍익동 415,37.56684808,127.0307505,0,1,2,0.12666666666666665,0.0015823619491578493
1614,86D0C43DB4,농심**,,서울 성동구,농산물,,20220809,,홍익동,서울특별시 성동구 마장로 200,서울특별시 성동구 홍익동 343,37.56644539,127.03188,0,1,4,0.19333333333333333,0.001647818760524804
1615,CCD6FF6A66,영주**,,서울 성동구,백반/가정식,,20230613,,홍익동,서울특별시 성동구 마장로 203,서울특별시 성동구 홍익동 104,37.56668031,127.0324234,0,1,4,0.19333333333333333,0.001584144062077524
1616,F1071108E7,전여******,,서울 성동구,일식당,왕십리,20230731,,홍익동,서울특별시 성동구 마장로 216,서울특별시 성동구 홍익동 232,37.56623845,127.0337666,0,1,4,0.19333333333333333,0.001683586196512927
1617,0BEDDE7AF8,전여*,,서울 성동구,한식-단품요리일반,왕십리,20211228,,홍익동,서울특별시 성동구 마장로 216,서울특별시 성동구 홍익동 232,37.56623845,127.0337666,0,1,4,0.19333333333333333,0.001683586196512927
1618,014A6A2154,소양*,,서울 성동구,백반/가정식,왕십리,20231016,,홍익동,서울특별시 성동구 마장로 222,서울특별시 성동구 홍익동 210,37.56616013,127.0344749,0,1,5,0.22666666666666668,0.0017229697284677488
1619,E3298570A2,25***,,서울 성동구,호프/맥주,왕십리,20200709,,마장동,서울특별시 성동구 마장로 235,서울특별시 성동구 마장동 574,37.56623358,127.0359214,0,1,5,0.22666666666666668,0.0017738230006650204
1620,56E8BA3007,메즈**********,,서울 성동구,호프/맥주,,20230830,,마장동,서울특별시 성동구 마장로 270,서울특별시 성동구 마장동 776-1,37.56554401,127.0399679,0,3,5,0.3466666666666667,0.0022274604255035644
1621,A5DC44A844,희망****,,서울 성동구,카페,,20201218,,마장동,서울특별시 성동구 마장로 271,서울특별시 성동구 마장동 817,37.56648427,127.0402766,0,1,5,0.22666666666666668,0.0021319581343868096
1622,F391294C30,아이***********,,서울 성동구,아이스크림/빙수,,20230913,,마장동,서울특별시 성동구 마장로 271,서울특별시 성동구 마장동 817,37.56648427,127.0402766,0,1,5,0.22666666666666668,0.0021319581343868096
1623,8EE981921E,명가*******,,서울 성동구,치킨,,20211103,,마장동,서울특별시 성동구 마장로 283,서울특별시 성동구 마장동 773-2,37.5656518,127.0414299,1,1,5,0.3933333333333333,0.002734957170436163
1624,718E770104,파리*******,베이커리10,서울 성동구,베이커리,,20190422,,마장동,서울특별시 성동구 마장로 283,서울특별시 성동구 마장동 773-2,37.5656518,127.0414299,1,1,5,0.3933333333333333,0.002734957170436163
1625,4FD8DEB849,월*,,서울 성동구,식료품,,20210419,,마장동,서울특별시 성동구 마장로 288,서울특별시 성동구 마장동 792,37.56524219,127.0419997,1,2,5,0.4533333333333333,0.002912355577139679
1626,FCBDB3C308,블랙***,,서울 성동구,카페,,20240906,,마장동,서울특별시 성동구 마장로 289,서울특별시 성동구 마장동 773-1,37.56588039,127.0416633,1,1,5,0.3933333333333333,0.0030018921286946625
1627,C919038375,보배**,,서울 성동구,한식-육류/고기,,20201012,,마장동,서울특별시 성동구 마장로 292,서울특별시 성동구 마장동 792,37.56538308,127.0423237,1,1,5,0.3933333333333333,0.0033405638774735283
1628,30EBD20CBF,통통**,,서울 성동구,백반/가정식,,20191219,,마장동,서울특별시 성동구 마장로 297,서울특별시 성동구 마장동 772-8,37.56626832,127.0425302,1,1,5,0.3933333333333333,0.005764704853221047
1629,145A1666B3,통통**,,서울 성동구,한식-육류/고기,,20191219,,마장동,서울특별시 성동구 마장로 297,서울특별시 성동구 마장동 772-8,37.56626832,127.0425302,1,1,5,0.3933333333333333,0.005764704853221047
1630,F901334796,유성************,,서울 성동구,한식-찌개/전골,,20210201,,마장동,서울특별시 성동구 마장로 298,서울특별시 성동구 마장동 791-6,37.56576967,127.0429086,1,1,5,0.3933333333333333,0.006496358339285901
1631,0C02E54954,컴포*********,커피전문점11,서울 성동구,커피전문점,,20220516,,마장동,서울특별시 성동구 마장로 299,서울특별시 성동구 마장동 772-3,37.56626293,127.0427408,1,1,5,0.3933333333333333,0.008299980498500755
1632,E4B34ABDDB,아쿠**,,서울 성동구,호프/맥주,,20191017,,마장동,서울특별시 성동구 마장로 301,서울특별시 성동구 마장동 772-4,37.56643457,127.0430001,1,1,5,0.3933333333333333,0.006451708783747125
1633,4BF6B1EEF7,오땅********,호프/맥주6,서울 성동구,호프/맥주,,20191107,,마장동,서울특별시 성동구 마장로 301,서울특별시 성동구 마장동 772-4,37.56643457,127.0430001,1,1,5,0.3933333333333333,0.006451708783747125
1634,DD0FCFEDE6,메가*********,커피전문점2,서울 성동구,커피전문점,,20211202,,마장동,서울특별시 성동구 마장로 301,서울특별시 성동구 마장동 772-4,37.56643457,127.0430001,1,1,5,0.3933333333333333,0.006451708783747125
1635,89F36844AE,토프*******,커피전문점12,서울 성동구,커피전문점,,20190603,,마장동,서울특별시 성동구 마장로 305,서울특별시 성동구 마장동 771-7,37.56666267,127.0433162,1,2,4,0.41999999999999993,0.004054001554773396
1636,2D4E9106EA,강원*****,,서울 성동구,농산물,,20211109,,마장동,서울특별시 성동구 마장로 310,서울특별시 성동구 마장동 782-6,37.56650817,127.044008,1,2,5,0.4533333333333333,0.0031771254436055813
1637,409D0DA708,복권***********,,서울 성동구,식료품,,20221111,,마장동,서울특별시 성동구 마장로 310,서울특별시 성동구 마장동 782-6,37.56650817,127.044008,1,2,5,0.4533333333333333,0.0031771254436055813
1638,9385DC7BDB,황귀***,,서울 성동구,백반/가정식,,20180111,,마장동,서울특별시 성동구 마장로 310,서울특별시 성동구 마장동 782-6,37.56650817,127.044008,1,2,5,0.4533333333333333,0.0031771254436055813
1639,746686BA39,픽미************,,서울 성동구,아이스크림/빙수,,20231222,,마장동,서울특별시 성동구 마장로 310,서울특별시 성동구 마장동 782-6,37.56650817,127.044008,1,2,5,0.4533333333333333,0.0031771254436055813
1640,C3D19B4AAD,연평********,,서울 성동구,한식-해물/생선,,20220707,,마장동,서울특별시 성동구 마장로 323,서울특별시 성동구 마장동 767-36,37.56770708,127.0448497,0,2,3,0.22,0.0022436683981118103
1641,3816AE5158,서산***,,서울 성동구,한식-해물/생선,,20230208,,마장동,서울특별시 성동구 마장로 325,서울특별시 성동구 마장동 767-41,37.56777638,127.0450356,0,2,3,0.22,0.002228377653236774
1642,9763A314E7,목포*****,,서울 성동구,한식-해물/생선,,20241021,,마장동,서울특별시 성동구 마장로 331,서울특별시 성동구 마장동 767-46,37.56810728,127.045366,0,2,3,0.22,0.0022464743292591022
1643,6D76048445,메가***********,,서울 성동구,한식-단품요리일반,금남시장,20241010,,금호동3가,서울특별시 성동구 무수막길 1,서울특별시 성동구 금호동3가 209,37.54834456,127.0254858,0,0,0,0.0,0.0011032819827127172
1644,E43552CFFF,40***,,서울 성동구,분식,,20211008,,도선동,서울특별시 성동구 무학로 8-1,서울특별시 성동구 도선동 404,37.56484069,127.030294,1,1,4,0.36,0.003066487233526286
1645,9218EE2A57,챔스*********,,서울 성동구,카페,,20220224,,도선동,서울특별시 성동구 무학로 8-3,서울특별시 성동구 도선동 406,37.56492726,127.0303312,1,1,4,0.36,0.002909861910923818
1646,53CA4BAE0A,핵밥*****,,서울 성동구,일식-덮밥/돈가스,한양대,20231215,,행당동,서울특별시 성동구 사근동길 2,서울특별시 성동구 행당동 12-9,37.5599679,127.0413337,0,3,5,0.3466666666666667,0.002187805127764219
1647,ED8687C47C,맘스*******,,서울 성동구,피자,한양대,20230227,,행당동,서울특별시 성동구 사근동길 4,서울특별시 성동구 행당동 14-1,37.55996502,127.0415799,0,3,5,0.3466666666666667,0.0021220025283253488
1648,535999101E,매머************,,서울 성동구,커피전문점,한양대,20240119,,행당동,서울특별시 성동구 사근동길 4,서울특별시 성동구 행당동 14-1,37.55996502,127.0415799,0,3,5,0.3466666666666667,0.0021220025283253488
1649,1E6037D02E,하이**,,서울 성동구,분식,한양대,20220422,,행당동,서울특별시 성동구 사근동길 6,서울특별시 성동구 행당동 16-53,37.56014435,127.0420161,0,3,5,0.3466666666666667,0.002040568915174147
1650,DFF740F6CA,라가******,,서울 성동구,한식-단품요리일반,한양대,20240801,,행당동,서울특별시 성동구 사근동길 6,서울특별시 성동구 행당동 16-53,37.56014435,127.0420161,0,3,5,0.3466666666666667,0.002040568915174147
1651,016C67D6C6,목*,,서울 성동구,양식,뚝섬,20240524,,성수동1가,서울특별시 성동구 상원10길 3,서울특별시 성동구 성수동1가 13-90,37.54921389,127.0483801,0,1,3,0.16,0.0017575162473101673
1652,F602494665,기엔*,,서울 성동구,양식,뚝섬,20241114,,성수동1가,서울특별시 성동구 상원10길 3,서울특별시 성동구 성수동1가 13-90,37.54921389,127.0483801,0,1,3,0.16,0.0017575162473101673
1653,DCDA685076,시치**********,,서울 성동구,백반/가정식,뚝섬,20220930,,성수동1가,서울특별시 성동구 상원10길 3,서울특별시 성동구 성수동1가 13-90,37.54921389,127.0483801,0,1,3,0.16,0.0017575162473101673
1654,F4C22C0FED,금일**,,서울 성동구,백반/가정식,뚝섬,20230706,,성수동1가,서울특별시 성동구 상원10길 3,서울특별시 성동구 성수동1가 13-90,37.54921389,127.0483801,0,1,3,0.16,0.0017575162473101673
1655,8A26E12861,햄찌*******,,서울 성동구,한식-찌개/전골,뚝섬,20210629,,성수동1가,서울특별시 성동구 상원10길 4,서울특별시 성동구 성수동1가 13-105,37.5490135,127.0484039,0,1,2,0.12666666666666665,0.0018350785780683267
1656,591FFE0261,옴시********,,서울 성동구,한식-단품요리일반,뚝섬,20240508,,성수동1가,서울특별시 성동구 상원10길 4,서울특별시 성동구 성수동1가 13-105,37.5490135,127.0484039,0,1,2,0.12666666666666665,0.0018350785780683267
1657,9A750B743F,시원********,,서울 성동구,백반/가정식,뚝섬,20200602,,성수동1가,서울특별시 성동구 상원10길 7,서울특별시 성동구 성수동1가 13-66,37.54935847,127.0486768,0,1,3,0.16,0.0016697133774108085
1658,E06F67F152,현*,,서울 성동구,이자카야,뚝섬,20171212,,성수동1가,서울특별시 성동구 상원10길 9,서울특별시 성동구 성수동1가 13-34,37.54952872,127.0489714,0,1,3,0.16,0.001586666229188517
1659,943BBD5F30,세컨****,,서울 성동구,테이크아웃커피,뚝섬,20230110,,성수동1가,서울특별시 성동구 상원12길 5,서울특별시 성동구 성수동1가 13-419,37.55047146,127.0482584,0,1,2,0.12666666666666665,0.0014504682445995905
1660,B0733AADEF,킹콩***********,한식-찌개/전골3,서울 성동구,한식-찌개/전골,뚝섬,20171114,,성수동1가,서울특별시 성동구 상원12길 5,서울특별시 성동구 성수동1가 13-419,37.55047146,127.0482584,0,1,2,0.12666666666666665,0.0014504682445995905
1661,75FA18BD56,홍익***,일식-덮밥/돈가스3,서울 성동구,일식-덮밥/돈가스,뚝섬,20240531,,성수동1가,서울특별시 성동구 상원1길 12,서울특별시 성동구 성수동1가 656-287,37.54497088,127.0490942,0,2,3,0.22,0.0018023374712838255
1662,5BB092A34C,후후***,,서울 성동구,베이커리,뚝섬,20230327,,성수동1가,서울특별시 성동구 상원1길 13,서울특별시 성동구 성수동1가 656-1097,37.54506752,127.0487466,0,2,3,0.22,0.00188534822054366
1663,3B0E5FAA4D,그린****,,서울 성동구,한식뷔페,뚝섬,20200423,,성수동1가,서울특별시 성동구 상원1길 25,서울특별시 성동구 성수동1가 656-1572,37.54585594,127.047978,1,2,3,0.3866666666666666,0.0024028451211051778
1664,9DA9844737,젠틀**********,,서울 성동구,커피전문점,뚝섬,20241105,,성수동1가,서울특별시 성동구 상원1길 25,서울특별시 성동구 성수동1가 656-1572,37.54585594,127.047978,1,2,3,0.3866666666666666,0.0024028451211051778
1665,1B5F85BD96,은행******,,서울 성동구,일식당,뚝섬,20231228,,성수동1가,서울특별시 성동구 상원1길 26,서울특별시 성동구 성수동1가 656-591,37.54619435,127.0484323,1,2,3,0.3866666666666666,0.0024582841130732767
1666,4795D97F2B,천잠**,,서울 성동구,인삼제품,뚝섬,20210111,,성수동1가,서울특별시 성동구 상원1길 26,서울특별시 성동구 성수동1가 656-591,37.54619435,127.0484323,1,2,3,0.3866666666666666,0.0024582841130732767
1667,CE35329FA0,강남******,한식-국수/만두1,서울 성동구,한식-국수/만두,뚝섬,20210729,,성수동1가,서울특별시 성동구 상원1길 26,서울특별시 성동구 성수동1가 656-591,37.54619435,127.0484323,1,2,3,0.3866666666666666,0.0024582841130732767
1668,9A40BD3F2E,옥된*****,,서울 성동구,한식-단품요리일반,뚝섬,20230130,,성수동1가,서울특별시 성동구 상원1길 26,서울특별시 성동구 성수동1가 656-591,37.54619435,127.0484323,1,2,3,0.3866666666666666,0.0024582841130732767
1669,E61969DA0F,컴포*******,커피전문점11,서울 성동구,커피전문점,뚝섬,20180518,,성수동1가,서울특별시 성동구 상원1길 29,서울특별시 성동구 성수동1가 9-11,37.54627326,127.0475959,1,2,3,0.3866666666666666,0.0030444112407181133
1670,BAD22BA603,모퉁***,,서울 성동구,와플/크로플,뚝섬,20180628,,성수동1가,서울특별시 성동구 상원1길 33,서울특별시 성동구 성수동1가 9-7,37.54652319,127.0473856,1,2,3,0.3866666666666666,0.003798949778604488
1671,E5EA44757A,버거***,,서울 성동구,햄버거,뚝섬,20240426,,성수동1가,서울특별시 성동구 상원1길 39,서울특별시 성동구 성수동1가 8-24,37.54695295,127.0469745,1,2,2,0.3533333333333333,0.005628382535437613
1672,E5474E6047,스시**,,서울 성동구,일식-초밥/롤,뚝섬,20240909,,성수동1가,서울특별시 성동구 상원1길 39,서울특별시 성동구 성수동1가 8-24,37.54695295,127.0469745,1,2,2,0.3533333333333333,0.005628382535437613
1673,BFD54A2373,힘냉*,,서울 성동구,한식-냉면,뚝섬,20170816,,성수동1가,서울특별시 성동구 상원1길 41,서울특별시 성동구 성수동1가 8-18,37.54708716,127.0468321,1,2,2,0.3533333333333333,0.005137369888941768
1674,FCAF3BA597,레이***,,서울 성동구,카페,뚝섬,20200922,,성수동1가,서울특별시 성동구 상원4길 10,서울특별시 성동구 성수동1가 14-27,37.54697631,127.0495486,1,1,3,0.32666666666666666,0.0020338952115077015
1675,BF6A6456AB,우아**,,서울 성동구,한식-육류/고기,뚝섬,20240131,20250724.0,성수동1가,서울특별시 성동구 상원4길 11,서울특별시 성동구 성수동1가 13-469,37.54723667,127.0498455,0,1,3,0.16,0.0019004823434923802
1676,1CA7D76A49,슈*,,서울 성동구,식료품,뚝섬,20240814,,성수동1가,서울특별시 성동구 상원6길 10,서울특별시 성동구 성수동1가 13-162,37.54866693,127.0491671,0,1,3,0.16,0.0018079682162116324
1677,70C1CDADC9,아프*****,,서울 성동구,한식-해물/생선,뚝섬,20241204,,성수동1가,서울특별시 성동구 상원6길 14,서울특별시 성동구 성수동1가 709,37.54890597,127.0495761,0,1,3,0.16,0.0016509955908188653
1678,08A8D396B4,요커***********,,서울 성동구,카페,성수,20230412,,성수동1가,서울특별시 성동구 성수일로 9,서울특별시 성동구 성수동1가 656-98,37.54148714,127.0482954,0,1,3,0.16,0.001337005850667666
1679,9F2719B624,중앙***,,서울 성동구,요리주점,성수,20230302,,성수동1가,서울특별시 성동구 성수일로 9,서울특별시 성동구 성수동1가 656-98,37.54148714,127.0482954,0,1,3,0.16,0.001337005850667666
1680,119F4FB3E3,마포***,,서울 성동구,한식-국밥/설렁탕,성수,20190920,,성수동1가,서울특별시 성동구 성수일로 9,서울특별시 성동구 성수동1가 656-98,37.54148714,127.0482954,0,1,3,0.16,0.001337005850667666
1681,D3A10D3E66,하루**,,서울 성동구,한식-단품요리일반,,20240628,,송정동,서울특별시 성동구 송정4길 10,서울특별시 성동구 송정동 66-177,37.5489543,127.0652636,0,0,0,0.0,0.000981620490436684
1682,7ED39D1A53,육타***,,서울 성동구,한식-육류/고기,뚝섬,20190321,,성수동1가,서울특별시 성동구 아차산로 3,서울특별시 성동구 성수동1가 656-1683,37.54837759,127.0453974,0,1,3,0.16,0.0019417371520977851
1683,62EF38C706,라바******,,서울 성동구,카페,뚝섬,20231205,,성수동1가,서울특별시 성동구 아차산로 6,서울특별시 성동구 성수동1가 656-1731,37.54769393,127.0451244,0,2,2,0.18666666666666665,0.0020441225978567908
1684,2791AA9D19,백이*,,서울 성동구,호프/맥주,성수,20220615,,성수동2가,서울특별시 성동구 연무장길 3,서울특별시 성동구 성수동2가 301-66,37.54415389,127.0500894,0,2,3,0.22,0.0015624520429280155
1685,786BDBABFF,왕십*****,,서울 성동구,한식-찌개/전골,,20240814,,용답동,서울특별시 성동구 용답19길 3,서울특별시 성동구 용답동 51-6,37.56273717,127.0514938,1,2,2,0.3533333333333333,0.002935865751512958
1686,6FBB888389,대성**,,서울 성동구,청과물,답십리,20191025,,용답동,서울특별시 성동구 용답19길 5,서울특별시 성동구 용답동 51-2,37.56292163,127.0516456,1,2,2,0.3533333333333333,0.0026114750194339556
1687,B06B36EBCC,용답****,,서울 성동구,한식-육류/고기,답십리,20180411,,용답동,서울특별시 성동구 용답19길 5,서울특별시 성동구 용답동 51-2,37.56292163,127.0516456,1,2,2,0.3533333333333333,0.0026114750194339556
1688,E4C073131C,보배*******,,서울 성동구,포장마차,답십리,20240829,20250725.0,용답동,서울특별시 성동구 용답19길 6,서울특별시 성동구 용답동 41-2,37.56273316,127.0518132,1,2,2,0.3533333333333333,0.0026864185360874144
1689,387CE6C86C,마포****,,서울 성동구,한식-육류/고기,답십리,20190904,,용답동,서울특별시 성동구 용답19길 6,서울특별시 성동구 용답동 41-2,37.56273316,127.0518132,1,2,2,0.3533333333333333,0.0026864185360874144
1690,16B4B1BB89,소담****,,서울 성동구,한식-육류/고기,,20200326,,금호동4가,서울특별시 성동구 장터2길 11,서울특별시 성동구 금호동4가 1394,37.54815025,127.0179312,1,1,3,0.32666666666666666,0.002081091523797503
1691,8334F2D489,영토***************,,서울 성동구,샌드위치/토스트,행당,20240129,,행당동,서울특별시 성동구 행당로 100,서울특별시 성동구 행당동 322-418,37.55749339,127.0300339,1,1,4,0.36,0.004734925781019357
1692,BE527144E5,베스****,아이스크림/빙수1,서울 성동구,아이스크림/빙수,행당,20190909,,행당동,서울특별시 성동구 행당로 101,서울특별시 성동구 행당동 317-112,37.55783178,127.0301562,1,1,4,0.36,0.0034510650371816546
1693,2B2CDD8A48,골드**,,서울 성동구,축산물,행당,20220502,,행당동,서울특별시 성동구 행당로 102,서울특별시 성동구 행당동 322-416,37.55754707,127.0301334,1,1,4,0.36,0.004144442652402654
1694,67551595FA,메가**********,커피전문점2,서울 성동구,커피전문점,행당,20200717,,행당동,서울특별시 성동구 행당로 105,서울특별시 성동구 행당동 317-134,37.5579988,127.0306019,1,1,4,0.36,0.0027009971440218445
1695,6947245C66,왕십******,,서울 성동구,분식,행당,20230622,20250801.0,행당동,서울특별시 성동구 행당로 107,서울특별시 성동구 행당동 317-86,37.55804936,127.0308711,1,1,5,0.3933333333333333,0.002485324455872731
1696,64B27F3594,행복***,,서울 성동구,분식,행당,20180724,,행당동,서울특별시 성동구 행당로 108,서울특별시 성동구 행당동 322-16,37.55778285,127.0308529,1,1,5,0.3933333333333333,0.0026092800997133164
1697,F2AE4EF7AB,조조**,,서울 성동구,중식당,행당,20241210,,행당동,서울특별시 성동구 행당로 109,서울특별시 성동구 행당동 317-84,37.55808005,127.0310315,1,1,5,0.3933333333333333,0.0023878103018626484
1698,38EDE3F91C,피자*******,피자8,서울 성동구,피자,행당,20240726,,행당동,서울특별시 성동구 행당로 110,서울특별시 성동구 행당동 322-67,37.55783423,127.0311216,1,1,5,0.3933333333333333,0.0024050923171496383
1699,A72A1DD952,오릭******,,서울 성동구,베이커리,행당,20200728,,행당동,서울특별시 성동구 행당로 110,서울특별시 성동구 행당동 322-67,37.55783423,127.0311216,1,1,5,0.3933333333333333,0.0024050923171496383
1700,7563529BDC,명가*******,,서울 성동구,치킨,행당,20200226,,행당동,서울특별시 성동구 행당로 112,서울특별시 성동구 행당동 322-66,37.55786105,127.0312436,1,1,5,0.3933333333333333,0.002334023439135766
1701,33706FFD69,개인**,,서울 성동구,카페,행당,20171123,,행당동,서울특별시 성동구 행당로 112,서울특별시 성동구 행당동 322-66,37.55786105,127.0312436,1,1,5,0.3933333333333333,0.002334023439135766
1702,422418BBDD,대단*********,,서울 성동구,베이커리,행당,20230622,20250721.0,행당동,서울특별시 성동구 행당로 112,서울특별시 성동구 행당동 322-66,37.55786105,127.0312436,1,1,5,0.3933333333333333,0.002334023439135766
1703,CB9C109826,쪼꼬***,,서울 성동구,식료품,행당,20241010,,행당동,서울특별시 성동구 행당로 113,서울특별시 성동구 행당동 317-80,37.55813798,127.0313856,1,1,5,0.3933333333333333,0.0022318275902291707
1704,DFE427F21C,한솥***,도시락3,서울 성동구,도시락,행당,20231130,,행당동,서울특별시 성동구 행당로 119,서울특별시 성동구 행당동 317-70,37.55827428,127.0321028,0,1,5,0.22666666666666668,0.0020633653029587893
1705,4A3538DDC3,컴포**********,커피전문점11,서울 성동구,커피전문점,행당,20230623,,행당동,서울특별시 성동구 행당로 119,서울특별시 성동구 행당동 317-70,37.55827428,127.0321028,0,1,5,0.22666666666666668,0.0020633653029587893
1706,C766BAD8FB,빽다*******,커피전문점4,서울 성동구,커피전문점,왕십리,20210527,,행당동,서울특별시 성동구 행당로 121,서울특별시 성동구 행당동 317-63,37.55833782,127.0323807,0,1,5,0.22666666666666668,0.0020334922986705558
1707,D7028A57A2,몬스******,,서울 성동구,한식-단품요리일반,왕십리,20231206,,행당동,서울특별시 성동구 행당로 121,서울특별시 성동구 행당동 317-63,37.55833782,127.0323807,0,1,5,0.22666666666666668,0.0020334922986705558
1708,1ABAFAF53E,청년*******,,서울 성동구,치킨,왕십리,20210217,,행당동,서울특별시 성동구 행당로 127,서울특별시 성동구 행당동 317-131,37.55844452,127.0329575,0,2,5,0.2866666666666667,0.002011664148055693
1709,5B1F2A7BA9,매머************,,서울 성동구,커피전문점,왕십리,20230628,,행당동,서울특별시 성동구 행당로 129,서울특별시 성동구 행당동 317-52,37.55850145,127.0333064,0,3,5,0.3466666666666667,0.002018599980134732
1710,01CCBE28E0,워니***,,서울 성동구,양식,왕십리,20180704,,행당동,서울특별시 성동구 행당로 133,서울특별시 성동구 행당동 318-28,37.55854866,127.0336281,0,3,5,0.3466666666666667,0.002035534649517465
1711,534FC7A474,꼬끼*,,서울 성동구,호프/맥주,마장동,20120820,,마장동,서울특별시 성동구 고산자로 335-2,서울특별시 성동구 마장동 478-3,37.56965821,127.0372476,0,1,2,0.12666666666666665,0.0014203408682245695
1712,A6FFB4295C,엄마*****,,서울 성동구,백반/가정식,,20111212,,응봉동,서울특별시 성동구 독서당로60길 5,서울특별시 성동구 응봉동 193-118,37.54948223,127.0311823,0,1,1,0.09333333333333332,0.001373522006516672
1713,1CAA6D7F95,뉴욕********,양식1,서울 성동구,양식,한양대,20120619,,행당동,서울특별시 성동구 마조로3가길 15,서울특별시 성동구 행당동 19-7,37.55928472,127.0398992,0,3,4,0.31333333333333335,0.0023586484771878436
1714,22323DD09C,일*,,서울 성동구,일식당,한양대,20120210,,행당동,서울특별시 성동구 마조로3가길 30,서울특별시 성동구 행당동 19-45,37.55981166,127.040307,0,3,5,0.3466666666666667,0.0024590133333070724
1715,75A1F5A452,서래*******,한식-육류/고기13,서울 성동구,한식-육류/고기,한양대,20120224,,행당동,서울특별시 성동구 마조로3나길 27,서울특별시 성동구 행당동 19-63,37.5598216,127.0397118,0,3,5,0.3466666666666667,0.002680102731641704
1716,BEFEB9CFAD,금호****,,서울 성동구,한식-국밥/설렁탕,신금호,20120511,,금호동2가,서울특별시 성동구 무수막길 89-38,서울특별시 성동구 금호동2가 435,37.55380979,127.0195796,1,1,2,0.29333333333333333,0.0028733540429512327
1717,D1EB295A18,전주**,,서울 성동구,백반/가정식,성수,20120511,,성수동2가,서울특별시 성동구 성덕정17길 8-1,서울특별시 성동구 성수동2가 331-233,37.53803906,127.0553536,0,0,1,0.03333333333333333,0.0009350890311775014
1718,BE1E68810C,더다*,,서울 성동구,한식-단품요리일반,성수,20120802,,성수동2가,서울특별시 성동구 아차산로7길 11,서울특별시 성동구 성수동2가 289-101,37.54624067,127.0544107,0,1,2,0.12666666666666665,0.0016870435589445565
1719,591CBB3B43,카페**,,서울 성동구,카페,성수,20111117,,성수동2가,서울특별시 성동구 아차산로7길 22,서울특별시 성동구 성수동2가 289-230,37.54705794,127.0550584,0,1,2,0.12666666666666665,0.0014764365914848206
1720,F4A797E2D3,싱싱*****,한식-해물/생선5,서울 성동구,한식-해물/생선,왕십리,20120716,,도선동,서울특별시 성동구 왕십리로24길 8,서울특별시 성동구 도선동 151-1,37.56306947,127.034083,0,4,5,0.4066666666666667,0.002502048608167674
1721,F5D09BB486,일품*****,,서울 성동구,한식-국수/만두,왕십리,20080717,,행당동,서울특별시 성동구 고산자로12길 1-1,서울특별시 성동구 행당동 264,37.56030907,127.0350484,1,3,5,0.5133333333333334,0.0030452232121579393
1722,7268E7807A,보성**,,서울 성동구,축산물,마장동,20031211,,마장동,서울특별시 성동구 고산자로24길 11-1,서울특별시 성동구 마장동 509-4,37.56999688,127.0389642,0,1,3,0.16,0.001533411513570552
1723,C549675902,정호**,,서울 성동구,축산물,마장동,20050214,,마장동,서울특별시 성동구 고산자로24길 11-1,서울특별시 성동구 마장동 509-4,37.56999688,127.0389642,0,1,3,0.16,0.001533411513570552
1724,8E2D448FF9,동신**,,서울 성동구,축산물,마장동,20140929,,마장동,서울특별시 성동구 고산자로24길 11-1,서울특별시 성동구 마장동 509-4,37.56999688,127.0389642,0,1,3,0.16,0.001533411513570552
1725,756011C7B4,성우**,,서울 성동구,축산물,마장동,20080116,,마장동,서울특별시 성동구 고산자로24길 12-1,서울특별시 성동구 마장동 510-8,37.56978688,127.0389084,0,1,3,0.16,0.0015316871748942327
1726,598ACA428F,영덕**,,서울 성동구,축산물,마장동,20070921,,마장동,서울특별시 성동구 고산자로24길 14-2,서울특별시 성동구 마장동 510-2,37.56977585,127.0390164,0,1,3,0.16,0.0015384839267874463
1727,4DE273254C,대림**,,서울 성동구,축산물,마장동,20060203,,마장동,서울특별시 성동구 고산자로24길 4-1,서울특별시 성동구 마장동 521-13,37.56995216,127.0379706,0,1,3,0.16,0.0014728750280176058
1728,F24F0E217A,피어***,,서울 성동구,커피전문점,성수,20131030,,성수동2가,서울특별시 성동구 광나루로4가길 24,서울특별시 성동구 성수동2가 299-39,37.54892417,127.0548803,0,1,2,0.12666666666666665,0.0011799519981011246
1729,BF12B3B125,성동**,,서울 성동구,식료품,성수,20121008,,성수동2가,서울특별시 성동구 광나루로4가길 33,서울특별시 성동구 성수동2가 299-13,37.5487733,127.055542,0,1,2,0.12666666666666665,0.0011640942093560905
1730,E8372EA9EB,부부***,,서울 성동구,한식-육류/고기,옥수,20140425,,옥수동,서울특별시 성동구 독서당로40길 25-1,서울특별시 성동구 옥수동 392,37.54281117,127.0175399,1,2,3,0.3866666666666666,0.002930801702589923
1731,0840AC0A17,고모**,,서울 성동구,백반/가정식,금남시장,20040716,,금호동4가,서울특별시 성동구 독서당로46길 36-1,서울특별시 성동구 금호동4가 527,37.54783972,127.0233531,0,0,2,0.06666666666666667,0.0011988453599372781
1732,AC8D66E0C8,골목*,,서울 성동구,백반/가정식,마장동,20081001,,마장동,서울특별시 성동구 마장로31길 24-12,서울특별시 성동구 마장동 513-30,37.56845894,127.0382359,0,1,5,0.22666666666666668,0.0015338655082621853
1733,5.10E+09,일우**,,서울 성동구,식료품,,20070703,,마장동,서울특별시 성동구 마장로35길 112-1,서울특별시 성동구 마장동 767-55,37.56845977,127.0453071,0,2,3,0.22,0.00232021494254571
1734,C9550798B7,광장**,,서울 성동구,축산물,마장동,20140529,,마장동,서울특별시 성동구 마장로35다길 15-1,서울특별시 성동구 마장동 480-4,37.56942505,127.0407525,0,1,3,0.16,0.0016736822286257294
1735,8F6C066370,88**,,서울 성동구,축산물,마장동,20240513,,마장동,서울특별시 성동구 마장로37길 45-10,서울특별시 성동구 마장동 762-6,37.56972283,127.041018,0,2,3,0.22,0.0016675426823127334
1736,A4B767188E,남원***,한식-해물/생선2,서울 성동구,한식-해물/생선,,20091216,,마장동,서울특별시 성동구 마장로39나길 17-1,서울특별시 성동구 마장동 767-5,37.56804463,127.0445022,0,2,3,0.22,0.0022152504821033067
1737,5793537AB2,유향*,,서울 성동구,중식당,성수,20090930,,성수동2가,서울특별시 성동구 광나루로 248-1,서울특별시 성동구 성수동2가 289-175,37.54885151,127.0572389,0,1,1,0.09333333333333332,0.0010781959304775471
1738,B6B42FF4A3,광주**,,서울 성동구,백반/가정식,성수,20130528,,성수동2가,서울특별시 성동구 성수일로12길 15-1,서울특별시 성동구 성수동2가 299-152,37.54863271,127.0530804,0,0,2,0.06666666666666667,0.0012934501025871994
1739,7670A96873,성수**,,서울 성동구,백반/가정식,성수,20010723,,성수동2가,서울특별시 성동구 성수일로12길 19-1,서울특별시 성동구 성수동2가 299-155,37.54843253,127.0534311,0,1,2,0.12666666666666665,0.0012937648592077353
1740,EB0399A070,직화**************,,서울 성동구,한식-해물/생선,성수,20150414,,성수동2가,서울특별시 성동구 성수일로12길 20,서울특별시 성동구 성수동2가 284-22,37.54817447,127.0532505,0,1,2,0.12666666666666665,0.0013276285322305881
1741,9892E5745E,청*,,서울 성동구,농산물,성수,20150818,,성수동2가,서울특별시 성동구 성수일로12길 25,서울특별시 성동구 성수동2가 299-192,37.54820265,127.0538921,0,1,2,0.12666666666666665,0.0012969234200940695
1742,64687C0A87,세*,,서울 성동구,양식,성수,20201208,,성수동2가,서울특별시 성동구 성수일로4길 48-2,서울특별시 성동구 성수동2가 321-4,37.54233913,127.0540876,0,1,1,0.09333333333333332,0.001435224651378312
1743,63C676EAE1,수칼**,,서울 성동구,한식-국수/만두,뚝섬,20140717,,성수동1가,서울특별시 성동구 아차산로1가길 11,서울특별시 성동구 성수동1가 656-974,37.5485411,127.0468368,1,1,3,0.32666666666666666,0.0022531188804973015
1744,ABD2B4F420,교촌*******,치킨6,서울 성동구,치킨,성수,20150205,,성수동2가,서울특별시 성동구 아차산로7길 10-1,서울특별시 성동구 성수동2가 289-251,37.54611516,127.0546128,0,1,2,0.12666666666666665,0.001764296165070557
1745,FFF0DAC445,투다*,꼬치구이3,서울 성동구,꼬치구이,성수,20160704,,성수동2가,서울특별시 성동구 아차산로7길 10-1,서울특별시 성동구 성수동2가 289-251,37.54611516,127.0546128,0,1,2,0.12666666666666665,0.001764296165070557
1746,41CB64C3C9,다온**,,서울 성동구,식료품,성수,20240828,,성수동2가,서울특별시 성동구 아차산로7길 15-1,서울특별시 성동구 성수동2가 289-21,37.5464486,127.0544563,0,1,2,0.12666666666666665,0.001626033964503941
1747,4BC6588772,아키**,,서울 성동구,일식당,성수,20160407,,성수동2가,서울특별시 성동구 아차산로7나길 18,서울특별시 성동구 성수동2가 289-5,37.54770173,127.0574603,0,1,1,0.09333333333333332,0.0012184351693477053
1748,CDDAE64AC2,포르**,,서울 성동구,한식-단품요리일반,왕십리,20170830,,행당동,서울특별시 성동구 왕십리광장로 17,서울특별시 성동구 행당동 168-151,37.56144175,127.0383942,3,3,4,0.8133333333333332,0.008207936277255062
1749,C800A70770,푸른*,,서울 성동구,식료품,뚝섬,20100201,,성수동1가,서울특별시 성동구 왕십리로16가길 4,서울특별시 성동구 성수동1가 656-518,37.55010543,127.0447024,0,1,3,0.16,0.001511640715291945
1750,3CBCDB9525,담쟁*,,서울 성동구,백반/가정식,왕십리,20041026,,도선동,서울특별시 성동구 왕십리로20길 11-1,서울특별시 성동구 도선동 81,37.56300617,127.0351552,0,3,5,0.3466666666666667,0.003002824284762817
1751,E4D3C3A8AC,또올*,,서울 성동구,한식-단품요리일반,왕십리,20000128,,홍익동,서울특별시 성동구 왕십리로20길 36-1,서울특별시 성동구 홍익동 144,37.5651053,127.0358012,0,3,5,0.3466666666666667,0.0021017115952384952
1752,BE1F11407F,한량**,,서울 성동구,한식-육류/고기,왕십리,20131104,,도선동,서울특별시 성동구 왕십리로22길 9-1,서울특별시 성동구 도선동 139,37.5630209,127.03469,0,4,5,0.4066666666666667,0.0027473436524129776
1753,F4157A9FA4,한방****,,서울 성동구,한식-육류/고기,왕십리,20110818,,도선동,서울특별시 성동구 왕십리로24길 1-1,서울특별시 성동구 도선동 253-10,37.56286158,127.0335588,0,4,5,0.4066666666666667,0.0024040803940041434
1754,7F5C64F29B,남매**,,서울 성동구,식료품,왕십리,20080414,,도선동,서울특별시 성동구 왕십리로24길 15-1,서울특별시 성동구 도선동 199-2,37.56394729,127.0341327,0,4,4,0.3733333333333333,0.0022522048415047936
1755,2D1F5F9F5F,참존*****,치킨28,서울 성동구,치킨,왕십리,20051209,,홍익동,서울특별시 성동구 왕십리로24길 35-1,서울특별시 성동구 홍익동 239,37.5657072,127.0344616,0,2,5,0.2866666666666667,0.0018256132244651984
1756,40A4DCBA7F,순천**,,서울 성동구,한식-감자탕,왕십리,20080711,,도선동,서울특별시 성동구 왕십리로24길 9-1,서울특별시 성동구 도선동 201-5,37.56343238,127.0340972,0,4,5,0.4066666666666667,0.0023968634928717117
1757,7287A93C2B,함흥*,,서울 성동구,한식-단품요리일반,왕십리,20101215,,도선동,서울특별시 성동구 왕십리로24나길 4,서울특별시 성동구 도선동 165-2,37.56399946,127.0344463,0,4,5,0.4066666666666667,0.0022977024100469725
1758,00CEAAD71A,근이***,,서울 성동구,포장마차,왕십리,20151104,,도선동,서울특별시 성동구 왕십리로24나길 6,서울특별시 성동구 도선동 165-1,37.56399132,127.0345437,0,4,5,0.4066666666666667,0.002320628245854357
1759,6242BB9BEB,대물**,,서울 성동구,한식-해물/생선,왕십리,20231207,,도선동,서울특별시 성동구 왕십리로24나길 8,서울특별시 성동구 도선동 107,37.56398308,127.0346702,0,4,5,0.4066666666666667,0.0023510421025166725
1760,891AEAE4A4,안주****,,서울 성동구,포장마차,,20080731,,도선동,서울특별시 성동구 왕십리로26길 2-1,서울특별시 성동구 도선동 185-2,37.564824,127.032894,0,2,4,0.2533333333333333,0.0019725485390360087
1761,A33442D657,오거*,,서울 성동구,카페,뚝섬,20210831,,성수동1가,서울특별시 성동구 왕십리로4길 24-8,서울특별시 성동구 성수동1가 8-38,37.54674082,127.0465981,1,2,2,0.3533333333333333,0.003489745693030723
1762,B5B9521F58,성수**,,서울 성동구,한식-육류/고기,뚝섬,20140507,,성수동1가,서울특별시 성동구 왕십리로5길 12-1,서울특별시 성동구 성수동1가 656-938,37.54704316,127.0443486,0,2,2,0.18666666666666665,0.0018920746529066362
1763,96AD55E474,베러********,,서울 성동구,한식-단품요리일반,뚝섬,20160627,,성수동1가,서울특별시 성동구 왕십리로6길 18-1,서울특별시 성동구 성수동1가 656-671,37.54567232,127.0466113,1,2,2,0.3533333333333333,0.002395837195345259
1764,9215C7F055,풍년*,,서울 성동구,한식-육류/고기,답십리,19961205,,용답동,서울특별시 성동구 용답중앙15길 15-2,서울특별시 성동구 용답동 61-3,37.56492391,127.0540661,0,2,2,0.18666666666666665,0.001930614612236836
1765,2A0922EAA7,양마*******,,서울 성동구,한식-찌개/전골,답십리,20121122,,용답동,서울특별시 성동구 용답중앙15길 15-6,서울특별시 성동구 용답동 61-4,37.56493498,127.0539004,0,2,2,0.18666666666666665,0.001973122206021117
1766,9304FF81A2,이조***,,서울 성동구,한식-국밥/설렁탕,장한평자동차,20140321,,용답동,서울특별시 성동구 자동차시장1길 70,서울특별시 성동구 용답동 234,37.56036892,127.0651488,1,1,1,0.26,0.0021671859439291773
1767,A4D5BDDEDF,제일**,,서울 성동구,백반/가정식,답십리,20121204,,용답동,서울특별시 성동구 자동차시장1길 82,서울특별시 성동구 용답동 235-10,37.560575,127.066558,1,1,1,0.26,0.0016345678115771832
1768,202F736EBC,화목***,,서울 성동구,백반/가정식,장한평자동차,20131202,,용답동,서울특별시 성동구 자동차시장1길 90,서울특별시 성동구 용답동 235-7,37.560408,127.067586,0,1,1,0.09333333333333332,0.0013268548117310762
1769,002816BA73,자갈***********,,서울 성동구,요리주점,마장동,20140507,,마장동,서울특별시 성동구 청계천로10나길 78,서울특별시 성동구 마장동 478-24,37.57010191,127.0371014,0,1,2,0.12666666666666665,0.0014193136209941317
1770,9314CB7768,무쇠*****,,서울 성동구,한식-육류/고기,금남시장,20200313,,금호동4가,서울특별시 성동구 금호로 47-1,서울특별시 성동구 금호동4가 118,37.54778405,127.0254571,0,0,0,0.0,0.0011021172035730507
1771,0A969D0884,계란**,,서울 성동구,일식당,,20231106,,금호동4가,서울특별시 성동구 금호로 48-1,서울특별시 성동구 금호동4가 103-3,37.54761517,127.0260298,0,0,1,0.03333333333333333,0.0010827401955812743
1772,C990B38CA7,부요**,,서울 성동구,베이커리,,20240529,,금호동1가,서울특별시 성동구 금호로 76-1,서울특별시 성동구 금호동1가 1775-1,37.55020983,127.0261953,0,0,2,0.06666666666666667,0.0011653877858842014
1773,109684EF6A,올드**,,서울 성동구,양식,,20220502,,금호동1가,서울특별시 성동구 금호로 80-1,서울특별시 성동구 금호동1가 1769-1,37.55057514,127.0259808,0,0,2,0.06666666666666667,0.0011832250070070056
1774,C0FFD3E7B0,체체*********,,서울 성동구,와인바,,20231018,,금호동1가,서울특별시 성동구 금호로 80-1,서울특별시 성동구 금호동1가 1769-1,37.55057514,127.0259808,0,0,2,0.06666666666666667,0.0011832250070070056
1775,C3CE191BFB,미*,,서울 성동구,이자카야,금남시장,20190603,,금호동3가,서울특별시 성동구 금호산2길 3,서울특별시 성동구 금호동3가 912,37.54882459,127.0199782,0,1,2,0.12666666666666665,0.0014944109696143335
1776,501AEDAE3D,스쿨**********,분식11,서울 성동구,분식,금남시장,20180129,,금호동3가,서울특별시 성동구 금호산2길 5,서울특별시 성동구 금호동3가 934,37.54887474,127.0201618,0,1,2,0.12666666666666665,0.0014676468691678661
1777,1AA954C0A3,금성**,,서울 성동구,백반/가정식,금남시장,20210810,,금호동3가,서울특별시 성동구 금호산2길 8,서울특별시 성동구 금호동3가 852,37.54872855,127.0204424,0,1,2,0.12666666666666665,0.0014337146220579108
1778,5970C28B1D,33****,,서울 성동구,마카롱,금남시장,20221117,,금호동3가,서울특별시 성동구 금호산길 10,서울특별시 성동구 금호동3가 1265-70,37.54922017,127.0197541,0,1,2,0.12666666666666665,0.0015137946218761373
1779,98C0A088C7,백설*******,,서울 성동구,농산물,금남시장,20230407,,금호동3가,서울특별시 성동구 금호산길 16,서울특별시 성동구 금호동3가 1265-82,37.54977309,127.0198433,0,1,2,0.12666666666666665,0.0014945438055287748
1780,D88940EE2F,서박*****,,서울 성동구,한식-찌개/전골,신금호,20190410,,금호동2가,서울특별시 성동구 금호산길 42,서울특별시 성동구 금호동2가 510-2,37.55204844,127.0195326,0,1,2,0.12666666666666665,0.0017181518239154626
1781,E34A466260,박여*****,,서울 성동구,한식-감자탕,신금호,20200304,,금호동2가,서울특별시 성동구 금호산길 49,서울특별시 성동구 금호동2가 500-16,37.55250683,127.0192187,0,1,2,0.12666666666666665,0.0018469942145233874
1782,D64DEC08B9,나들*,,서울 성동구,한식-단품요리일반,신금호,20230901,,금호동2가,서울특별시 성동구 금호산길 55,서울특별시 성동구 금호동2가 489,37.55323239,127.0192663,1,1,4,0.36,0.0021708301037040387
1783,9E60F0517D,공들***,,서울 성동구,반찬,신금호,20171106,,금호동2가,서울특별시 성동구 금호산길 59,서울특별시 성동구 금호동2가 493-1,37.5535244,127.0192876,1,1,4,0.36,0.0023792805834749503
1784,E811B2836B,도스***,기타세계요리2,서울 성동구,기타세계요리,신금호,20200326,,금호동2가,서울특별시 성동구 금호산길 59,서울특별시 성동구 금호동2가 493-1,37.5535244,127.0192876,1,1,4,0.36,0.0023792805834749503
1785,A7B5BBED77,등촌*****,한식-국수/만두4,서울 성동구,한식-국수/만두,신금호,20240618,,금호동2가,서울특별시 성동구 금호산길 65,서울특별시 성동구 금호동2가 327,37.55416301,127.0194165,1,1,4,0.36,0.003173145134014952
1786,35A4AA3FB1,와플**********,베이커리8,서울 성동구,베이커리,신금호,20220607,,금호동2가,서울특별시 성동구 금호산길 67,서울특별시 성동구 금호동2가 326,37.55434364,127.0195076,1,1,3,0.32666666666666666,0.003592343535228277
1787,235801F5F3,초능******,,서울 성동구,일식당,신금호,20240201,,금호동2가,서울특별시 성동구 금호산길 71,서울특별시 성동구 금호동2가 325,37.55455545,127.019602,1,1,3,0.32666666666666666,0.0040520037705213865
1788,7D812F3CC3,메가***********,커피전문점2,서울 성동구,커피전문점,신금호,20230104,,금호동2가,서울특별시 성동구 금호산길 71,서울특별시 성동구 금호동2가 325,37.55455545,127.019602,1,1,3,0.32666666666666666,0.0040520037705213865
1789,5E180A9A93,죠스*************,,서울 성동구,아이스크림/빙수,신금호,20220316,,금호동2가,서울특별시 성동구 금호산길 71,서울특별시 성동구 금호동2가 325,37.55455545,127.019602,1,1,3,0.32666666666666666,0.0040520037705213865
1790,885A9CCE76,모어******,,서울 성동구,와인바,성수,20210630,,성수동2가,서울특별시 성동구 둘레11길 26,서울특별시 성동구 성수동2가 532-64,37.5375993,127.0531666,0,0,0,0.0,0.0008977034545520554
1791,BE39038248,일호*,,서울 성동구,베이커리,성수,20221012,,성수동2가,서울특별시 성동구 둘레15길 11,서울특별시 성동구 성수동2가 700-1,37.53576839,127.0554925,0,0,0,0.0,0.0008305311450662077
1792,E0F74B2307,바아******,,서울 성동구,한식-단품요리일반,성수,20231005,,성수동2가,서울특별시 성동구 둘레15길 11,서울특별시 성동구 성수동2가 700-1,37.53576839,127.0554925,0,0,0,0.0,0.0008305311450662077
1793,9194148F99,도믹*,,서울 성동구,양식,성수,20190215,,성수동1가,서울특별시 성동구 둘레9가길 9,서울특별시 성동구 성수동1가 355-3,37.53672481,127.0498188,0,0,0,0.0,0.0008642942930489646
1794,0305234DDB,이디**********,,서울 성동구,식료품,성수,20170830,,성수동2가,서울특별시 성동구 둘레9나길 7,서울특별시 성동구 성수동2가 376,37.53710197,127.0510802,0,0,0,0.0,0.0008748880246144463
1795,E254F12E10,치즈****,,서울 성동구,샌드위치/토스트,성수,20210311,,성수동1가,서울특별시 성동구 뚝섬로3길 9,서울특별시 성동구 성수동1가 72-15,37.54104532,127.0493075,0,1,3,0.16,0.001211524945573708
1796,FD2188337A,한*,,서울 성동구,한식-육류/고기,성수,20180214,,성수동1가,서울특별시 성동구 뚝섬로4길 5,서울특별시 성동구 성수동1가 34-9,37.53975767,127.0497961,0,0,2,0.06666666666666667,0.001059042237098924
1797,0C074FD60A,사운*******,,서울 성동구,카페,성수,20231102,,성수동2가,서울특별시 성동구 뚝섬로7길 6,서울특별시 성동구 성수동2가 331-56,37.53883881,127.0566407,0,0,1,0.03333333333333333,0.0009871420097924502
1798,8A38507519,키*,,서울 성동구,일식당,성수,20230406,,성수동2가,서울특별시 성동구 뚝섬로7길 6,서울특별시 성동구 성수동2가 331-56,37.53883881,127.0566407,0,0,1,0.03333333333333333,0.0009871420097924502
1799,9C19A99FAE,포포**,,서울 성동구,일반 유흥주점,성수,20241108,,성수동2가,서울특별시 성동구 뚝섬로7길 6,서울특별시 성동구 성수동2가 331-56,37.53883881,127.0566407,0,0,1,0.03333333333333333,0.0009871420097924502
1800,425547857A,우시****,,서울 성동구,한식-육류/고기,성수,20211214,,성수동2가,서울특별시 성동구 뚝섬로9길 3,서울특별시 성동구 성수동2가 331-60,37.53859682,127.0568036,0,0,1,0.03333333333333333,0.0009723376788570435
1801,8ACF85E477,강*,,서울 성동구,양식,성수,20230712,,성수동2가,서울특별시 성동구 뚝섬로9길 8,서울특별시 성동구 성수동2가 328-45,37.53893943,127.0568687,0,0,1,0.03333333333333333,0.0009934867188755591
1802,2E344F415F,강별********,,서울 성동구,양식,성수,20240828,,성수동2가,서울특별시 성동구 뚝섬로9길 8,서울특별시 성동구 성수동2가 328-45,37.53893943,127.0568687,0,0,1,0.03333333333333333,0.0009934867188755591
1803,F24E9532C3,역전*********,호프/맥주5,서울 성동구,호프/맥주,한양대,20231017,,행당동,서울특별시 성동구 마조로 15-2,서울특별시 성동구 행당동 19-85,37.55921465,127.0405938,0,3,5,0.3466666666666667,0.0021835357532369115
1804,E2AFB2BDCB,싸구***,,서울 성동구,포장마차,한양대,20210624,,행당동,서울특별시 성동구 마조로 15-3,서울특별시 성동구 행당동 19-107,37.55907188,127.0404984,0,3,4,0.31333333333333335,0.002162283115520402
1805,D1DF607320,마을**,,서울 성동구,한식-단품요리일반,한양대,20180418,,행당동,서울특별시 성동구 마조로 15-3,서울특별시 성동구 행당동 19-107,37.55907188,127.0404984,0,3,4,0.31333333333333335,0.002162283115520402
1806,73623D09A9,불닭****************,분식7,서울 성동구,분식,한양대,20221021,,행당동,서울특별시 성동구 마조로 15-6,서울특별시 성동구 행당동 19-111,37.55924345,127.0404316,0,3,5,0.3466666666666667,0.0022254172311973247
1807,B919F9B2D5,여우**,,서울 성동구,요리주점,한양대,20210527,,행당동,서울특별시 성동구 마조로 15-8,서울특별시 성동구 행당동 19-84,37.55926746,127.0403069,0,3,5,0.3466666666666667,0.002259947573528012
1808,8FD5E8CD5C,올끼************,,서울 성동구,백반/가정식,한양대,20240417,,행당동,서울특별시 성동구 마조로1길 2,서울특별시 성동구 행당동 20-17,37.55837196,127.0402988,0,4,4,0.3733333333333333,0.002013329953416041
1809,F11C32EC58,대*,,서울 성동구,요리주점,한양대,20240517,,행당동,서울특별시 성동구 마조로3길 5,서울특별시 성동구 행당동 158-58,37.55845541,127.0400024,0,4,4,0.3733333333333333,0.0020613052655068854
1810,4BC0ED1667,멘푸*,,서울 성동구,일식당,한양대,20240206,,행당동,서울특별시 성동구 마조로3길 6,서울특별시 성동구 행당동 19-112,37.55859654,127.0401566,0,4,4,0.3733333333333333,0.002082842317457521
1811,6BCA53C20A,마쿠***,,서울 성동구,중식당,한양대,20180725,,행당동,서울특별시 성동구 마조로3길 6,서울특별시 성동구 행당동 19-112,37.55859654,127.0401566,0,4,4,0.3733333333333333,0.002082842317457521
1812,BBEBA8E04B,이돈*,,서울 성동구,한식-찌개/전골,한양대,20161025,,행당동,서울특별시 성동구 마조로3길 7,서울특별시 성동구 행당동 158-46,37.55848022,127.0399035,0,4,4,0.3733333333333333,0.0020779326201632708
1813,0E7F1F5130,소*,,서울 성동구,카페,한양대,20200421,,행당동,서울특별시 성동구 마조로3길 8,서울특별시 성동구 행당동 19-96,37.55865075,127.0399744,0,4,4,0.3733333333333333,0.0021199973073436373
1814,2FEF6803AC,끄트***,,서울 성동구,한식-육류/고기,한양대,20190821,,행당동,서울특별시 성동구 마조로3길 8,서울특별시 성동구 행당동 19-96,37.55865075,127.0399744,0,4,4,0.3733333333333333,0.0021199973073436373
1815,593875841D,벙커********,,서울 성동구,한식-단품요리일반,한양대,20200306,,행당동,서울특별시 성동구 마조로3길 8,서울특별시 성동구 행당동 19-96,37.55865075,127.0399744,0,4,4,0.3733333333333333,0.0021199973073436373
1816,13F02B91F6,그*,,서울 성동구,카페,한양대,20220519,,행당동,서울특별시 성동구 마조로3길 9,서울특별시 성동구 행당동 158-16,37.5585656,127.0394486,0,3,4,0.31333333333333335,0.0021529630637749458
1817,0C67B8EDCF,히토****,,서울 성동구,일식-우동/소바/라면,한양대,20180112,,행당동,서울특별시 성동구 마조로3길 9,서울특별시 성동구 행당동 158-16,37.5585656,127.0394486,0,3,4,0.31333333333333335,0.0021529630637749458
1818,4F7FF335EF,굽네**********,치킨7,서울 성동구,치킨,한양대,20220418,,행당동,서울특별시 성동구 마조로5길 4,서울특별시 성동구 행당동 4-33,37.56011674,127.0405752,0,3,5,0.3466666666666667,0.002476186505812899
1819,F84E5ED7D7,노가***,룸살롱/단란주점1,서울 성동구,룸살롱/단란주점,한양대,20190418,,행당동,서울특별시 성동구 마조로5길 4,서울특별시 성동구 행당동 4-33,37.56011674,127.0405752,0,3,5,0.3466666666666667,0.002476186505812899
1820,E4BAFA1890,정태****,,서울 성동구,한식-단품요리일반,한양대,20200211,,행당동,서울특별시 성동구 마조로5길 5,서울특별시 성동구 행당동 19-48,37.55993646,127.0405395,0,3,5,0.3466666666666667,0.0024259242159385954
1821,D97D0EEBFE,디저*********,베이커리1,서울 성동구,베이커리,한양대,20210625,,행당동,서울특별시 성동구 마조로5길 6,서울특별시 성동구 행당동 4-31,37.56015679,127.0404237,0,3,5,0.3466666666666667,0.002552107807006184
1822,3A07D1755D,잭펍*****,,서울 성동구,호프/맥주,한양대,20240422,,행당동,서울특별시 성동구 마조로5길 9,서울특별시 성동구 행당동 19-59,37.55989237,127.0400933,0,3,5,0.3466666666666667,0.002570441814035258
1823,B14CA968AE,청록**********,,서울 성동구,백반/가정식,한양대,20240513,,행당동,서울특별시 성동구 마조로5길 9,서울특별시 성동구 행당동 19-59,37.55989237,127.0400933,0,3,5,0.3466666666666667,0.002570441814035258
1824,679B13C3AD,스시*,,서울 성동구,일식당,한양대,20170831,,행당동,서울특별시 성동구 마조로7길 4,서울특별시 성동구 행당동 1-99,37.5608467,127.0409166,0,3,5,0.3466666666666667,0.002544941373983493
1825,F52CC07BC8,갱*,,서울 성동구,요리주점,한양대,20240704,,행당동,서울특별시 성동구 마조로7길 5,서울특별시 성동구 행당동 3-14,37.56069146,127.0406549,0,3,5,0.3466666666666667,0.0026355005082065596
1826,F794B9D76C,더 *,,서울 성동구,한식-육류/고기,한양대,20221028,,행당동,서울특별시 성동구 마조로7길 7,서울특별시 성동구 행당동 3-13,37.56068485,127.0404851,0,3,5,0.3466666666666667,0.0027261835374541086
1827,B5A64F8167,군자*********,,서울 성동구,한식-육류/고기,한양대,20190905,,행당동,서울특별시 성동구 마조로7길 9,서울특별시 성동구 행당동 3-11,37.56070512,127.040222,0,3,5,0.3466666666666667,0.002896250525129594
1828,E368BF165D,유*,,서울 성동구,한식-국밥/설렁탕,한양대,20230922,,행당동,서울특별시 성동구 마조로9길 3,서울특별시 성동구 행당동 1-97,37.56112374,127.0409659,0,3,5,0.3466666666666667,0.0025785985008301487
1829,0AD9FBF8D6,블레**,,서울 성동구,카페,금남시장,20180830,,금호동3가,서울특별시 성동구 무수막길 31,서울특별시 성동구 금호동3가 1,37.55036591,127.0243796,0,0,2,0.06666666666666667,0.0012120258841821334
1830,E00E398B70,티바*********,치킨35,서울 성동구,치킨,신금호,20170905,,금호동2가,서울특별시 성동구 무수막길 62,서울특별시 성동구 금호동2가 670,37.55160896,127.021449,0,1,2,0.12666666666666665,0.0015002227537087214
1831,098CE4D65F,사랑******,,서울 성동구,포장마차,신금호,20241015,,금호동2가,서울특별시 성동구 무수막길 84,서울특별시 성동구 금호동2가 522,37.55343498,127.0206171,1,1,2,0.29333333333333333,0.002508893821481825
1832,C87A5EFBD3,할머***,,서울 성동구,한식-냉면,신금호,20180403,,금호동2가,서울특별시 성동구 무수막길 84,서울특별시 성동구 금호동2가 522,37.55343498,127.0206171,1,1,2,0.29333333333333333,0.002508893821481825
1833,3D7A63FFA7,토핑**,,서울 성동구,양식,신금호,20200212,,금호동2가,서울특별시 성동구 무수막길 85,서울특별시 성동구 금호동2가 470,37.55346089,127.0203356,1,1,2,0.29333333333333333,0.002590634091550175
1834,1A95814825,모모**,,서울 성동구,일식당,신금호,20240716,,금호동2가,서울특별시 성동구 무수막길 85,서울특별시 성동구 금호동2가 470,37.55346089,127.0203356,1,1,2,0.29333333333333333,0.002590634091550175
1835,500A36AF3C,5학***************,,서울 성동구,한식-육류/고기,신금호,20171027,,금호동2가,서울특별시 성동구 무수막길 85,서울특별시 성동구 금호동2가 470,37.55346089,127.0203356,1,1,2,0.29333333333333333,0.002590634091550175
1836,C21D7968F4,신한********,,서울 성동구,치킨,신금호,20240216,,금호동2가,서울특별시 성동구 무수막길 89,서울특별시 성동구 금호동2가 464,37.55366491,127.0201084,1,1,2,0.29333333333333333,0.002934187157721659
1837,ABD760AB85,전잔*,,서울 성동구,한식-단품요리일반,신금호,20231229,,금호동2가,서울특별시 성동구 무수막길 89,서울특별시 성동구 금호동2가 464,37.55366491,127.0201084,1,1,2,0.29333333333333333,0.002934187157721659
1838,D709A19B89,수제********,,서울 성동구,한식-육류/고기,신금호,20200731,,금호동2가,서울특별시 성동구 무수막길 91,서울특별시 성동구 금호동2가 442-1,37.55386955,127.019996,1,1,2,0.29333333333333333,0.0033999433037679417
1839,25B296A614,골드**,,서울 성동구,축산물,신금호,20240701,,금호동2가,서울특별시 성동구 무수막길 93,서울특별시 성동구 금호동2가 444,37.55408508,127.0198775,1,1,2,0.29333333333333333,0.00399122502275981
1840,45E84CAA54,오봉******,,서울 성동구,한식-단품요리일반,신금호,20240730,,금호동2가,서울특별시 성동구 무수막길 94,서울특별시 성동구 금호동2가 452,37.55406062,127.0201608,1,1,2,0.29333333333333333,0.004442015797222837
1841,DF809D8AFF,비지***********,,서울 성동구,베이커리,,20240227,,도선동,서울특별시 성동구 무학로 12-1,서울특별시 성동구 도선동 412,37.56528217,127.0302944,1,1,3,0.32666666666666666,0.0025238981350851194
1842,402132957B,신전*************,분식12,서울 성동구,분식,,20230612,,홍익동,서울특별시 성동구 무학로 16-1,서울특별시 성동구 홍익동 398-1,37.56561004,127.030337,1,1,3,0.32666666666666666,0.002206750604984047
1843,C1C5F1B907,정가***,,서울 성동구,백반/가정식,,20171128,,홍익동,서울특별시 성동구 무학로 20-5,서울특별시 성동구 홍익동 390,37.56594998,127.0303451,1,1,3,0.32666666666666666,0.001976571004400652
1844,C4A3CC1A88,보다**,,서울 성동구,한식-단품요리일반,왕십리,20200616,,도선동,서울특별시 성동구 무학로2길 7,서울특별시 성동구 도선동 343-8,37.56443649,127.0310386,1,1,4,0.36,0.0025136040791720188
1845,50FC72558D,카페***,,서울 성동구,카페,,20181211,,도선동,서울특별시 성동구 무학로6길 4,서울특별시 성동구 도선동 415,37.5653132,127.0305349,1,1,4,0.36,0.0023731696271521
1846,9749F65AAB,샌드**,,서울 성동구,한식-단품요리일반,,20241127,,홍익동,서울특별시 성동구 무학로6길 7,서울특별시 성동구 홍익동 373-3,37.56541715,127.0309472,1,1,4,0.36,0.0021461280807011135
1847,63F736E9EB,떡도*******,,서울 성동구,떡/한과,,20200703,,하왕십리동,서울특별시 성동구 무학봉길 35,서울특별시 성동구 하왕십리동 1002,37.56060557,127.0268748,0,2,2,0.18666666666666665,0.0015712642321651909
1848,58A30B4F4D,비에******,치킨3,서울 성동구,치킨,,20240129,,하왕십리동,서울특별시 성동구 무학봉길 43,서울특별시 성동구 하왕십리동 995-2,37.56051513,127.0275597,0,2,2,0.18666666666666665,0.0016420944922530538
1849,0C73E5FAC6,체온*******,,서울 성동구,인삼제품,,20241120,,하왕십리동,서울특별시 성동구 무학봉길 43,서울특별시 성동구 하왕십리동 995-2,37.56051513,127.0275597,0,2,2,0.18666666666666665,0.0016420944922530538
1850,3AF3906E1E,슐스*****,,서울 성동구,카페,,20230328,,하왕십리동,서울특별시 성동구 무학봉길 57,서울특별시 성동구 하왕십리동 982-4,37.56074243,127.029133,0,2,4,0.2533333333333333,0.0018325740625051653
1851,A2ECEC9C8C,대명****,,서울 성동구,축산물,,20240809,,하왕십리동,서울특별시 성동구 무학봉길 67,서울특별시 성동구 하왕십리동 985-7,37.56097833,127.0301467,0,2,5,0.2866666666666667,0.0019380393094204883
1852,6FABF4670F,대명****,,서울 성동구,한식-육류/고기,,20240812,,하왕십리동,서울특별시 성동구 무학봉길 67,서울특별시 성동구 하왕십리동 985-7,37.56097833,127.0301467,0,2,5,0.2866666666666667,0.0019380393094204883
1853,90A64A1805,무프*****,,서울 성동구,베이커리,왕십리,20241206,,하왕십리동,서울특별시 성동구 무학봉길 82,서울특별시 성동구 하왕십리동 975-20,37.5615202,127.0314985,0,4,5,0.4066666666666667,0.0020925880276603105
1854,5890F473D8,한끼**,,서울 성동구,백반/가정식,왕십리,20230706,,하왕십리동,서울특별시 성동구 무학봉길 83,서울특별시 성동구 하왕십리동 970-47,37.56173347,127.0314886,0,3,5,0.3466666666666667,0.0021056488720503736
1855,02B146CDF2,한식**,,서울 성동구,백반/가정식,왕십리,20230706,,하왕십리동,서울특별시 성동구 무학봉길 83,서울특별시 성동구 하왕십리동 970-47,37.56173347,127.0314886,0,3,5,0.3466666666666667,0.0021056488720503736
1856,62AC8476D3,삼호***,,서울 성동구,건강원,왕십리,20180214,,하왕십리동,서울특별시 성동구 무학봉길 87,서울특별시 성동구 하왕십리동 970-19,37.56199964,127.0317611,0,3,5,0.3466666666666667,0.0021489773892625916
1857,820A26A28C,국대**,,서울 성동구,한식-육류/고기,왕십리,20241008,,하왕십리동,서울특별시 성동구 무학봉길 93,서울특별시 성동구 하왕십리동 966-111,37.5625914,127.0321332,0,3,5,0.3466666666666667,0.002205855299862993
1858,48A320941A,육*,,서울 성동구,한식-육류/고기,왕십리,20241021,,하왕십리동,서울특별시 성동구 무학봉길 97,서울특별시 성동구 하왕십리동 966-92,37.56277077,127.0322116,0,3,5,0.3466666666666667,0.0022130341142420876
1859,EA5FAE889A,더스******,,서울 성동구,커피전문점,한양대,20190502,,사근동,서울특별시 성동구 사근동8길 6,서울특별시 성동구 사근동 176-11,37.56059657,127.0467775,0,1,4,0.19333333333333333,0.001598544466585992
1860,B101875C3F,종점***,,서울 성동구,샌드위치/토스트,한양대,20240125,,사근동,서울특별시 성동구 사근동9길 1,서울특별시 성동구 사근동 209-3,37.56095992,127.0472766,0,1,4,0.19333333333333333,0.0016675087350567803
1861,07F3A46C54,화미**,,서울 성동구,중식-훠궈/마라탕,한양대,20240108,,행당동,서울특별시 성동구 사근동길 12,서울특별시 성동구 행당동 16-12,37.56027171,127.0423661,0,3,6,0.38,0.0019735242402522677
1862,161833AB04,비에************,치킨3,서울 성동구,치킨,한양대,20211208,,사근동,서울특별시 성동구 사근동길 18,서울특별시 성동구 사근동 309-28,37.56058858,127.0431496,0,1,6,0.26,0.0018336357364498897
1863,0BF9751673,루루****,,서울 성동구,한식-단품요리일반,한양대,20240507,,사근동,서울특별시 성동구 사근동길 23,서울특별시 성동구 사근동 307-15,37.56100441,127.0435786,0,1,6,0.26,0.0017735977383572612
1864,99C504D739,오케*******************,,서울 성동구,아이스크림/빙수,한양대,20220331,,사근동,서울특별시 성동구 사근동길 43,서울특별시 성동구 사근동 298,37.56099666,127.0457252,0,1,6,0.26,0.001616207813380997
1865,3F033E596C,하*,,서울 성동구,베이커리,한양대,20240711,,사근동,서울특별시 성동구 사근동길 53,서울특별시 성동구 사근동 210-2,37.5609929,127.0468117,0,1,4,0.19333333333333333,0.0016309667584275696
1866,5183626392,압구**********,,서울 성동구,한식-찌개/전골,한양대,20190904,,사근동,서울특별시 성동구 사근동길 54,서울특별시 성동구 사근동 176-41,37.56074307,127.046787,0,1,4,0.19333333333333333,0.0016103982594090041
1867,4E4FF6A584,참진****,,서울 성동구,한식-국밥/설렁탕,한양대,20190730,20250718.0,사근동,서울특별시 성동구 사근동길 56,서울특별시 성동구 사근동 176-10,37.56076637,127.0470935,0,1,4,0.19333333333333333,0.0016336729976329817
1868,ACA6852B94,데일******,,서울 성동구,식료품,한양대,20230426,20250714.0,사근동,서울특별시 성동구 사근동길 58,서울특별시 성동구 사근동 180-2,37.56080608,127.0473891,0,1,3,0.16,0.001663664095689927
1869,9C580867E4,세원***,,서울 성동구,축산물,한양대,20200221,,사근동,서울특별시 성동구 사근동길 61,서울특별시 성동구 사근동 204-2,37.56110966,127.0477285,0,1,4,0.19333333333333333,0.0017382057187765448
1870,6F17AD6277,화이********,,서울 성동구,커피전문점,한양대,20200812,,사근동,서울특별시 성동구 사근동길 61,서울특별시 성동구 사근동 204-2,37.56110966,127.0477285,0,1,4,0.19333333333333333,0.0017382057187765448
1871,B5E96D7BB4,오잉********,,서울 성동구,카페,한양대,20230222,,사근동,서울특별시 성동구 사근동길 64,서울특별시 성동구 사근동 204-20,37.56098748,127.0479846,0,1,4,0.19333333333333333,0.0017633741871415267
1872,C1CF5ADDEC,미쳐*********,치킨22,서울 성동구,치킨,,20211207,,사근동,서울특별시 성동구 사근동길 65,서울특별시 성동구 사근동 199,37.56214127,127.0487039,1,1,3,0.32666666666666666,0.0020861976048482346
1873,CF185DF6A6,한양*********,,서울 성동구,한식-단품요리일반,한양대,20230524,,사근동,서울특별시 성동구 사근동길 66,서울특별시 성동구 사근동 204-11,37.56099589,127.0481271,0,1,4,0.19333333333333333,0.0017899126613629493
1874,12E063A8BA,대연*,,서울 성동구,중식당,,20190424,,사근동,서울특별시 성동구 사근동길 67,서울특별시 성동구 사근동 199,37.56130996,127.0483777,0,1,4,0.19333333333333333,0.0018963108857250337
1875,A78C867800,대연*****,,서울 성동구,중식당,,20240105,20250709.0,사근동,서울특별시 성동구 사근동길 67,서울특별시 성동구 사근동 199,37.56130996,127.0483777,0,1,4,0.19333333333333333,0.0018963108857250337
1876,D17F92EAE0,아빠*************,,서울 성동구,아이스크림/빙수,한양대,20240328,,사근동,서울특별시 성동구 사근동길 68,서울특별시 성동구 사근동 200-5,37.5610768,127.0483516,0,1,4,0.19333333333333333,0.0018502547380125974
1877,DA258C9262,마머********,,서울 성동구,양식,,20210408,,마장동,서울특별시 성동구 살곶이2길 1,서울특별시 성동구 마장동 785-3,37.56532038,127.0468397,0,1,4,0.19333333333333333,0.0019355329765513806
1878,DEC108E9DF,뚝방**,,서울 성동구,식료품,마장동,20240613,,마장동,서울특별시 성동구 살곶이길 18,서울특별시 성동구 마장동 525-1,37.57138254,127.0405195,0,1,3,0.16,0.0016517289580644252
1879,51E712A1A7,뚝방*,,서울 성동구,한식-육류/고기,마장동,20240228,,마장동,서울특별시 성동구 살곶이길 18,서울특별시 성동구 마장동 525-1,37.57138254,127.0405195,0,1,3,0.16,0.0016517289580644252
1880,46AEC08B5A,평이***********,,서울 성동구,분식,뚝섬,20191218,,성수동1가,서울특별시 성동구 상원10길 10,서울특별시 성동구 성수동1가 13-110,37.54936985,127.0490485,0,1,2,0.12666666666666665,0.0016172898759565073
1881,C078C96A10,피카***,,서울 성동구,카페,뚝섬,20210409,,성수동1가,서울특별시 성동구 상원10길 23,서울특별시 성동구 성수동1가 13-384,37.55028391,127.0503194,0,1,1,0.09333333333333332,0.0013357294036689862
1882,F1A9A57B7B,먼데******************,,서울 성동구,양식,뚝섬,20231114,,성수동1가,서울특별시 성동구 상원10길 25,서울특별시 성동구 성수동1가 13-383,37.55032019,127.0504104,0,1,1,0.09333333333333332,0.0013254310774395313
1883,CD4D9C986E,르셀*******,,서울 성동구,베이커리,뚝섬,20220518,,성수동1가,서울특별시 성동구 상원10길 25,서울특별시 성동구 성수동1가 13-383,37.55032019,127.0504104,0,1,1,0.09333333333333332,0.0013254310774395313
1884,312F1E6B7B,에이*********,,서울 성동구,카페,뚝섬,20221013,,성수동1가,서울특별시 성동구 상원12길 19,서울특별시 성동구 성수동1가 13-248,37.55073003,127.049811,0,1,2,0.12666666666666665,0.0013223536646945217
1885,670C37D448,김밥**,,서울 성동구,분식,뚝섬,20210615,,성수동1가,서울특별시 성동구 상원12길 28,서울특별시 성동구 성수동1가 13-382,37.55037025,127.0504892,0,1,1,0.09333333333333332,0.0013148342117825379
1886,E474B338BD,레스***********,,서울 성동구,카페,뚝섬,20210712,,성수동1가,서울특별시 성동구 상원12길 30,서울특별시 성동구 성수동1가 13-214,37.55004005,127.0506634,0,1,2,0.12666666666666665,0.0013365229504727152
1887,89DFC2D95C,성일**,,서울 성동구,백반/가정식,뚝섬,20220718,,성수동1가,서울특별시 성동구 상원12길 30,서울특별시 성동구 성수동1가 13-214,37.55004005,127.0506634,0,1,2,0.12666666666666665,0.0013365229504727152
1888,57C7DFB21A,성수*,,서울 성동구,동남아/인도음식,뚝섬,20240823,,성수동1가,서울특별시 성동구 상원12길 30,서울특별시 성동구 성수동1가 13-214,37.55004005,127.0506634,0,1,2,0.12666666666666665,0.0013365229504727152
1889,9A4D14C1AA,60*******,치킨1,서울 성동구,치킨,뚝섬,20220518,,성수동1가,서울특별시 성동구 상원12길 34,서울특별시 성동구 성수동1가 13-209,37.54953854,127.0504724,0,1,2,0.12666666666666665,0.001412313109855226
1890,39C80568CC,안*,,서울 성동구,한식-육류/고기,뚝섬,20241017,,성수동1가,서울특별시 성동구 상원12길 34,서울특별시 성동구 성수동1가 13-209,37.54953854,127.0504724,0,1,2,0.12666666666666665,0.001412313109855226
1891,FA9FC0963F,비스***,,서울 성동구,양식,뚝섬,20170612,,성수동1가,서울특별시 성동구 상원2길 5-5,서울특별시 성동구 성수동1가 14-48,37.54609385,127.0493994,0,2,3,0.22,0.001973655326281266
1892,A31F4B0838,모르**,,서울 성동구,와인바,뚝섬,20200410,,성수동1가,서울특별시 성동구 상원2길 5-5,서울특별시 성동구 성수동1가 14-48,37.54609385,127.0493994,0,2,3,0.22,0.001973655326281266
1893,984E520E5D,오드*************,,서울 성동구,일반 유흥주점,뚝섬,20220722,,성수동1가,서울특별시 성동구 상원2길 5-5,서울특별시 성동구 성수동1가 14-48,37.54609385,127.0493994,0,2,3,0.22,0.001973655326281266
1894,387BDBCD80,웜히*,,서울 성동구,카페,뚝섬,20220719,,성수동1가,서울특별시 성동구 상원6가길 3,서울특별시 성동구 성수동1가 13-330,37.548388,127.0488896,1,1,3,0.32666666666666666,0.002003522700821049
1895,79892ACBB1,메가*********,커피전문점2,서울 성동구,커피전문점,뚝섬,20220616,,성수동1가,서울특별시 성동구 상원길 38-1,서울특별시 성동구 성수동1가 14-1,37.54739617,127.0487142,1,1,3,0.32666666666666666,0.0026416964830558625
1896,350FB4A18B,와인***,,서울 성동구,주류,뚝섬,20230619,,성수동1가,서울특별시 성동구 상원길 47-1,서울특별시 성동구 성수동1가 656-390,37.54835017,127.0482069,1,1,2,0.29333333333333333,0.002301042391064481
1897,FD01231FB6,성수****,,서울 성동구,백반/가정식,뚝섬,20230927,,성수동1가,서울특별시 성동구 상원길 48-1,서울특별시 성동구 성수동1가 13-145,37.5482704,127.0485132,1,1,3,0.32666666666666666,0.0022288237712261233
1898,229E67841F,성수***,,서울 성동구,한식-해물/생선,뚝섬,20230927,,성수동1가,서울특별시 성동구 상원길 48-1,서울특별시 성동구 성수동1가 13-145,37.5482704,127.0485132,1,1,3,0.32666666666666666,0.0022288237712261233
1899,94502BA9DC,묘*,,서울 성동구,카페,,20190930,,성수동1가,서울특별시 성동구 서울숲2길 2,서울특별시 성동구 성수동1가 685-486,37.54786734,127.0397004,0,0,3,0.1,0.0013611946821789176
1900,320A02A60D,소와****,,서울 성동구,한식-육류/고기,,20230920,,성수동1가,서울특별시 성동구 서울숲2길 2,서울특별시 성동구 성수동1가 685-486,37.54786734,127.0397004,0,0,3,0.1,0.0013611946821789176
1901,73DBE0BFDF,산도*********,,서울 성동구,햄버거,,20221026,,성수동1가,서울특별시 성동구 서울숲2길 6,서울특별시 성동구 성수동1가 685-324,37.54770095,127.0396213,0,0,3,0.1,0.0013553639411087964
1902,3DE5786D97,위켄********************,,서울 성동구,카페,,20230703,,성수동1가,서울특별시 성동구 서울숲2길 8,서울특별시 성동구 성수동1가 685-489,37.54752682,127.0395328,0,0,3,0.1,0.0013484561201461212
1903,8D65C5B594,글레****,,서울 성동구,아이스크림/빙수,,20200310,,성수동1가,서울특별시 성동구 서울숲2길 9,서울특별시 성동구 성수동1가 685-491,37.54745684,127.0397261,0,0,3,0.1,0.001349741602891905
1904,80920DEE31,퍼머*****,,서울 성동구,카페,뚝섬,20240530,,성수동1가,서울특별시 성동구 서울숲7길 9,서울특별시 성동구 성수동1가 685-291,37.54850627,127.0429581,0,1,4,0.19333333333333333,0.0015239228128364872
1905,161867AF15,아이***************,,서울 성동구,베이커리,,20170420,,성수동1가,서울특별시 성동구 서울숲길 20,서울특별시 성동구 성수동1가 685-352,37.54795779,127.0397229,0,0,3,0.1,0.0013639312178307433
1906,80EC87C6D8,닥터**,,서울 성동구,식료품,,20190503,,성수동1가,서울특별시 성동구 서울숲길 25,서울특별시 성동구 성수동1가 676-5,37.54839879,127.0406261,0,0,3,0.1,0.0013827040751042705
1907,2AF934A41E,꼬모***********,,서울 성동구,카페,뚝섬,20221020,,성수동1가,서울특별시 성동구 서울숲길 50,서울특별시 성동구 성수동1가 685-383,37.54790458,127.0429757,0,1,3,0.16,0.0015694413632134324
1908,68FD248F73,디어****,,서울 성동구,베이커리,뚝섬,20240216,,성수동1가,서울특별시 성동구 서울숲길 55,서울특별시 성동구 성수동1가 685-218,37.54819779,127.0436362,0,1,3,0.16,0.0016273101678281239
1909,003473B465,바틀****************,,서울 성동구,백반/가정식,뚝섬,20190507,,성수동1가,서울특별시 성동구 서울숲길 55,서울특별시 성동구 성수동1가 685-218,37.54819779,127.0436362,0,1,3,0.16,0.0016273101678281239
1910,E9D11C9FFC,브와*,,서울 성동구,와인바,성수,20230622,,성수동1가,서울특별시 성동구 성덕정3길 8,서울특별시 성동구 성수동1가 72-41,37.53955999,127.0476317,0,0,1,0.03333333333333333,0.0010926544737709818
1911,1164A7B9D5,성수****,,서울 성동구,햄버거,성수,20211008,,성수동1가,서울특별시 성동구 성덕정3길 8,서울특별시 성동구 성수동1가 72-41,37.53955999,127.0476317,0,0,1,0.03333333333333333,0.0010926544737709818
1912,3B758AC2A1,성수**,,서울 성동구,분식,성수,20210910,,성수동1가,서울특별시 성동구 성덕정9길 3,서울특별시 성동구 성수동1가 36-7,37.53866409,127.0494513,0,0,1,0.03333333333333333,0.0009761404205058995
1913,1E6E98E3FB,논스*****,,서울 성동구,샌드위치/토스트,성수,20181214,,성수동1가,서울특별시 성동구 성덕정9길 8,서울특별시 성동구 성수동1가 270,37.53883558,127.0498188,0,0,1,0.03333333333333333,0.000984559066374869
1914,09544ED347,또*,,서울 성동구,포장마차,성수,20210309,,성수동1가,서울특별시 성동구 성덕정9길 9,서울특별시 성동구 성수동1가 36-3,37.53905025,127.0496889,0,0,1,0.03333333333333333,0.0010016106416547426
1915,DB3164F768,최가******,,서울 성동구,분식,,20220803,,성수동1가,서울특별시 성동구 성덕정길 27,서울특별시 성동구 성수동1가 104,37.53924199,127.0468213,0,0,1,0.03333333333333333,0.0010725728281662968
1916,8E6C738921,네네**,치킨10,서울 성동구,치킨,,20171205,,성수동1가,서울특별시 성동구 성덕정길 27,서울특별시 성동구 성수동1가 104,37.53924199,127.0468213,0,0,1,0.03333333333333333,0.0010725728281662968
1917,FD3AE857A6,후라*********,치킨40,서울 성동구,치킨,성수,20161012,,성수동1가,서울특별시 성동구 성덕정길 32,서울특별시 성동구 성수동1가 142-3,37.5389523,127.0470805,0,0,1,0.03333333333333333,0.0010374264013129721
1918,0E5900ADFC,성공*******,,서울 성동구,호프/맥주,성수,20200421,,성수동1가,서울특별시 성동구 성덕정길 39,서울특별시 성동구 성수동1가 90,37.53886516,127.0480062,0,0,1,0.03333333333333333,0.0010136010836494205
1919,857B7267B0,조프****,,서울 성동구,베이커리,성수,20190611,,성수동1가,서울특별시 성동구 성덕정길 42,서울특별시 성동구 성수동1가 198-2,37.53854178,127.0482712,0,0,1,0.03333333333333333,0.0009808412524303838
1920,79D7D3DBF2,일*,,서울 성동구,한식-단품요리일반,성수,20201119,,성수동1가,서울특별시 성동구 성덕정길 44,서울특별시 성동구 성수동1가 225-2,37.53850627,127.0484984,0,0,1,0.03333333333333333,0.0009741446630304696
1921,8ED8FEB618,기댈*,,서울 성동구,아이스크림/빙수,성수,20230522,,성수동1가,서울특별시 성동구 성덕정길 47,서울특별시 성동구 성수동1가 62,37.53856498,127.0488196,0,0,1,0.03333333333333333,0.0009749290886092172
1922,699C421ABB,공릉**********,한식-국수/만두2,서울 성동구,한식-국수/만두,성수,20220204,,성수동1가,서울특별시 성동구 성덕정길 48,서울특별시 성동구 성수동1가 227-2,37.53836378,127.0488204,0,0,1,0.03333333333333333,0.000960788583434688
1923,B4760EE910,스태*,,서울 성동구,호프/맥주,성수,20230303,,성수동1가,서울특별시 성동구 성덕정길 56,서울특별시 성동구 성수동1가 237-2,37.53813164,127.0495818,0,0,1,0.03333333333333333,0.0009399124547774067
1924,768E71CF20,플란**********,,서울 성동구,샌드위치/토스트,성수,20240805,,성수동1가,서울특별시 성동구 성덕정길 57,서울특별시 성동구 성수동1가 248-1,37.53825982,127.0498642,0,0,1,0.03333333333333333,0.0009457232764986123
1925,B90AD96CF9,맷*,,서울 성동구,양식,성수,20230411,,성수동1가,서울특별시 성동구 성덕정길 63,서울특별시 성동구 성수동1가 305,37.53806181,127.0506476,0,0,0,0.0,0.0009277568195626817
1926,51BEB72D68,국보*,,서울 성동구,백반/가정식,성수,20200228,,성수동1가,서울특별시 성동구 성덕정길 65,서울특별시 성동구 성수동1가 303,37.5380747,127.0508507,0,0,0,0.0,0.0009269836171338095
1927,8C96D7ED90,까사*****,,서울 성동구,카페,성수,20210901,,성수동1가,서울특별시 성동구 성덕정길 66,서울특별시 성동구 성수동1가 307-2,37.5378976,127.0509586,0,0,0,0.0,0.0009161899044538398
1928,CCAD277073,도깨*,,서울 성동구,룸살롱/단란주점,성수,20181121,,성수동1가,서울특별시 성동구 성덕정길 71,서울특별시 성동구 성수동1가 289,37.53812077,127.0514075,0,0,0,0.0,0.0009254487678492332
1929,248ED10705,타코***,,서울 성동구,이자카야,성수,20230802,,성수동2가,서울특별시 성동구 성덕정길 75,서울특별시 성동구 성수동2가 345-9,37.53812133,127.0517787,0,0,0,0.0,0.000922699961680257
1930,9E02C6BC7C,쫄랑*****,,서울 성동구,일반 유흥주점,성수,20190813,,성수동2가,서울특별시 성동구 성덕정길 76,서울특별시 성동구 성수동2가 346-4,37.53786863,127.0519008,0,0,0,0.0,0.0009079062358890829
1931,C8BFE622A5,앵무****,,서울 성동구,구내식당/푸드코트,성수,20230927,20250721.0,성수동2가,서울특별시 성동구 성덕정길 78,서울특별시 성동구 성수동2가 346-2,37.53784513,127.0520751,0,0,0,0.0,0.0009063168218260701
1932,0DA8A07267,자애**,,서울 성동구,인삼제품,성수,20170517,,성수동2가,서울특별시 성동구 성덕정길 79,서울특별시 성동구 성수동2가 344-5,37.53801957,127.0524643,0,0,1,0.03333333333333333,0.0009191392822976143
1933,1F803A0080,진식*,,서울 성동구,백반/가정식,성수,20200827,,성수동2가,서울특별시 성동구 성덕정길 80,서울특별시 성동구 성수동2가 501-4,37.53777858,127.0523979,0,0,0,0.0,0.000903934366730854
1934,7F2B4924B4,마블*****,,서울 성동구,축산물,성수,20240516,,성수동2가,서울특별시 성동구 성덕정길 82,서울특별시 성동구 성수동2가 501-3,37.5377771,127.0524919,0,0,0,0.0,0.0009043500429265531
1935,224FBAD80C,지수**,,서울 성동구,베이커리,성수,20200327,,성수동2가,서울특별시 성동구 성덕정길 91,서울특별시 성동구 성수동2가 339-11,37.53782136,127.053646,0,0,1,0.03333333333333333,0.0009133794383499713
1936,355A49D07D,씨장*********,,서울 성동구,베이커리,성수,20240222,,성수동2가,서울특별시 성동구 성덕정길 92,서울특별시 성동구 성수동2가 532-38,37.53751575,127.053621,0,0,0,0.0,0.00089571770531123
1937,9D837FF7F3,왕족*,,서울 성동구,한식-육류/고기,성수,20170911,,성수동2가,서울특별시 성동구 성덕정길 93,서울특별시 성동구 성수동2가 335-147,37.53772969,127.0539281,0,0,1,0.03333333333333333,0.0009096569658402365
1938,D29AB82613,내고******,,서울 성동구,한식-육류/고기,성수,20210129,,성수동2가,서울특별시 성동구 성덕정길 93,서울특별시 성동구 성수동2가 335-147,37.53772969,127.0539281,0,0,1,0.03333333333333333,0.0009096569658402365
1939,C53BCF7844,수제*****,,서울 성동구,한식-단품요리일반,성수,20230802,,성수동2가,서울특별시 성동구 성덕정길 94,서울특별시 성동구 성수동2가 532-21,37.5375623,127.0538994,0,0,0,0.0,0.0009000210969870116
1940,BFDC273AED,언니**,,서울 성동구,커피전문점,성수,20190710,,성수동2가,서울특별시 성동구 성덕정길 98,서울특별시 성동구 성수동2가 532-8,37.53743167,127.0544424,0,0,0,0.0,0.0008963107811550836
1941,A7882F4EF8,참참**,치킨29,서울 성동구,치킨,성수,20220118,,성수동2가,서울특별시 성동구 성덕정길 99,서울특별시 성동구 성수동2가 335-141,37.53759521,127.0546237,0,0,1,0.03333333333333333,0.0009062544336320462
1942,4182680D90,붕어***,,서울 성동구,베이커리,성수,20231208,,성수동2가,서울특별시 성동구 성덕정길 99,서울특별시 성동구 성수동2가 335-141,37.53759521,127.0546237,0,0,1,0.03333333333333333,0.0009062544336320462
1943,00803E9174,포도****,,서울 성동구,양식,성수,20240208,,성수동2가,서울특별시 성동구 성수이로 18,서울특별시 성동구 성수동2가 538-3,37.53676454,127.0541319,0,0,0,0.0,0.0008603467427444492
1944,770CC873E4,글리*,,서울 성동구,카페,성수,20221025,,성수동2가,서울특별시 성동구 성수이로 18,서울특별시 성동구 성수동2가 538-3,37.53676454,127.0541319,0,0,0,0.0,0.0008603467427444492
1945,0CD2370AA8,호식**********,치킨38,서울 성동구,치킨,성수,20170727,,성수동2가,서울특별시 성동구 성수이로 23,서울특별시 성동구 성수동2가 532-17,37.53732535,127.0540708,0,0,0,0.0,0.0008882288208972167
1946,A2DEC8B8B8,양일**,,서울 성동구,식료품,성수,20171026,,성수동2가,서울특별시 성동구 성수이로 29,서울특별시 성동구 성수동2가 335-70,37.53785143,127.0542785,0,0,1,0.03333333333333333,0.0009186692469033223
1947,7B8E77F9B2,뚝도**,,서울 성동구,한식-육류/고기,성수,20240513,,성수동2가,서울특별시 성동구 성수이로 30,서울특별시 성동구 성수동2가 335-229,37.5377341,127.0545307,0,0,1,0.03333333333333333,0.0009133890161196944
1948,49DD179441,감닭****,,서울 성동구,한식-육류/고기,성수,20190617,,성수동2가,서울특별시 성동구 성수이로 33,서울특별시 성동구 성수동2가 335-47,37.53819761,127.0544449,0,0,1,0.03333333333333333,0.0009402813775937357
1949,9B061FC959,홀리******,,서울 성동구,치킨,성수,20231019,,성수동2가,서울특별시 성동구 성수이로 35,서울특별시 성동구 성수동2가 335-162,37.53843553,127.0545248,0,0,1,0.03333333333333333,0.0009557493460194518
1950,BBD8478BE6,성수******,,서울 성동구,식품 제조,성수,20221027,,성수동2가,서울특별시 성동구 성수이로 35,서울특별시 성동구 성수동2가 335-162,37.53843553,127.0545248,0,0,1,0.03333333333333333,0.0009557493460194518
1951,8150B24EAD,신기*****,,서울 성동구,일식당,성수,20231103,,성수동2가,서울특별시 성동구 성수이로 37,서울특별시 성동구 성수동2가 335-161,37.53859247,127.0545511,0,0,1,0.03333333333333333,0.0009662523660312675
1952,48F3AA695A,현방******,,서울 성동구,한식-육류/고기,성수,20210709,,성수동2가,서울특별시 성동구 성수이로 39,서울특별시 성동구 성수동2가 335-160,37.53869626,127.0545765,0,0,1,0.03333333333333333,0.0009734300889934478
1953,4018B532A8,탐앤********,카페13,서울 성동구,카페,성수,20200131,,성수동2가,서울특별시 성동구 성수이로 51,서울특별시 성동구 성수동2가 325-2,37.54027646,127.055101,0,1,1,0.09333333333333332,0.00111165709341232
1954,F9740CF3C4,갈*,,서울 성동구,한식-냉면,성수,20210503,,성수동2가,서울특별시 성동구 성수이로 51,서울특별시 성동구 성수동2가 325-2,37.54027646,127.055101,0,1,1,0.09333333333333332,0.00111165709341232
1955,0B5E2CA162,남영*********,,서울 성동구,백반/가정식,성수,20230425,,성수동2가,서울특별시 성동구 성수이로 51,서울특별시 성동구 성수동2가 325-2,37.54027646,127.055101,0,1,1,0.09333333333333332,0.00111165709341232
1956,095A791091,담소***************,한식-단품요리일반3,서울 성동구,한식-단품요리일반,성수,20220304,,성수동2가,서울특별시 성동구 성수이로 51,서울특별시 성동구 성수동2가 325-2,37.54027646,127.055101,0,1,1,0.09333333333333332,0.00111165709341232
1957,E4C901B00D,성수****,,서울 성동구,중식당,성수,20190228,,성수동2가,서울특별시 성동구 성수이로 65,서울특별시 성동구 성수동2가 309-148,37.54097538,127.0554447,0,1,1,0.09333333333333332,0.0012076692004518801
1958,C07C0292B5,더블********,,서울 성동구,식료품,성수,20230126,,성수동2가,서울특별시 성동구 성수이로 66,서울특별시 성동구 성수동2가 323,37.54061871,127.0561318,0,1,1,0.09333333333333332,0.0011547487593493264
1959,F0A284DA09,기*,,서울 성동구,일식당,성수,20240308,,성수동2가,서울특별시 성동구 성수이로 66,서울특별시 성동구 성수동2가 323,37.54061871,127.0561318,0,1,1,0.09333333333333332,0.0011547487593493264
1960,3EA2263A90,성수**,,서울 성동구,한식-육류/고기,성수,20210722,,성수동2가,서울특별시 성동구 성수이로 71,서울특별시 성동구 성수동2가 320-5,37.54161552,127.0558792,0,1,1,0.09333333333333332,0.0013262889477050617
1961,47B04D5AF9,페이**,,서울 성동구,양식,성수,20220711,,성수동2가,서울특별시 성동구 성수이로 75,서울특별시 성동구 성수동2가 320-1,37.54182407,127.0559293,0,1,1,0.09333333333333332,0.0013749746514165283
1962,C1FA7755FC,사람************,백반/가정식12,서울 성동구,백반/가정식,성수,20190529,20250729.0,성수동2가,서울특별시 성동구 성수이로 90,서울특별시 성동구 성수동2가 317-15,37.54296529,127.056848,1,1,1,0.26,0.0017448184298652961
1963,6DFE8B7651,카페******************,,서울 성동구,카페,성수,20190308,,성수동1가,서울특별시 성동구 성수일로 10,서울특별시 성동구 성수동1가 72-8,37.54127806,127.0488281,0,1,3,0.16,0.0012685104133395523
1964,40F82EA1A1,스시**,,서울 성동구,일식당,성수,20220214,,성수동1가,서울특별시 성동구 성수일로 10,서울특별시 성동구 성수동1가 72-8,37.54127806,127.0488281,0,1,3,0.16,0.0012685104133395523
1965,85A3A72B48,푸라*******,한식-육류/고기29,서울 성동구,한식-육류/고기,성수,20210609,,성수동1가,서울특별시 성동구 성수일로 10,서울특별시 성동구 성수동1가 72-8,37.54127806,127.0488281,0,1,3,0.16,0.0012685104133395523
1966,DA9FEE893A,누메*****,,서울 성동구,양식,성수,20200302,,성수동1가,서울특별시 성동구 성수일로 21,서울특별시 성동구 성수동1가 656-1661,37.54253349,127.0486758,0,1,3,0.16,0.0014772243631393748
1967,C47DE85D62,매*,,서울 성동구,식료품,뚝섬,20231019,,성수동1가,서울특별시 성동구 성수일로 27,서울특별시 성동구 성수동1가 22-27,37.54380838,127.0478538,0,2,3,0.22,0.0018193362087708536
1968,966680A20F,메가***********,커피전문점2,서울 성동구,커피전문점,뚝섬,20210319,,성수동1가,서울특별시 성동구 성수일로 39,서울특별시 성동구 성수동1가 22-5,37.54423686,127.0492559,0,2,3,0.22,0.0016593699527321173
1969,505C1CCC24,오레***,,서울 성동구,일식당,,20190424,,성수동1가,서울특별시 성동구 성수일로 47,서울특별시 성동구 성수동1가 16-8,37.54473662,127.0495183,0,2,3,0.22,0.001698484953553446
1970,102BD17A37,더 *************,,서울 성동구,요리주점,,20191128,,성수동1가,서울특별시 성동구 성수일로 47,서울특별시 성동구 성수동1가 16-8,37.54473662,127.0495183,0,2,3,0.22,0.001698484953553446
1971,08336C3B85,담소**********,한식-단품요리일반3,서울 성동구,한식-단품요리일반,,20171215,20250702.0,성수동1가,서울특별시 성동구 성수일로 47,서울특별시 성동구 성수동1가 16-8,37.54473662,127.0495183,0,2,3,0.22,0.001698484953553446
1972,DA4547AB2F,풍년******,,서울 성동구,한식-육류/고기,성수,20201014,,성수동2가,서울특별시 성동구 성수일로 54,서울특별시 성동구 성수동2가 301-31,37.54513591,127.0502557,0,1,3,0.16,0.0016553695605394567
1973,A92743CA52,무브************,,서울 성동구,카페,성수,20200810,,성수동2가,서울특별시 성동구 성수일로 56,서울특별시 성동구 성수동2가 301-51,37.54533784,127.0504264,0,2,3,0.22,0.0016547002969097605
1974,DADB178866,김가***********,분식1,서울 성동구,분식,뚝섬,20181029,,성수동1가,서울특별시 성동구 성수일로 77,서울특별시 성동구 성수동1가 13-164,37.54740494,127.0503435,0,1,3,0.16,0.00173296397095996
1975,C7F49C4961,제이*,,서울 성동구,카페,뚝섬,20171018,,성수동1가,서울특별시 성동구 성수일로 89,서울특별시 성동구 성수동1가 13-189,37.54841794,127.050757,0,1,3,0.16,0.0015310730679660423
1976,510366DAA4,일차**,,서울 성동구,백반/가정식,뚝섬,20230628,,성수동1가,서울특별시 성동구 성수일로 95,서울특별시 성동구 성수동1가 13-194,37.54885447,127.0511798,0,1,2,0.12666666666666665,0.0014215409521340307
1977,04A4FBD34D,턴업********,,서울 성동구,한식-단품요리일반,뚝섬,20210325,,성수동1가,서울특별시 성동구 성수일로 95,서울특별시 성동구 성수동1가 13-194,37.54885447,127.0511798,0,1,2,0.12666666666666665,0.0014215409521340307
1978,5A9FD5F5CD,김밥**,분식4,서울 성동구,분식,뚝섬,20191122,,성수동1가,서울특별시 성동구 성수일로 99,서울특별시 성동구 성수동1가 13-207,37.54947012,127.0511874,0,1,2,0.12666666666666665,0.001354309429581821
1979,55D6CC671E,아로**,,서울 성동구,백반/가정식,뚝섬,20230330,,성수동1가,서울특별시 성동구 성수일로 99,서울특별시 성동구 성수동1가 13-207,37.54947012,127.0511874,0,1,2,0.12666666666666665,0.001354309429581821
1980,590A329DB9,소유*****,,서울 성동구,한식-단품요리일반,뚝섬,20241011,,성수동1가,서울특별시 성동구 성수일로 99,서울특별시 성동구 성수동1가 13-207,37.54947012,127.0511874,0,1,2,0.12666666666666665,0.001354309429581821
1981,54EA8467D3,한마***,,서울 성동구,축산물,,20230721,,송정동,서울특별시 성동구 송정12길 13,서울특별시 성동구 송정동 73-580,37.54957271,127.0666065,0,0,1,0.03333333333333333,0.0009874395221907205
1982,C372007CE6,신촌***,,서울 성동구,한식-단품요리일반,,20220531,,송정동,서울특별시 성동구 송정12길 14,서울특별시 성동구 송정동 66-5,37.54938514,127.0665863,0,0,1,0.03333333333333333,0.0009954366014552926
1983,90C54E3D50,더 ******,,서울 성동구,베이커리,,20241119,,송정동,서울특별시 성동구 송정길 80-3,서울특별시 성동구 송정동 73-979,37.55207702,127.0669575,0,0,0,0.0,0.0009145258608011311
1984,DA4DC755CB,송정**,,서울 성동구,커피전문점,,20230904,,송정동,서울특별시 성동구 송정길 82-3,서울특별시 성동구 송정동 73-971,37.55228704,127.0671096,0,0,0,0.0,0.0009204556022621585
1985,3F3F64EAED,어묵******,,서울 성동구,식료품,뚝섬,20220706,,성수동1가,서울특별시 성동구 아차산로 18,서울특별시 성동구 성수동1가 656-745,37.54718822,127.0473652,1,2,2,0.3533333333333333,0.13480639032039737
1986,735E70DD2F,죽이******,한식-죽3,서울 성동구,한식-죽,뚝섬,20241126,,성수동1가,서울특별시 성동구 아차산로 42,서울특별시 성동구 성수동1가 14-33,37.54643473,127.0491001,1,2,3,0.3866666666666666,0.002187424009087644
1987,7A666E6612,뚝도**,,서울 성동구,와인바,뚝섬,20221027,,성수동1가,서울특별시 성동구 아차산로 46,서울특별시 성동구 성수동1가 14-42,37.54631703,127.0493817,0,1,3,0.16,0.0020277627790060123
1988,E6BF54CE96,뚝섬******,커피전문점4,서울 성동구,커피전문점,뚝섬,20210827,,성수동1가,서울특별시 성동구 아차산로 48,서울특별시 성동구 성수동1가 14-51,37.54632148,127.0495136,0,1,3,0.16,0.0019778959183762218
1989,6C3EFED516,토마********,분식17,서울 성동구,분식,뚝섬,20220825,,성수동1가,서울특별시 성동구 아차산로 49,서울특별시 성동구 성수동1가 14-18,37.54678762,127.0500373,0,1,3,0.16,0.0018409938567394192
1990,B8C1E9F4C6,오*,,서울 성동구,카페,뚝섬,20230905,,성수동1가,서울특별시 성동구 아차산로 49,서울특별시 성동구 성수동1가 14-18,37.54678762,127.0500373,0,1,3,0.16,0.0018409938567394192
1991,474B033710,파스*******,커피전문점14,서울 성동구,커피전문점,뚝섬,20170918,,성수동1가,서울특별시 성동구 아차산로 49,서울특별시 성동구 성수동1가 14-18,37.54678762,127.0500373,0,1,3,0.16,0.0018409938567394192
1992,50A34DE644,매머***********,,서울 성동구,커피전문점,뚝섬,20201231,,성수동1가,서울특별시 성동구 아차산로 49,서울특별시 성동구 성수동1가 14-18,37.54678762,127.0500373,0,1,3,0.16,0.0018409938567394192
1993,F7CED7B6BD,밥플*****************,,서울 성동구,백반/가정식,뚝섬,20230425,,성수동1가,서울특별시 성동구 아차산로 49,서울특별시 성동구 성수동1가 14-18,37.54678762,127.0500373,0,1,3,0.16,0.0018409938567394192
1994,A1DD765AC4,오늘******,,서울 성동구,한식-찌개/전골,뚝섬,20240627,,성수동1가,서울특별시 성동구 아차산로 49,서울특별시 성동구 성수동1가 14-18,37.54678762,127.0500373,0,1,3,0.16,0.0018409938567394192
1995,1B0AE78A30,라쿵****,,서울 성동구,베이커리,뚝섬,20240517,,성수동1가,서울특별시 성동구 아차산로 54,서울특별시 성동구 성수동1가 14-72,37.54611818,127.0500408,0,1,3,0.16,0.0017954661815042495
1996,BF95976F07,파트**********,,서울 성동구,커피전문점,성수,20240314,,성수동2가,서울특별시 성동구 아차산로 66,서울특별시 성동구 성수동2가 301-3,37.54564707,127.0514439,0,2,3,0.22,0.001580559945828608
1997,202266AAE4,쿠키*,,서울 성동구,한식-단품요리일반,성수,20220421,20250728.0,성수동2가,서울특별시 성동구 아차산로 84,서울특별시 성동구 성수동2가 314-1,37.54505748,127.0534249,0,1,3,0.16,0.0017376987138084058
1998,7BB9A47821,생강********,,서울 성동구,분식,성수,20240903,,성수동2가,서울특별시 성동구 아차산로 87,서울특별시 성동구 성수동2가 300-87,37.54546374,127.0540078,1,1,2,0.29333333333333333,0.0018425038274863213
1999,0050D68B18,70**************,,서울 성동구,룸살롱/단란주점,성수,20230531,,성수동2가,서울특별시 성동구 아차산로 87,서울특별시 성동구 성수동2가 300-87,37.54546374,127.0540078,1,1,2,0.29333333333333333,0.0018425038274863213
2000,73FBCF7FB1,베스****,,서울 성동구,식료품,성수,20220908,,성수동2가,서울특별시 성동구 아차산로 92,서울특별시 성동구 성수동2가 314-5,37.54475239,127.0542425,1,1,2,0.29333333333333333,0.0021128550257704043
2001,7FBBD87F5E,기왕***,,서울 성동구,한식-육류/고기,성수,20190306,,성수동2가,서울특별시 성동구 아차산로 92,서울특별시 성동구 성수동2가 314-5,37.54475239,127.0542425,1,1,2,0.29333333333333333,0.0021128550257704043
2002,0CF7026A60,고*,,서울 성동구,일식-덮밥/돈가스,성수,20191204,,성수동2가,서울특별시 성동구 아차산로 92,서울특별시 성동구 성수동2가 314-5,37.54475239,127.0542425,1,1,2,0.29333333333333333,0.0021128550257704043
2003,1025481D02,나이*****,,서울 성동구,담배,성수,20190531,,성수동2가,서울특별시 성동구 아차산로 96,서울특별시 성동구 성수동2가 314-6,37.54461633,127.0544553,1,1,2,0.29333333333333333,0.0022919575165928543
2004,CB17914E57,규카******,,서울 성동구,일식당,성수,20230821,20250716.0,성수동2가,서울특별시 성동구 아차산로 96,서울특별시 성동구 성수동2가 314-6,37.54461633,127.0544553,1,1,2,0.29333333333333333,0.0022919575165928543
2005,43B23BDD6B,홍콩***********,중식당9,서울 성동구,중식당,성수,20210812,,성수동2가,서울특별시 성동구 아차산로 96,서울특별시 성동구 성수동2가 314-6,37.54461633,127.0544553,1,1,2,0.29333333333333333,0.0022919575165928543
2006,180F6A644D,컴포********,커피전문점11,서울 성동구,커피전문점,성수,20190507,,성수동2가,서울특별시 성동구 아차산로 96,서울특별시 성동구 성수동2가 314-6,37.54461633,127.0544553,1,1,2,0.29333333333333333,0.0022919575165928543
2007,9B39FC5C56,광장**,,서울 성동구,한식-육류/고기,성수,20190909,,성수동2가,서울특별시 성동구 아차산로 96,서울특별시 성동구 성수동2가 314-6,37.54461633,127.0544553,1,1,2,0.29333333333333333,0.0022919575165928543
2008,6F46C2ECBD,보승*******,,서울 성동구,한식-국밥/설렁탕,성수,20240816,,성수동2가,서울특별시 성동구 아차산로 96,서울특별시 성동구 성수동2가 314-6,37.54461633,127.0544553,1,1,2,0.29333333333333333,0.0022919575165928543
2009,10320FAE94,투파********,,서울 성동구,양식,성수,20221125,,성수동2가,서울특별시 성동구 아차산로 97,서울특별시 성동구 성수동2가 300-5,37.54523248,127.0551237,1,1,2,0.29333333333333333,0.002689370848538622
2010,96CC46E113,따우******,,서울 성동구,카페,성수,20240730,,성수동2가,서울특별시 성동구 연무장1길 7,서울특별시 성동구 성수동2가 301-27,37.54464168,127.0503161,0,2,3,0.22,0.001597417104268154
2011,404C43C6FA,마야******,,서울 성동구,양식,성수,20240626,,성수동2가,서울특별시 성동구 연무장3길 3,서울특별시 성동구 성수동2가 301-99,37.54397625,127.051266,0,2,3,0.22,0.0014870811080010902
2012,2445E4D19D,로우*,,서울 성동구,카페,성수,20180703,,성수동2가,서울특별시 성동구 연무장3길 6,서울특별시 성동구 성수동2가 302-16,37.5441964,127.0515792,0,2,3,0.22,0.001506834867156221
2013,108EC801B1,성수******,,서울 성동구,한식-감자탕,성수,20170424,,성수동2가,서울특별시 성동구 연무장7길 4,서울특별시 성동구 성수동2가 315-54,37.54300032,127.0546065,0,1,2,0.12666666666666665,0.0017056648861845897
2014,9A37DEDA8A,소문**************,,서울 성동구,한식-감자탕,성수,20220829,,성수동2가,서울특별시 성동구 연무장7길 4,서울특별시 성동구 성수동2가 315-54,37.54300032,127.0546065,0,1,2,0.12666666666666665,0.0017056648861845897
2015,C950C04B17,노다*,,서울 성동구,식료품,성수,20190524,,성수동2가,서울특별시 성동구 연무장7길 5,서울특별시 성동구 성수동2가 316-61,37.54323803,127.054349,0,1,2,0.12666666666666665,0.001746562729593734
2016,B671472E12,토원****,,서울 성동구,백반/가정식,성수,20190821,,성수동2가,서울특별시 성동구 연무장7길 7,서울특별시 성동구 성수동2가 316-60,37.54336343,127.0543993,1,1,2,0.29333333333333333,0.001812214996530086
2017,A1B1D7C33E,핵밥****,,서울 성동구,일식-덮밥/돈가스,성수,20231129,,성수동2가,서울특별시 성동구 연무장7길 7,서울특별시 성동구 성수동2가 316-60,37.54336343,127.0543993,1,1,2,0.29333333333333333,0.001812214996530086
2018,56AB36BDAF,메탈***,,서울 성동구,카페,성수,20230809,,성수동2가,서울특별시 성동구 연무장7길 8,서울특별시 성동구 성수동2가 315-32,37.54330153,127.0545912,1,1,2,0.29333333333333333,0.0018407159664890365
2019,A3298F3389,태*,,서울 성동구,백반/가정식,성수,20240708,,성수동2가,서울특별시 성동구 연무장9길 4,서울특별시 성동구 성수동2가 315-11,37.54269578,127.055962,0,1,1,0.09333333333333332,0.0016860169972742415
2020,3B2E13DA95,디엑*********,,서울 성동구,한식-단품요리일반,성수,20230329,,성수동2가,서울특별시 성동구 연무장9길 4,서울특별시 성동구 성수동2가 315-11,37.54269578,127.055962,0,1,1,0.09333333333333332,0.0016860169972742415
2021,E5B4CAB28C,핌피***,,서울 성동구,양식,성수,20240419,,성수동2가,서울특별시 성동구 연무장9길 6,서울특별시 성동구 성수동2가 315-12,37.54283247,127.0559412,1,1,1,0.26,0.0017616980204134068
2022,37AA28CAF8,스테*,,서울 성동구,카페,성수,20210909,,성수동2가,서울특별시 성동구 연무장9길 6,서울특별시 성동구 성수동2가 315-12,37.54283247,127.0559412,1,1,1,0.26,0.0017616980204134068
2023,6958CB3DC0,이로*,,서울 성동구,이자카야,성수,20190409,,성수동1가,서울특별시 성동구 연무장길 12,서울특별시 성동구 성수동1가 16-27,37.54371488,127.0508139,0,2,3,0.22,0.0014723643052278249
2024,B8D4C536C4,뮤직******,,서울 성동구,한식-단품요리일반,성수,20240311,,성수동1가,서울특별시 성동구 연무장길 12,서울특별시 성동구 성수동1가 16-27,37.54371488,127.0508139,0,2,3,0.22,0.0014723643052278249
2025,FC4D2DC52C,롤앤*,,서울 성동구,기타세계요리,성수,20230711,,성수동1가,서울특별시 성동구 연무장길 14,서울특별시 성동구 성수동1가 16-19,37.54362529,127.0510882,0,1,3,0.16,0.0014552017775407915
2026,19C9B789DA,이오*,,서울 성동구,양식,성수,20200729,,성수동1가,서울특별시 성동구 연무장길 18,서울특별시 성동구 성수동1가 16-39,37.54352074,127.0513765,0,1,3,0.16,0.0014433822253455105
2027,23F50506A9,칸토*******,,서울 성동구,한식-단품요리일반,성수,20200120,,성수동1가,서울특별시 성동구 연무장길 20,서울특별시 성동구 성수동1가 16-40,37.54350121,127.0515502,0,1,3,0.16,0.0014435525298117547
2028,2A4B681277,기러******,,서울 성동구,양식,성수,20220228,,성수동2가,서울특별시 성동구 연무장길 38,서울특별시 성동구 성수동2가 310-64,37.54285838,127.0534827,0,1,3,0.16,0.0014884277711904796
2029,F6B42598BE,길동**,,서울 성동구,일식-우동/소바/라면,성수,20180723,,성수동2가,서울특별시 성동구 연무장길 44,서울특별시 성동구 성수동2가 310-7,37.54271918,127.0540716,0,1,2,0.12666666666666665,0.0015283870172100047
2030,D5D64A7CE8,초이*******,,서울 성동구,일식당,성수,20230420,,성수동2가,서울특별시 성동구 연무장길 50,서울특별시 성동구 성수동2가 321-7,37.5424988,127.0548378,0,1,1,0.09333333333333332,0.0015446462462516384
2031,8D4E12726C,소프**,,서울 성동구,아이스크림/빙수,성수,20230421,,성수동2가,서울특별시 성동구 연무장길 54,서울특별시 성동구 성수동2가 321-91,37.54238935,127.0551899,0,1,1,0.09333333333333332,0.0015317943624131732
2032,680E102527,헤이**,,서울 성동구,피자,성수,20190104,,성수동2가,서울특별시 성동구 연무장길 60,서울특별시 성동구 성수동2가 320-1,37.54219568,127.0558555,0,1,1,0.09333333333333332,0.0014819545389748883
2033,0B08F64E3F,32******,,서울 성동구,요리주점,성수,20170615,,성수동2가,서울특별시 성동구 연무장길 60,서울특별시 성동구 성수동2가 320-1,37.54219568,127.0558555,0,1,1,0.09333333333333332,0.0014819545389748883
2034,3183771CC5,성수**,,서울 성동구,한식-국수/만두,성수,20231122,,성수동2가,서울특별시 성동구 연무장길 60,서울특별시 성동구 성수동2가 320-1,37.54219568,127.0558555,0,1,1,0.09333333333333332,0.0014819545389748883
2035,693A6576E9,매머**************,,서울 성동구,커피전문점,성수,20210205,,성수동2가,서울특별시 성동구 연무장길 76,서울특별시 성동구 성수동2가 322-1,37.54150597,127.0575266,0,1,1,0.09333333333333332,0.0012569085152207419
2036,335B38273C,아쿠***************,,서울 성동구,카페,성수,20210615,,성수동2가,서울특별시 성동구 연무장길 81,서울특별시 성동구 성수동2가 271-24,37.54169627,127.0582472,0,1,1,0.09333333333333332,0.0012486282121824074
2037,434671439E,러프**,,서울 성동구,카페,성수,20211019,,성수동2가,서울특별시 성동구 연무장길 81,서울특별시 성동구 성수동2가 271-24,37.54169627,127.0582472,0,1,1,0.09333333333333332,0.0012486282121824074
2038,895BBD5C5B,퍼프************,,서울 성동구,카페,,20230523,,성수동2가,서울특별시 성동구 연무장길 84,서울특별시 성동구 성수동2가 271-19,37.5413889,127.0585203,0,1,1,0.09333333333333332,0.0011971050888430277
2039,C3BF4915D5,칠칠********************,,서울 성동구,양식,,20220411,,성수동2가,서울특별시 성동구 연무장길 94,서울특별시 성동구 성수동2가 272-30,37.5410797,127.0595397,0,0,1,0.03333333333333333,0.001148754735032149
2040,7A29E2FB9F,로우*****,,서울 성동구,커피전문점,,20200611,,성수동2가,서울특별시 성동구 연무장길 94,서울특별시 성동구 성수동2가 272-30,37.5410797,127.0595397,0,0,1,0.03333333333333333,0.001148754735032149
2041,6667AD4338,대흥*****,,서울 성동구,한식-육류/고기,,20191129,,성수동1가,서울특별시 성동구 왕십리로 16,서울특별시 성동구 성수동1가 718,37.53925787,127.0446715,0,1,1,0.09333333333333332,0.0010834627877128317
2042,2CB43F0D78,삼청********,,서울 성동구,한식-단품요리일반,,20230518,,성수동1가,서울특별시 성동구 왕십리로 50,서울특별시 성동구 성수동1가 656-335,37.54190002,127.0449756,1,1,2,0.29333333333333333,0.0018409727360015338
2043,C3D51FA850,소랑**,,서울 성동구,양식,,20200818,,성수동1가,서울특별시 성동구 왕십리로 58,서울특별시 성동구 성수동1가 656-3,37.54269588,127.0452053,1,1,2,0.29333333333333333,0.0026615630966841854
2044,32425BE27F,도쎄***,,서울 성동구,양식,,20210712,20230530.0,성수동1가,서울특별시 성동구 왕십리로 58,서울특별시 성동구 성수동1가 656-3,37.54269588,127.0452053,1,1,2,0.29333333333333333,0.0026615630966841854
2045,43A4217D54,도쎄***,,서울 성동구,양식,,20230530,,성수동1가,서울특별시 성동구 왕십리로 58,서울특별시 성동구 성수동1가 656-3,37.54269588,127.0452053,1,1,2,0.29333333333333333,0.0026615630966841854
2046,B162012869,스낵****,,서울 성동구,일식당,,20230816,,성수동1가,서울특별시 성동구 왕십리로 58,서울특별시 성동구 성수동1가 656-3,37.54269588,127.0452053,1,1,2,0.29333333333333333,0.0026615630966841854
2047,B021B15DA5,프랭*********,,서울 성동구,햄버거,,20240701,,성수동1가,서울특별시 성동구 왕십리로 58,서울특별시 성동구 성수동1가 656-3,37.54269588,127.0452053,1,1,2,0.29333333333333333,0.0026615630966841854
2048,936ABF3C7F,육*,,서울 성동구,한식-육류/고기,,20240104,,성수동1가,서울특별시 성동구 왕십리로 58,서울특별시 성동구 성수동1가 656-3,37.54269588,127.0452053,1,1,2,0.29333333333333333,0.0026615630966841854
2049,9A27CDDD2A,서울******,,서울 성동구,커피전문점,,20200423,,성수동1가,서울특별시 성동구 왕십리로 64,서울특별시 성동구 성수동1가 656-465,37.54329527,127.0448378,1,2,2,0.3533333333333333,0.006115103695888081
2050,FAB0188A01,비엔************,카페6,서울 성동구,카페,,20200217,,성수동1가,서울특별시 성동구 왕십리로 66,서울특별시 성동구 성수동1가 656-447,37.54347883,127.0450042,1,2,2,0.3533333333333333,0.007334575238147489
2051,D5845DCD06,멀티*******,,서울 성동구,커피전문점,뚝섬,20230829,,성수동1가,서울특별시 성동구 왕십리로 84,서울특별시 성동구 성수동1가 658-9,37.54516152,127.0450436,1,2,2,0.3533333333333333,0.0023671642551009956
2052,95697BBAEC,배스**********,아이스크림/빙수1,서울 성동구,아이스크림/빙수,뚝섬,20241114,,성수동1가,서울특별시 성동구 왕십리로 94,서울특별시 성동구 성수동1가 661-4,37.54587605,127.044961,0,2,2,0.18666666666666665,0.002153470764250363
2053,B5985767EC,용답**,,서울 성동구,농산물,답십리,20230207,,용답동,서울특별시 성동구 용답15길 14,서울특별시 성동구 용답동 55-1,37.56429174,127.0519473,0,2,2,0.18666666666666665,0.002084396820034224
2054,E9CCC6C53D,용답*****,,서울 성동구,식료품,답십리,20190723,,용답동,서울특별시 성동구 용답15길 14,서울특별시 성동구 용답동 55-1,37.56429174,127.0519473,0,2,2,0.18666666666666665,0.002084396820034224
2055,9FF4B1EA10,미스********,,서울 성동구,일식당,답십리,20240618,,용답동,서울특별시 성동구 용답19길 10,서울특별시 성동구 용답동 48-11,37.56296484,127.0521397,1,2,2,0.3533333333333333,0.002327825955262186
2056,0AF7BD60A5,카페***,,서울 성동구,카페,답십리,20200928,,용답동,서울특별시 성동구 용답19길 11,서울특별시 성동구 용답동 49-17,37.56328318,127.0521161,1,2,2,0.3533333333333333,0.0022073328488392443
2057,DBC4830070,경성*******,,서울 성동구,요리주점,답십리,20240607,,용답동,서울특별시 성동구 용답19길 12,서울특별시 성동구 용답동 48-8,37.5631463,127.0523414,1,2,2,0.3533333333333333,0.0021791271216803484
2058,811C8862F1,코다******,,서울 성동구,한식-단품요리일반,답십리,20200824,,용답동,서울특별시 성동구 용답19길 13,서울특별시 성동구 용답동 49-12,37.56342863,127.0522478,0,2,2,0.18666666666666665,0.002131380506314634
2059,50E5564482,목포**,,서울 성동구,백반/가정식,답십리,20191029,,용답동,서울특별시 성동구 용답19길 14,서울특별시 성동구 용답동 48-6,37.56327274,127.0524885,0,2,2,0.18666666666666665,0.0021016061337713657
2060,5840B960CE,인생***,,서울 성동구,치킨,답십리,20200428,,용답동,서울특별시 성동구 용답19길 15,서울특별시 성동구 용답동 49-8,37.56355435,127.0523872,0,2,2,0.18666666666666665,0.0020762829746369155
2061,2B2AD47693,김뚜************,,서울 성동구,한식-찌개/전골,답십리,20240821,,용답동,서울특별시 성동구 용답19길 17,서울특별시 성동구 용답동 49-4,37.56366239,127.0525673,0,2,2,0.18666666666666665,0.0020280117734085925
2062,420DCCAD41,양평***,한식-국밥/설렁탕9,서울 성동구,한식-국밥/설렁탕,답십리,20200623,,용답동,서울특별시 성동구 용답19길 18,서울특별시 성동구 용답동 48-2,37.56352723,127.0527789,0,2,2,0.18666666666666665,0.0019951424967541475
2063,A1886B3C8E,컨티*************************,,서울 성동구,카페,답십리,20220728,20250801.0,용답동,서울특별시 성동구 용답23길 19,서울특별시 성동구 용답동 43-8,37.5623645,127.0537733,0,2,2,0.18666666666666665,0.0017600421452241635
2064,61574AF3E1,공유************,,서울 성동구,카페,답십리,20220816,20250107.0,용답동,서울특별시 성동구 용답25길 22,서울특별시 성동구 용답동 45-14,37.56236983,127.0527472,1,2,2,0.3533333333333333,0.0021687826781956023
2065,B64B92DCCE,사이*************,,서울 성동구,식료품,답십리,20230329,,용답동,서울특별시 성동구 용답25길 27,서울특별시 성동구 용답동 41-10,37.56264148,127.0521192,1,2,2,0.3533333333333333,0.0025141593976429895
2066,36BBE40E4D,나으*,,서울 성동구,백반/가정식,답십리,20171101,,용답동,서울특별시 성동구 용답29길 15,서울특별시 성동구 용답동 12-3,37.56401031,127.0544461,0,2,2,0.18666666666666665,0.0017063091772833397
2067,4076B62091,또봉***,치킨17,서울 성동구,치킨,답십리,20240425,,용답동,서울특별시 성동구 용답29길 19,서울특별시 성동구 용답동 13-2,37.56425724,127.0541198,0,2,2,0.18666666666666665,0.0017912231767227011
2068,F8EB6EC7ED,용답**,,서울 성동구,호프/맥주,답십리,20231025,,용답동,서울특별시 성동구 용답29길 26,서울특별시 성동구 용답동 65-9,37.56484725,127.0536502,0,2,2,0.18666666666666665,0.002002332671121757
2069,C068094A9E,불티**,,서울 성동구,한식-육류/고기,답십리,20220707,,용답동,서울특별시 성동구 용답29길 26,서울특별시 성동구 용답동 65-9,37.56484725,127.0536502,0,2,2,0.18666666666666665,0.002002332671121757
2070,A364FF986F,한스****************,,서울 성동구,일반 유흥주점,답십리,20240509,,용답동,서울특별시 성동구 용답29길 32,서울특별시 성동구 용답동 65-1,37.56517396,127.0532247,1,2,2,0.3533333333333333,0.0022299099883143552
2071,36E3A686C1,코코***,,서울 성동구,카페,금남시장,20211019,,금호동3가,서울특별시 성동구 장터5가길 6,서울특별시 성동구 금호동3가 458,37.5490117,127.0216842,0,0,2,0.06666666666666667,0.0012984372440246002
2072,95E0DF59CC,키친***************,,서울 성동구,양식,금남시장,20191128,,금호동3가,서울특별시 성동구 장터5길 9-1,서울특별시 성동구 금호동3가 981-6,37.54917042,127.021345,0,1,2,0.12666666666666665,0.0013290064039366673
2073,2D1CF66EC7,오남***,,서울 성동구,한식-육류/고기,,20171110,,금호동3가,서울특별시 성동구 장터길 13-1,서울특별시 성동구 금호동3가 1392,37.54844883,127.0174019,1,1,3,0.32666666666666666,0.002379610395307739
2074,BE122C35E1,이유**********,,서울 성동구,한식-단품요리일반,,20230307,,금호동3가,서울특별시 성동구 장터길 13-1,서울특별시 성동구 금호동3가 1392,37.54844883,127.0174019,1,1,3,0.32666666666666666,0.002379610395307739
2075,502C539374,좋은*******,,서울 성동구,카페,,20200914,,금호동4가,서울특별시 성동구 장터길 14-1,서울특별시 성동구 금호동4가 1435,37.54825287,127.0173599,1,1,3,0.32666666666666666,0.0024765536898848787
2076,14B24AF78E,먼치*,,서울 성동구,햄버거,,20201112,,금호동4가,서울특별시 성동구 장터길 14-2,서울특별시 성동구 금호동4가 1434,37.54823231,127.0174722,1,1,3,0.32666666666666666,0.002379480743121284
2077,4546CB7E88,금호****,,서울 성동구,요리주점,,20230331,,금호동3가,서울특별시 성동구 장터길 15-2,서울특별시 성동구 금호동3가 1387-7,37.54844004,127.0177096,1,1,3,0.32666666666666666,0.0021679148039170895
2078,4A46FE0E71,돈*,,서울 성동구,양식,,20230405,,금호동3가,서울특별시 성동구 장터길 17-1,서울특별시 성동구 금호동3가 1387-9,37.54843787,127.0178029,1,1,3,0.32666666666666666,0.0021150006333830024
2079,5AD0940FDD,백억*******,,서울 성동구,카페,,20231107,,금호동3가,서울특별시 성동구 장터길 17-2,서울특별시 성동구 금호동3가 1387-10,37.54843353,127.0178591,1,1,3,0.32666666666666666,0.002085727589853886
2080,4FAFEFC9D2,퇴근***,,서울 성동구,요리주점,,20171117,,금호동3가,서울특별시 성동구 장터길 21-1,서울특별시 성동구 금호동3가 1302,37.54853671,127.0183445,0,1,3,0.16,0.0018664056622593583
2081,AF043B6773,춘리*********,,서울 성동구,중식당,금남시장,20230323,,금호동4가,서울특별시 성동구 장터길 22-2,서울특별시 성동구 금호동4가 1383,37.54820928,127.0184485,0,1,3,0.16,0.0018568283174517145
2082,1BC191ACDA,베쌀*,,서울 성동구,동남아/인도음식,금남시장,20171123,,금호동3가,서울특별시 성동구 장터길 27-1,서울특별시 성동구 금호동3가 1295,37.54842183,127.0189881,0,1,3,0.16,0.0016916737839783535
2083,24CE0F822B,쉼*,,서울 성동구,양식,금남시장,20190508,,금호동3가,서울특별시 성동구 장터길 27-2,서울특별시 성동구 금호동3가 1292,37.54842767,127.0190804,0,1,3,0.16,0.0016700300912306644
2084,11917ED05B,백채*****,한식-찌개/전골1,서울 성동구,한식-찌개/전골,금남시장,20180611,,금호동3가,서울특별시 성동구 장터길 27-2,서울특별시 성동구 금호동3가 1292,37.54842767,127.0190804,0,1,3,0.16,0.0016700300912306644
2085,37EDF0B2C1,쿠*,,서울 성동구,이자카야,금남시장,20190715,,금호동4가,서울특별시 성동구 장터길 28-1,서울특별시 성동구 금호동4가 1378,37.5482318,127.0189953,0,1,3,0.16,0.0016979454906096043
2086,11191365FD,목화**,,서울 성동구,카페,금남시장,20181120,,금호동3가,서울특별시 성동구 장터길 29-1,서울특별시 성동구 금호동3가 1288,37.54848206,127.0192651,0,1,3,0.16,0.0016280329630610467
2087,52E7464F5E,올레*******,,서울 성동구,호프/맥주,금남시장,20241023,,금호동3가,서울특별시 성동구 장터길 29-1,서울특별시 성동구 금호동3가 1288,37.54848206,127.0192651,0,1,3,0.16,0.0016280329630610467
2088,C719A39BCF,다락*,,서울 성동구,요리주점,금남시장,20170504,,금호동4가,서울특별시 성동구 장터길 30-1,서울특별시 성동구 금호동4가 1201,37.54820716,127.0192561,0,1,3,0.16,0.0016394963433409367
2089,AE732EF39B,쿨*,,서울 성동구,요리주점,금남시장,20190125,,금호동3가,서울특별시 성동구 장터길 35-1,서울특별시 성동구 금호동3가 894-1,37.54841481,127.0199963,0,1,3,0.16,0.0015018068278119059
2090,F0334CCD5D,큰집*******,,서울 성동구,포장마차,금남시장,20181120,,금호동3가,서울특별시 성동구 장터길 35-1,서울특별시 성동구 금호동3가 894-1,37.54841481,127.0199963,0,1,3,0.16,0.0015018068278119059
2091,B2672BB7CB,경성**,,서울 성동구,한식-육류/고기,금남시장,20240822,,금호동4가,서울특별시 성동구 장터길 36-2,서울특별시 성동구 금호동4가 1131-1,37.54823452,127.0199983,0,1,3,0.16,0.0015050786543040122
2092,9C602C8E96,주당**,,서울 성동구,요리주점,금남시장,20221024,,금호동3가,서울특별시 성동구 장터길 37-1,서울특별시 성동구 금호동3가 890-2,37.54840073,127.0201787,0,1,3,0.16,0.001475164925828233
2093,77CCF7C070,동네**,,서울 성동구,한식-해물/생선,금남시장,20200610,,금호동4가,서울특별시 성동구 장터길 38-1,서울특별시 성동구 금호동4가 1091,37.54808214,127.0201463,0,1,3,0.16,0.0014851487692962037
2094,4BCCEFE9EE,마라******,,서울 성동구,중식-훠궈/마라탕,금남시장,20210129,,금호동4가,서울특별시 성동구 장터길 38-1,서울특별시 성동구 금호동4가 1091,37.54808214,127.0201463,0,1,3,0.16,0.0014851487692962037
2095,3D35397FAB,호주*********,,서울 성동구,건강식품,금남시장,20241209,,금호동3가,서울특별시 성동구 장터길 41-1,서울특별시 성동구 금호동3가 817-1,37.54839435,127.0206004,0,1,2,0.12666666666666665,0.0014185670889395724
2096,499F3ECFD7,오늘****,,서울 성동구,한식-단품요리일반,금남시장,20220509,20250714.0,금호동3가,서울특별시 성동구 장터길 43-2,서울특별시 성동구 금호동3가 811,37.54848268,127.0208866,0,1,2,0.12666666666666665,0.0013827258775138591
2097,0E46A72EBB,땅스********,,서울 성동구,한식-단품요리일반,금남시장,20201007,,금호동3가,서울특별시 성동구 장터길 43-3,서울특별시 성동구 금호동3가 810,37.54840096,127.0209177,0,1,2,0.12666666666666665,0.0013799460462137572
2098,785B99118A,오츠**,,서울 성동구,이자카야,금남시장,20210319,,금호동4가,서울특별시 성동구 장터길 44-2,서울특별시 성동구 금호동4가 1110-2,37.5481731,127.0208667,0,1,3,0.16,0.0013884065371277982
2099,809AD8FA0F,계동*****,치킨5,서울 성동구,치킨,금남시장,20181016,,금호동3가,서울특별시 성동구 장터길 45-1,서울특별시 성동구 금호동3가 806,37.54839651,127.0210793,0,1,2,0.12666666666666665,0.0013614569032255248
2100,8C8645E2B5,데비*******,,서울 성동구,일반 유흥주점,옥수,20220114,,옥수동,서울특별시 성동구 한림말3길 2,서울특별시 성동구 옥수동 367-1,37.54169141,127.0169084,1,2,3,0.3866666666666666,0.007659561312641601
2101,A9897F7C55,옥수*****,,서울 성동구,주스,옥수,20240604,,옥수동,서울특별시 성동구 한림말길 24,서울특별시 성동구 옥수동 557,37.54052295,127.0137486,0,2,2,0.18666666666666665,0.001669565069923978
2102,8BFDD0339E,카페*******,,서울 성동구,카페,옥수,20231124,,옥수동,서울특별시 성동구 한림말길 31,서울특별시 성동구 옥수동 250-7,37.54107958,127.0145892,0,2,3,0.22,0.0019809984800295125
2103,BC088F9E92,동보*,,서울 성동구,중식당,옥수,20190610,,옥수동,서울특별시 성동구 한림말길 31,서울특별시 성동구 옥수동 250-7,37.54107958,127.0145892,0,2,3,0.22,0.0019809984800295125
2104,E684B115A0,우주**,,서울 성동구,백반/가정식,옥수,20210927,,옥수동,서울특별시 성동구 한림말길 31,서울특별시 성동구 옥수동 250-7,37.54107958,127.0145892,0,2,3,0.22,0.0019809984800295125
2105,3481C0108F,옥수**,,서울 성동구,일식-참치회,옥수,20170913,,옥수동,서울특별시 성동구 한림말길 33,서울특별시 성동구 옥수동 201-1,37.54094143,127.0147469,0,2,3,0.22,0.0020251070081408564
2106,D87CAF8855,옥수*****,,서울 성동구,분식,옥수,20240906,,옥수동,서울특별시 성동구 한림말길 37,서울특별시 성동구 옥수동 200-5,37.5410123,127.0150847,0,2,3,0.22,0.0021947616249593524
2107,239B67CD70,한남****,,서울 성동구,일식-초밥/롤,옥수,20240207,,옥수동,서울특별시 성동구 한림말길 37,서울특별시 성동구 옥수동 200-5,37.5410123,127.0150847,0,2,3,0.22,0.0021947616249593524
2108,EFC23E5401,오하****,,서울 성동구,베이커리,옥수,20170331,,옥수동,서울특별시 성동구 한림말길 48,서울특별시 성동구 옥수동 100,37.54101026,127.016197,1,2,3,0.3866666666666666,0.003111009133536405
2109,B7958D77E3,포몬*****,동남아/인도음식5,서울 성동구,동남아/인도음식,옥수,20200630,,옥수동,서울특별시 성동구 한림말길 56,서울특별시 성동구 옥수동 191-3,37.54094361,127.0172765,2,2,3,0.5533333333333333,0.004433997486285873
2110,8E1FCF09CD,남도*********,,서울 성동구,분식,,20230220,,금호동1가,서울특별시 성동구 행당로1길 7,서울특별시 성동구 금호동1가 167-49,37.55622715,127.023602,0,1,2,0.12666666666666665,0.0015554687968122223
2111,73EAEB36C5,스윗***,,서울 성동구,식료품,,20201224,,금호동1가,서울특별시 성동구 행당로1길 7,서울특별시 성동구 금호동1가 167-49,37.55622715,127.023602,0,1,2,0.12666666666666665,0.0015554687968122223
2112,3D972997F9,국가****,,서울 성동구,백반/가정식,,20200723,,금호동1가,서울특별시 성동구 행당로1길 7,서울특별시 성동구 금호동1가 167-49,37.55622715,127.023602,0,1,2,0.12666666666666665,0.0015554687968122223
2113,3C76B0425D,전기****,,서울 성동구,한식-단품요리일반,,20230803,,금호동1가,서울특별시 성동구 행당로1길 7,서울특별시 성동구 금호동1가 167-49,37.55622715,127.023602,0,1,2,0.12666666666666665,0.0015554687968122223
2114,178A3B9A58,달꽃*,,서울 성동구,농산물,,20230113,,금호동1가,서울특별시 성동구 행당로1길 8,서울특별시 성동구 금호동1가 167-51,37.55621658,127.0237685,0,1,2,0.12666666666666665,0.0015420143487504558
2115,A2D9C941A9,메가***********,커피전문점2,서울 성동구,커피전문점,,20220823,,금호동1가,서울특별시 성동구 행당로5길 2,서울특별시 성동구 금호동1가 168-65,37.55582853,127.0245797,0,2,2,0.18666666666666665,0.0014924201146166106
2116,24B47BE5E4,TH********,,서울 성동구,아이스크림/빙수,행당,20180612,,행당동,서울특별시 성동구 행당로8길 3,서울특별시 성동구 행당동 322-273,37.55745615,127.030162,1,1,4,0.36,0.004178583654573151
2117,768A5CD0A0,육연*,,서울 성동구,한식-단품요리일반,옥수,20120816,,옥수동,서울특별시 성동구 독서당로40길 39,서울특별시 성동구 옥수동 560,37.54170891,127.017975,2,2,3,0.5533333333333333,0.00503637794882956
2118,DB794CF0E3,빅토***,,서울 성동구,분식,마장동,20060105,,마장동,서울특별시 성동구 마장로29길 46-1,서울특별시 성동구 마장동 478-1,37.57010626,127.0370037,0,1,2,0.12666666666666665,0.0014130519709630164
2119,3C918D8F6A,동치*,,서울 성동구,한식-찌개/전골,뚝섬,20120423,,성수동1가,서울특별시 성동구 성수일로11길 11,서울특별시 성동구 성수동1가 13-187,37.54922988,127.0502277,0,1,3,0.16,0.0014851587700493538
2120,C8ECC49AA2,성수**,,서울 성동구,한식-해물/생선,성수,20120321,,성수동2가,서울특별시 성동구 성수일로12길 34,서울특별시 성동구 성수동2가 289-211,37.54755656,127.0544477,0,1,2,0.12666666666666665,0.0013724526351927546
2121,6F49465F62,옛날****,,서울 성동구,농산물,왕십리,20120924,,홍익동,서울특별시 성동구 왕십리로24길 29,서울특별시 성동구 홍익동 274-5,37.56517321,127.0343629,0,3,5,0.3466666666666667,0.0019510164225552263
2122,03360C97C5,레벤**,,서울 성동구,호프/맥주,답십리,20120607,,용답동,서울특별시 성동구 용답중앙11길 20,서울특별시 성동구 용답동 75-1,37.56641529,127.0525569,1,1,3,0.32666666666666666,0.00607092295400094
2123,1DF52E7C5F,배스****,아이스크림/빙수1,서울 성동구,아이스크림/빙수,답십리,20120523,,용답동,서울특별시 성동구 용답중앙15길 16,서울특별시 성동구 용답동 4-12,37.56469367,127.0541442,0,2,2,0.18666666666666665,0.0018594061824940742
2124,38277AF289,제인**,,서울 성동구,축산물,마장동,20091109,,마장동,서울특별시 성동구 고산자로24길 14-2,서울특별시 성동구 마장동 510-2,37.56977585,127.0390164,0,1,3,0.16,0.0015384839267874463
2125,946258597D,신숯***,,서울 성동구,한식-육류/고기,마장동,20151229,,마장동,서울특별시 성동구 고산자로24길 14-2,서울특별시 성동구 마장동 510-2,37.56977585,127.0390164,0,1,3,0.16,0.0015384839267874463
2126,EC8722B2DA,꾸리**,,서울 성동구,베이커리,,20110926,,송정동,서울특별시 성동구 광나루로11길 14-1,서울특별시 성동구 송정동 66-41,37.54926709,127.0662998,0,0,1,0.03333333333333333,0.0009929658075972384
2127,0A6388B8A5,슬로*******,,서울 성동구,피자,성수,20130529,,성수동2가,서울특별시 성동구 광나루로2길 34-17,서울특별시 성동구 성수동2가 299-231,37.54787172,127.054664,0,1,2,0.12666666666666665,0.0013167772713524352
2128,3864418FCC,노컷******************,,서울 성동구,백반/가정식,금남시장,20181029,,금호동4가,서울특별시 성동구 독서당로46가길 28,서울특별시 성동구 금호동4가 660,37.54739753,127.021352,0,1,2,0.12666666666666665,0.0013460661073183844
2129,16C1722BC0,디무*********,,서울 성동구,양식,,20151020,,금호동1가,서울특별시 성동구 독서당로51길 23-1,서울특별시 성동구 금호동1가 1777,37.5501314,127.0263779,0,0,2,0.06666666666666667,0.0011603963422161753
2130,2F35E163EB,촬*,,서울 성동구,한식-육류/고기,,20090427,,마장동,서울특별시 성동구 마장로27가길 27-6,서울특별시 성동구 마장동 573-1,37.56671297,127.0363213,0,0,5,0.16666666666666669,0.001678793549516122
2131,1ED630331D,송가******,,서울 성동구,한식-육류/고기,,20130130,,마장동,서울특별시 성동구 마장로27가길 27-6,서울특별시 성동구 마장동 573-1,37.56671297,127.0363213,0,0,5,0.16666666666666669,0.001678793549516122
2132,5099D60AF1,남원******,,서울 성동구,한식-국밥/설렁탕,성수,20130111,,성수동2가,서울특별시 성동구 성수일로12길 16-1,서울특별시 성동구 성수동2가 284-125,37.5485019,127.0528486,0,0,2,0.06666666666666667,0.001318558867161567
2133,925AC1B723,뽀식**,,서울 성동구,백반/가정식,,20160610,,성수동2가,서울특별시 성동구 아차산로17길 14-1,서울특별시 성동구 성수동2가 19-22,37.54356846,127.0641549,0,0,3,0.1,0.0012560470210240468
2134,2C1B90C392,레타*********,,서울 성동구,한식-단품요리일반,뚝섬,20200602,,성수동1가,서울특별시 성동구 왕십리로10길 19-2,서울특별시 성동구 성수동1가 656-686,37.54657197,127.0468345,1,2,2,0.3533333333333333,0.0035293107268156232
2135,8177FA0EF1,카페**,,서울 성동구,카페,뚝섬,20161012,,성수동1가,서울특별시 성동구 왕십리로14길 12-1,서울특별시 성동구 성수동1가 656-1122,37.54899092,127.0451265,0,1,3,0.16,0.001720695099802428
2136,28DC0855AC,비밀****,,서울 성동구,카페,뚝섬,20150330,,성수동1가,서울특별시 성동구 왕십리로14길 22-2,서울특별시 성동구 성수동1가 656-821,37.54842673,127.0460253,1,1,3,0.32666666666666666,0.0021108822807539757
2137,7EE617798C,자금*,,서울 성동구,중식당,뚝섬,20161208,,성수동1가,서울특별시 성동구 왕십리로14길 26-2,서울특별시 성동구 성수동1가 7-24,37.54837004,127.0462873,1,1,2,0.29333333333333333,0.002236742930037247
2138,FEBEA35A73,조박****,,서울 성동구,한식-육류/고기,왕십리,20060310,,도선동,서울특별시 성동구 왕십리로24길 10-1,서울특별시 성동구 도선동 159,37.56338099,127.0342357,0,4,5,0.4066666666666667,0.0024477498331564136
2139,A107D94EC1,만*,,서울 성동구,호프/맥주,왕십리,20140724,,도선동,서울특별시 성동구 왕십리로24길 13-1,서울특별시 성동구 도선동 201-2,37.56374718,127.0341171,0,4,4,0.3733333333333333,0.002303568534158857
2140,DA7C0F3255,성식******,,서울 성동구,한식-육류/고기,,20140822,,도선동,서울특별시 성동구 왕십리로24길 16-1,서울특별시 성동구 도선동 163,37.563769,127.034339,0,4,4,0.3733333333333333,0.002347234578683683
2141,0255C174CC,달구*,,서울 성동구,한식-육류/고기,왕십리,20140915,,도선동,서울특별시 성동구 왕십리로24나길 10,서울특별시 성동구 도선동 105,37.56395474,127.034838,0,4,5,0.4066666666666667,0.0024006149464611526
2142,67309EAD75,떡세*,,서울 성동구,백반/가정식,,20201005,,홍익동,서울특별시 성동구 왕십리로28길 28-1,서울특별시 성동구 홍익동 331,37.56615071,127.0320822,0,1,4,0.19333333333333333,0.001713260082665163
2143,20BF89EDFA,산수*******,,서울 성동구,한식-해물/생선,,20091223,,하왕십리동,서울특별시 성동구 왕십리로31가길 31,서울특별시 성동구 하왕십리동 946-39,37.56384756,127.0297668,1,1,5,0.3933333333333333,0.004047472981062316
2144,B51D3CC6E0,어울**,,서울 성동구,백반/가정식,,20161027,,하왕십리동,서울특별시 성동구 왕십리로31나길 24,서울특별시 성동구 하왕십리동 950-10,37.56290325,127.0285608,1,1,4,0.36,0.0022118263706127337
2145,1.71E+17,24*********,,서울 성동구,카페,,20170629,,하왕십리동,서울특별시 성동구 왕십리로31나길 33,서울특별시 성동구 하왕십리동 890-103,37.56353492,127.0286519,1,1,4,0.36,0.002847008369797018
2146,2143174547,슬로***,,서울 성동구,카페,답십리,20141125,,용답동,서울특별시 성동구 용답중앙13길 15-1,서울특별시 성동구 용답동 70-9,37.56559134,127.0531513,1,2,3,0.3866666666666666,0.002577002560860283
2147,83452EE395,하노********,,서울 성동구,요리주점,답십리,20160706,,용답동,서울특별시 성동구 용답중앙15길 10-1,서울특별시 성동구 용답동 14-5,37.56430366,127.053685,0,2,2,0.18666666666666665,0.001874822787389302
2148,45D355879A,스시**,,서울 성동구,일식당,,20231107,,용답동,서울특별시 성동구 용답중앙15길 15-6,서울특별시 성동구 용답동 61-4,37.56493498,127.0539004,0,2,2,0.18666666666666665,0.001973122206021117
2149,0FA542A8DB,대지**,,서울 성동구,카페,장한평자동차,20190625,,용답동,서울특별시 성동구 자동차시장1길 70,서울특별시 성동구 용답동 234,37.56036892,127.0651488,1,1,1,0.26,0.0021671859439291773
2150,9042A5401C,비바***,,서울 성동구,카페,장한평자동차,20181004,20250806.0,용답동,서울특별시 성동구 자동차시장1길 96,서울특별시 성동구 용답동 238-1,37.55987081,127.0684027,0,1,1,0.09333333333333332,0.0011882722785000333
2151,74E2CC9A6B,블랙**,,서울 성동구,카페,,20240409,,응봉동,서울특별시 성동구 고산자로 130,서울특별시 성동구 응봉동 228-20,37.55170539,127.0355392,0,1,1,0.09333333333333332,0.0017780239789603049
2152,8F2E3CF4D7,순한****,,서울 성동구,축산물,,20191209,,행당동,서울특별시 성동구 고산자로 164,서울특별시 성동구 행당동 349,37.55506876,127.0354241,0,0,6,0.2,0.0015121761314696972
2153,00646B6673,봉밀******,,서울 성동구,한식-냉면,,20220106,,행당동,서울특별시 성동구 고산자로 164,서울특별시 성동구 행당동 349,37.55506876,127.0354241,0,0,6,0.2,0.0015121761314696972
2154,C174E3CA47,깜닭**,치킨9,서울 성동구,치킨,,20240528,,행당동,서울특별시 성동구 고산자로 177,서울특별시 성동구 행당동 376,37.55573045,127.0335776,0,1,5,0.22666666666666668,0.0016149916973516945
2155,A9B8207363,드립*****,,서울 성동구,카페,,20230719,,행당동,서울특별시 성동구 고산자로 177,서울특별시 성동구 행당동 376,37.55573045,127.0335776,0,1,5,0.22666666666666668,0.0016149916973516945
2156,4BA019BAEF,케키*******,,서울 성동구,식료품,,20240129,,행당동,서울특별시 성동구 고산자로 177,서울특별시 성동구 행당동 376,37.55573045,127.0335776,0,1,5,0.22666666666666668,0.0016149916973516945
2157,82FE8B6C05,한우***,,서울 성동구,한식-육류/고기,,20180626,,행당동,서울특별시 성동구 고산자로 177,서울특별시 성동구 행당동 376,37.55573045,127.0335776,0,1,5,0.22666666666666668,0.0016149916973516945
2158,EB0EDEEF49,형제**,,서울 성동구,한식-육류/고기,,20230214,,행당동,서울특별시 성동구 고산자로 177,서울특별시 성동구 행당동 376,37.55573045,127.0335776,0,1,5,0.22666666666666668,0.0016149916973516945
2159,153D5AC634,포케*******,,서울 성동구,기타세계요리,,20231129,,행당동,서울특별시 성동구 고산자로 194,서울특별시 성동구 행당동 320-61,37.55751195,127.0343311,0,2,4,0.2533333333333333,0.0018294853301189836
2160,B638F301B1,무학********,,서울 성동구,식료품,행당,20240604,,행당동,서울특별시 성동구 고산자로 197,서울특별시 성동구 행당동 322-1,37.55762633,127.0338809,0,2,4,0.2533333333333333,0.0018518724539057113
2161,730E4C7574,홍연********,,서울 성동구,한식-단품요리일반,왕십리,20240507,20250728.0,행당동,서울특별시 성동구 고산자로 198,서울특별시 성동구 행당동 320-22,37.55779543,127.0342543,0,2,4,0.2533333333333333,0.0018842307632607636
2162,975338EB45,맘스*******,햄버거2,서울 성동구,햄버거,왕십리,20210531,,행당동,서울특별시 성동구 고산자로 201,서울특별시 성동구 행당동 319-23,37.55805317,127.0337642,0,2,4,0.2533333333333333,0.0019393910241509416
2163,ACEE39AB64,복호******,,서울 성동구,베이커리,왕십리,20240115,,행당동,서울특별시 성동구 고산자로 201,서울특별시 성동구 행당동 319-23,37.55805317,127.0337642,0,2,4,0.2533333333333333,0.0019393910241509416
2164,56CE6776C6,구내**,,서울 성동구,구내식당/푸드코트,왕십리,20220920,,행당동,서울특별시 성동구 고산자로 212,서울특별시 성동구 행당동 318-26,37.5589483,127.0344261,0,4,5,0.4066666666666667,0.002205002718260945
2165,066E49F118,키즈***,,서울 성동구,인삼제품,왕십리,20201217,,행당동,서울특별시 성동구 고산자로 234,서울특별시 성동구 행당동 267-23,37.56052651,127.0352654,1,3,5,0.5133333333333334,0.003369107830786834
2166,0220D6AA93,프롬***************,카페14,서울 성동구,카페,왕십리,20170704,,도선동,서울특별시 성동구 고산자로 253,서울특별시 성동구 도선동 22-1,37.56240364,127.0355859,2,3,6,0.7133333333333334,0.0038886777281502707
2167,21A130787D,플러**********,,서울 성동구,카페,왕십리,20240801,,도선동,서울특별시 성동구 고산자로 275,서울특별시 성동구 도선동 2-1,37.56433672,127.0358854,0,3,5,0.3466666666666667,0.0024466994512566407
2168,26034FF5B2,도선**,,서울 성동구,백반/가정식,왕십리,20231213,,도선동,서울특별시 성동구 고산자로 277,서울특별시 성동구 도선동 2,37.56445854,127.035872,0,3,5,0.3466666666666667,0.0023824011095195667
2169,8D1EB6E432,제일***,,서울 성동구,한식-육류/고기,왕십리,20230609,,홍익동,서울특별시 성동구 고산자로 281,서울특별시 성동구 홍익동 131-1,37.56482188,127.0359745,0,3,5,0.3466666666666667,0.002230478628542192
2170,FDAA673A8F,제일**,,서울 성동구,한식-찌개/전골,왕십리,20170216,,홍익동,서울특별시 성동구 고산자로 281,서울특별시 성동구 홍익동 131-1,37.56482188,127.0359745,0,3,5,0.3466666666666667,0.002230478628542192
2171,557D0AECD2,하얀****,,서울 성동구,분식,왕십리,20170614,,행당동,서울특별시 성동구 고산자로 284,서울특별시 성동구 행당동 192-29,37.5649129,127.0367977,0,3,5,0.3466666666666667,0.0022695984605892983
2172,2C2BF9EB44,매머*********,카페4,서울 성동구,카페,왕십리,20241011,,행당동,서울특별시 성동구 고산자로 284,서울특별시 성동구 행당동 192-29,37.5649129,127.0367977,0,3,5,0.3466666666666667,0.0022695984605892983
2173,CDF016103F,정육***,,서울 성동구,축산물,왕십리,20210106,,행당동,서울특별시 성동구 고산자로 284,서울특별시 성동구 행당동 192-29,37.5649129,127.0367977,0,3,5,0.3466666666666667,0.0022695984605892983
2174,8221C4D066,봉평*******,,서울 성동구,한식-국수/만두,왕십리,20180724,,행당동,서울특별시 성동구 고산자로 284,서울특별시 성동구 행당동 192-29,37.5649129,127.0367977,0,3,5,0.3466666666666667,0.0022695984605892983
2175,B93D0BD7EA,마장**,,서울 성동구,한식-육류/고기,왕십리,20240930,,행당동,서울특별시 성동구 고산자로 284,서울특별시 성동구 행당동 192-29,37.5649129,127.0367977,0,3,5,0.3466666666666667,0.0022695984605892983
2176,46F56D0D63,메가************,커피전문점2,서울 성동구,커피전문점,왕십리,20220519,,홍익동,서울특별시 성동구 고산자로 293,서울특별시 성동구 홍익동 125,37.56583539,127.0360588,0,2,5,0.2866666666666667,0.0018870741858799615
2177,81135EEC23,배들**,,서울 성동구,한식-찌개/전골,왕십리,20190705,,홍익동,서울특별시 성동구 고산자로 293,서울특별시 성동구 홍익동 125,37.56583539,127.0360588,0,2,5,0.2866666666666667,0.0018870741858799615
2178,1674C40960,하이*****,,서울 성동구,한식-육류/고기,왕십리,20210406,,행당동,서울특별시 성동구 고산자로 294,서울특별시 성동구 행당동 191-21,37.56579895,127.0367555,0,2,5,0.2866666666666667,0.001937202987981832
2179,3573438877,문토******,,서울 성동구,이자카야,왕십리,20241122,,마장동,서울특별시 성동구 고산자로 297,서울특별시 성동구 마장동 574,37.56634843,127.0363,0,0,5,0.16666666666666669,0.0017636104927072067
2180,FA5BFF2F5E,한우**,,서울 성동구,한식-육류/고기,왕십리,20230607,,마장동,서울특별시 성동구 고산자로 297,서울특별시 성동구 마장동 574,37.56634843,127.0363,0,0,5,0.16666666666666669,0.0017636104927072067
2181,ED7C41B517,왕십****,,서울 성동구,한식-육류/고기,왕십리,20231108,,마장동,서울특별시 성동구 고산자로 297,서울특별시 성동구 마장동 574,37.56634843,127.0363,0,0,5,0.16666666666666669,0.0017636104927072067
2182,6384E450BD,조교**,,서울 성동구,한식뷔페,왕십리,20240403,,마장동,서울특별시 성동구 고산자로 299,서울특별시 성동구 마장동 574,37.56647438,127.0363408,0,0,5,0.16666666666666669,0.0017348627774429882
2183,26D174D6A5,경성***,,서울 성동구,한식-육류/고기,,20190401,,마장동,서울특별시 성동구 고산자로 304,서울특별시 성동구 마장동 518-13,37.56671701,127.0369266,0,0,5,0.16666666666666669,0.0017034739011950416
2184,5159C627D2,서울**,,서울 성동구,분식,,20170208,,마장동,서울특별시 성동구 고산자로 306,서울특별시 성동구 마장동 518-12,37.56682558,127.0369532,0,0,5,0.16666666666666669,0.0016799701539400563
2185,D6C06FDF89,인디**,,서울 성동구,호프/맥주,,20170512,,마장동,서울특별시 성동구 고산자로 306,서울특별시 성동구 마장동 518-12,37.56682558,127.0369532,0,0,5,0.16666666666666669,0.0016799701539400563
2186,8C6E34858D,플래*****************,,서울 성동구,한식-단품요리일반,,20180525,,마장동,서울특별시 성동구 고산자로 308,서울특별시 성동구 마장동 518-14,37.56703611,127.0370322,0,0,6,0.2,0.0016372217298519921
2187,E9FD5A6490,전라***,,서울 성동구,한식-단품요리일반,마장동,20211208,,마장동,서울특별시 성동구 고산자로 337,서울특별시 성동구 마장동 478-33,37.56973731,127.0372757,0,1,2,0.12666666666666665,0.001422630630952989
2188,AB68D92311,비비*******,치킨2,서울 성동구,치킨,마장동,20240701,,마장동,서울특별시 성동구 고산자로 339,서울특별시 성동구 마장동 478-36,37.5699138,127.0373293,0,1,2,0.12666666666666665,0.0014282487245725075
2189,8839A42F11,야시****,,서울 성동구,룸살롱/단란주점,마장동,20181011,,마장동,서울특별시 성동구 고산자로 341,서울특별시 성동구 마장동 478-39,37.57008074,127.0373742,0,1,2,0.12666666666666665,0.0014355761939653041
2190,14AAC1149B,덕성**,,서울 성동구,축산물,마장동,20161005,,마장동,서울특별시 성동구 고산자로 349,서울특별시 성동구 마장동 474-3,37.57082201,127.037599,0,1,3,0.16,0.001527927099944068
2191,BDB8AA2BA9,마장**,,서울 성동구,식료품,마장동,20230626,,마장동,서울특별시 성동구 고산자로 354,서울특별시 성동구 마장동 523-4,37.57121946,127.0383634,0,1,3,0.16,0.0016303254216808061
2192,A4CF81DD03,손건********,,서울 성동구,한식-육류/고기,마장동,20230421,,마장동,서울특별시 성동구 고산자로 354,서울특별시 성동구 마장동 523-4,37.57121946,127.0383634,0,1,3,0.16,0.0016303254216808061
2193,EDB32887DE,윤스**,,서울 성동구,분식,뚝섬,20180329,,성수동1가,서울특별시 성동구 광나루로 130,서울특별시 성동구 성수동1가 671-6,37.55097877,127.0447207,0,2,2,0.18666666666666665,0.0014526673214331884
2194,DA5B732423,셀렉***********,커피전문점5,서울 성동구,커피전문점,뚝섬,20180420,,성수동1가,서울특별시 성동구 광나루로 130,서울특별시 성동구 성수동1가 671-6,37.55097877,127.0447207,0,2,2,0.18666666666666665,0.0014526673214331884
2195,44544F2DCE,밥플********,,서울 성동구,백반/가정식,뚝섬,20230713,,성수동1가,서울특별시 성동구 광나루로 130,서울특별시 성동구 성수동1가 671-6,37.55097877,127.0447207,0,2,2,0.18666666666666665,0.0014526673214331884
2196,EE4985D57B,도그**,,서울 성동구,도너츠,뚝섬,20230926,,성수동1가,서울특별시 성동구 광나루로 144,서울특별시 성동구 성수동1가 656-882,37.55130003,127.0464354,0,1,2,0.12666666666666665,0.0014208350149880092
2197,1DBC834628,커피**************,,서울 성동구,커피전문점,뚝섬,20240920,,성수동1가,서울특별시 성동구 광나루로 144,서울특별시 성동구 성수동1가 656-882,37.55130003,127.0464354,0,1,2,0.12666666666666665,0.0014208350149880092
2198,978A3E2554,조양**,,서울 성동구,백반/가정식,뚝섬,20230228,,성수동1가,서울특별시 성동구 광나루로 144,서울특별시 성동구 성수동1가 656-882,37.55130003,127.0464354,0,1,2,0.12666666666666665,0.0014208350149880092
2199,E4E1737501,파티*****,,서울 성동구,베이커리,뚝섬,20220111,,성수동1가,서울특별시 성동구 광나루로 152,서울특별시 성동구 성수동1가 656-609,37.55142493,127.0470523,0,1,2,0.12666666666666665,0.00139039491449818
2200,B3DAD00A6C,서브***********************,,서울 성동구,카페,성수,20240923,,송정동,서울특별시 성동구 광나루로 229,서울특별시 성동구 송정동 81-24,37.54988254,127.0556905,0,0,2,0.06666666666666667,0.00106444868065827
2201,F200A12359,신가*,,서울 성동구,한식-단품요리일반,성수,20230802,20250821.0,송정동,서울특별시 성동구 광나루로 233,서울특별시 성동구 송정동 81-17,37.54975815,127.0559982,0,0,1,0.03333333333333333,0.0010584688994875675
2202,203FEED90F,당*,,서울 성동구,한식-단품요리일반,,20240416,,송정동,서울특별시 성동구 광나루로 289,서울특별시 성동구 송정동 67-17,37.54833809,127.0619476,0,0,1,0.03333333333333333,0.0009850017136400773
2203,5866051D91,신신*,,서울 성동구,중식당,,20180608,,성수동2가,서울특별시 성동구 광나루로 290,서울특별시 성동구 성수동2가 280-41,37.54771493,127.061988,0,0,1,0.03333333333333333,0.0010215548517380798
2204,EAA6C3BAD2,장맛****,,서울 성동구,한식-국수/만두,,20190517,,성수동2가,서울특별시 성동구 광나루로 290,서울특별시 성동구 성수동2가 280-41,37.54771493,127.061988,0,0,1,0.03333333333333333,0.0010215548517380798
2205,544E8A51CC,김앤*,,서울 성동구,분식,,20170911,,송정동,서울특별시 성동구 광나루로 291,서울특별시 성동구 송정동 67-16,37.54832145,127.0622383,0,0,1,0.03333333333333333,0.0009836252323066974
2206,A50A5265C1,스윗***,,서울 성동구,카페,,20221201,,송정동,서울특별시 성동구 광나루로 291,서울특별시 성동구 송정동 67-16,37.54832145,127.0622383,0,0,1,0.03333333333333333,0.0009836252323066974
2207,54048E2190,오늘***,,서울 성동구,일식당,,20240313,,성수동2가,서울특별시 성동구 광나루로 302,서울특별시 성동구 성수동2가 281,37.54790225,127.0633568,0,0,1,0.03333333333333333,0.0010040767047358296
2208,F7E9A69F8D,테크******,,서울 성동구,커피전문점,,20240207,,성수동2가,서울특별시 성동구 광나루로 302,서울특별시 성동구 성수동2가 281,37.54790225,127.0633568,0,0,1,0.03333333333333333,0.0010040767047358296
2209,AFD6BFB090,열*,,서울 성동구,한식-육류/고기,,20220520,,성수동2가,서울특별시 성동구 광나루로 302,서울특별시 성동구 성수동2가 281,37.54790225,127.0633568,0,0,1,0.03333333333333333,0.0010040767047358296
2210,3FE023E09E,브레***************,,서울 성동구,카페,,20230920,,성수동2가,서울특별시 성동구 광나루로 306,서울특별시 성동구 성수동2가 281-3,37.54792014,127.0637593,0,0,1,0.03333333333333333,0.0010045193111537845
2211,C33E478AD0,그린**,,서울 성동구,백반/가정식,,20220930,,성수동2가,서울특별시 성동구 광나루로 310,서울특별시 성동구 성수동2가 281-4,37.54780074,127.0644567,0,0,0,0.0,0.0010169104948117174
2212,9E0BA26F39,해*,,서울 성동구,한식-해물/생선,,20171211,,송정동,서울특별시 성동구 광나루로 313,서울특별시 성동구 송정동 66-267,37.54833536,127.0645168,0,0,0,0.0,0.0009933686999297345
2213,893B7A1CDB,왕분*,,서울 성동구,분식,,20240823,,송정동,서울특별시 성동구 광나루로 315,서울특별시 성동구 송정동 66-259,37.54834222,127.0648238,0,0,0,0.0,0.000999089633065158
2214,ADE05152B3,빵*,,서울 성동구,일반 유흥주점,,20241002,,송정동,서울특별시 성동구 광나루로 323,서울특별시 성동구 송정동 66-196,37.54842222,127.0656509,0,0,1,0.03333333333333333,0.001014501434555453
2215,B00E0D8C60,족발*********,한식-육류/고기23,서울 성동구,한식-육류/고기,,20210209,,송정동,서울특별시 성동구 광나루로 325,서울특별시 성동구 송정동 66-197,37.54843929,127.0659087,0,0,1,0.03333333333333333,0.0010204864985075787
2216,5B110F468D,메가************,커피전문점2,서울 성동구,커피전문점,,20210723,,송정동,서울특별시 성동구 광나루로 337,서울특별시 성동구 송정동 79-2,37.54851188,127.0672349,0,0,1,0.03333333333333333,0.001062836031047038
2217,A787679642,오픈********,,서울 성동구,카페,신금호,20201103,,금호동2가,서울특별시 성동구 금호로 141-1,서울특별시 성동구 금호동2가 530,37.55368052,127.0210035,1,1,2,0.29333333333333333,0.0026710741176284324
2218,C5CAC5BC9E,설내*,,서울 성동구,식료품,신금호,20231117,,금호동2가,서울특별시 성동구 금호로 141-2,서울특별시 성동구 금호동2가 529,37.55378471,127.0208293,1,1,2,0.29333333333333333,0.002996329071954092
2219,CE23799B3A,설내****,,서울 성동구,한식-국밥/설렁탕,신금호,20221208,,금호동2가,서울특별시 성동구 금호로 141-2,서울특별시 성동구 금호동2가 529,37.55378471,127.0208293,1,1,2,0.29333333333333333,0.002996329071954092
2220,8C57DE46AA,라쿵********,,서울 성동구,중식당,신금호,20201118,,금호동1가,서울특별시 성동구 금호로 148-1,서울특별시 성동구 금호동1가 514,37.55436941,127.0205526,1,1,1,0.26,0.00785891508837119
2221,0507C6C859,가띠**,,서울 성동구,샌드위치/토스트,신금호,20230817,20250819.0,금호동1가,서울특별시 성동구 금호로 148-1,서울특별시 성동구 금호동1가 514,37.55436941,127.0205526,1,1,1,0.26,0.00785891508837119
2222,45FEE5DBC4,더커**************************,,서울 성동구,카페,신금호,20220728,,금호동2가,서울특별시 성동구 금호로13길 3,서울특별시 성동구 금호동2가 219,37.55504559,127.0196502,1,1,3,0.32666666666666666,0.003416858568347876
2223,8CF0FD6C6A,청정***,,서울 성동구,한식-해물/생선,금남시장,20170725,,금호동4가,서울특별시 성동구 금호로1길 41,서울특별시 성동구 금호동4가 503,37.54776001,127.0236606,0,0,1,0.03333333333333333,0.0011823316528009693
2224,51D51815C2,스마*,,서울 성동구,백반/가정식,금남시장,20220927,,금호동4가,서울특별시 성동구 금호로1길 43,서울특별시 성동구 금호동4가 505-1,37.54793279,127.0237968,0,0,2,0.06666666666666667,0.001174286277452205
2225,2FB0335820,가뱅*******,,서울 성동구,와인바,금남시장,20201013,20250708.0,금호동3가,서울특별시 성동구 금호산2길 13,서울특별시 성동구 금호동3가 951-2,37.54889893,127.020996,0,1,2,0.12666666666666665,0.0013665223195586233
2226,46AC67DA98,금남*,,서울 성동구,요리주점,금남시장,20200603,,금호동3가,서울특별시 성동구 금호산2길 18,서울특별시 성동구 금호동3가 450,37.54878476,127.0215189,0,0,2,0.06666666666666667,0.0013125405158806586
2227,2DAF105D58,쾌걸***,,서울 성동구,한식-해물/생선,금남시장,20211130,,금호동3가,서울특별시 성동구 금호산2길 20,서울특별시 성동구 금호동3가 447,37.54877807,127.0216769,0,0,2,0.06666666666666667,0.0013007314377488709
2228,BEC769D20C,시장**,,서울 성동구,일반 유흥주점,금남시장,20231031,,금호동3가,서울특별시 성동구 금호산2길 21,서울특별시 성동구 금호동3가 461-1,37.54891867,127.0219346,0,0,2,0.06666666666666667,0.0012813587735769232
2229,377472828B,금호**,,서울 성동구,포장마차,금남시장,20201021,,금호동3가,서울특별시 성동구 금호산2길 23,서울특별시 성동구 금호동3가 471,37.54895267,127.0222337,0,0,2,0.06666666666666667,0.0012611978618896889
2230,A0615EE5D9,제이*****,,서울 성동구,한식-단품요리일반,금남시장,20231005,,금호동3가,서울특별시 성동구 금호산2길 24,서울특별시 성동구 금호동3가 391,37.54880888,127.0221875,0,0,2,0.06666666666666667,0.0012648022318610236
2231,AB86B46958,호남**,,서울 성동구,축산물,금남시장,20230628,,금호동3가,서울특별시 성동구 금호산2길 26,서울특별시 성동구 금호동3가 389-2,37.54886849,127.0223661,0,0,2,0.06666666666666667,0.0012529366754616786
2232,61A7EE0050,형제***,,서울 성동구,떡/한과 제조,금남시장,20190703,20250716.0,금호동3가,서울특별시 성동구 금호산2길 27,서울특별시 성동구 금호동3가 534,37.5489333,127.0227018,0,0,2,0.06666666666666667,0.0012320455031929341
2233,B6CE608009,우리**,,서울 성동구,식료품,금남시장,20240530,,금호동3가,서울특별시 성동구 금호산8길 13,서울특별시 성동구 금호동3가 700,37.55054813,127.0213924,0,1,2,0.12666666666666665,0.0013667560488230769
2234,C37E3670B1,더(*************,,서울 성동구,식료품,,20210203,,하왕십리동,서울특별시 성동구 난계로 101-1,서울특별시 성동구 하왕십리동 999-136,37.56107953,127.0237391,0,0,4,0.13333333333333333,0.0014355069389117938
2235,674011F2F1,스위*,,서울 성동구,카페,옥수,20220609,,옥수동,서울특별시 성동구 독서당로 160,서울특별시 성동구 옥수동 220-1,37.54023503,127.0117397,0,0,2,0.06666666666666667,0.0013616621895853095
2236,9918AC572D,과자****,,서울 성동구,베이커리,옥수,20181015,,옥수동,서울특별시 성동구 독서당로 166,서울특별시 성동구 옥수동 475,37.54060624,127.0116984,0,0,2,0.06666666666666667,0.0013830803150597175
2237,F074FA6DCE,해녀*******,,서울 성동구,한식-해물/생선,옥수,20241105,,옥수동,서울특별시 성동구 독서당로 166,서울특별시 성동구 옥수동 475,37.54060624,127.0116984,0,0,2,0.06666666666666667,0.0013830803150597175
2238,5DC3FB1D5F,코페*******,카페12,서울 성동구,카페,옥수,20221028,,옥수동,서울특별시 성동구 독서당로 168,서울특별시 성동구 옥수동 449-5,37.54084963,127.0113829,0,0,2,0.06666666666666667,0.0013705700399809597
2239,6821430102,일그********,,서울 성동구,베이커리,,20200212,,옥수동,서울특별시 성동구 독서당로 177,서울특별시 성동구 옥수동 428-10,37.54182589,127.0111101,0,0,3,0.1,0.0013958071233833684
2240,E4A76A9E0C,뱅뱅******,,서울 성동구,아이스크림/빙수,,20240105,,옥수동,서울특별시 성동구 독서당로 177,서울특별시 성동구 옥수동 428-10,37.54182589,127.0111101,0,0,3,0.1,0.0013958071233833684
2241,C1C544732B,피오******,,서울 성동구,주류,,20210707,,옥수동,서울특별시 성동구 독서당로 187,서울특별시 성동구 옥수동 428,37.5426797,127.0118898,0,1,4,0.19333333333333333,0.0014891499031723242
2242,B4FE75E894,달콤***,,서울 성동구,식료품,,20200519,,옥수동,서울특별시 성동구 독서당로 187,서울특별시 성동구 옥수동 428,37.5426797,127.0118898,0,1,4,0.19333333333333333,0.0014891499031723242
2243,5828134AC4,영 ****,,서울 성동구,베이커리,,20210721,,옥수동,서울특별시 성동구 독서당로 187,서울특별시 성동구 옥수동 428,37.5426797,127.0118898,0,1,4,0.19333333333333333,0.0014891499031723242
2244,61D516DBB4,어게*************************,,서울 성동구,와인바,옥수,20201201,,옥수동,서울특별시 성동구 독서당로 188,서울특별시 성동구 옥수동 241-4,37.5422707,127.0121781,0,1,4,0.19333333333333333,0.0015084717646146038
2245,4BF4E76EB1,열정**,,서울 성동구,축산물,옥수,20180404,,옥수동,서울특별시 성동구 독서당로 192,서울특별시 성동구 옥수동 244-3,37.54259169,127.0125485,0,1,4,0.19333333333333333,0.0015574269916147263
2246,5C312171F4,디핀**,,서울 성동구,양식,옥수,20210702,,옥수동,서울특별시 성동구 독서당로 194,서울특별시 성동구 옥수동 244-10,37.54268268,127.0126588,0,1,4,0.19333333333333333,0.0015718519280554118
2247,41405E4F25,라폰*,,서울 성동구,백반/가정식,옥수,20221206,,옥수동,서울특별시 성동구 독서당로 194,서울특별시 성동구 옥수동 244-10,37.54268268,127.0126588,0,1,4,0.19333333333333333,0.0015718519280554118
2248,D3C7D7CE86,명가***,한식-국수/만두5,서울 성동구,한식-국수/만두,옥수,20181122,,옥수동,서울특별시 성동구 독서당로 194,서울특별시 성동구 옥수동 244-10,37.54268268,127.0126588,0,1,4,0.19333333333333333,0.0015718519280554118
2249,9F524F74CC,푸른****,,서울 성동구,한식-해물/생선,옥수,20210928,,옥수동,서울특별시 성동구 독서당로 194,서울특별시 성동구 옥수동 244-10,37.54268268,127.0126588,0,1,4,0.19333333333333333,0.0015718519280554118
2250,CF4878F0AB,푸라*****,한식-육류/고기29,서울 성동구,한식-육류/고기,옥수,20230830,,옥수동,서울특별시 성동구 독서당로 208,서울특별시 성동구 옥수동 284-2,37.54331305,127.0139779,0,1,3,0.16,0.0017490541508333513
2251,ED35FCD6A1,테이********************,,서울 성동구,커피전문점,옥수,20210524,,옥수동,서울특별시 성동구 독서당로 216,서울특별시 성동구 옥수동 285-73,37.54356199,127.0147576,0,2,3,0.22,0.001857170482762208
2252,0D98347CAA,미*,,서울 성동구,일식당,옥수,20190513,,옥수동,서울특별시 성동구 독서당로 222,서울특별시 성동구 옥수동 285-30,37.54389096,127.0153863,0,3,3,0.28,0.0019121745853297885
2253,5266257AE8,김가*,분식1,서울 성동구,분식,,20171031,,옥수동,서울특별시 성동구 독서당로 223,서울특별시 성동구 옥수동 561,37.54427075,127.0151919,0,2,3,0.22,0.0018462673097949394
2254,0CCC996EB3,커피******,,서울 성동구,카페,,20240723,,옥수동,서울특별시 성동구 독서당로 223,서울특별시 성동구 옥수동 561,37.54427075,127.0151919,0,2,3,0.22,0.0018462673097949394
2255,8123742D88,예당**,,서울 성동구,축산물,,20220922,,옥수동,서울특별시 성동구 독서당로 223,서울특별시 성동구 옥수동 561,37.54427075,127.0151919,0,2,3,0.22,0.0018462673097949394
2256,F1157A79D0,투썸***********,커피전문점13,서울 성동구,커피전문점,,20211013,,옥수동,서울특별시 성동구 독서당로 223,서울특별시 성동구 옥수동 561,37.54427075,127.0151919,0,2,3,0.22,0.0018462673097949394
2257,830D91CD85,깐부******,치킨8,서울 성동구,치킨,옥수,20191029,,옥수동,서울특별시 성동구 독서당로 224,서울특별시 성동구 옥수동 314-2,37.5439321,127.0156471,0,3,3,0.28,0.0019407808550645444
2258,07E426EE6F,더올**,,서울 성동구,한식-단품요리일반,옥수,20180412,,옥수동,서울특별시 성동구 독서당로 227,서울특별시 성동구 옥수동 518-33,37.54485953,127.0160679,0,2,3,0.22,0.0018789852127961224
2259,E71A3EA260,앁(****,,서울 성동구,한식-단품요리일반,옥수,20201111,,옥수동,서울특별시 성동구 독서당로 230,서울특별시 성동구 옥수동 322-3,37.54428748,127.0161133,0,3,3,0.28,0.0019296293772790942
2260,BB508E9B60,아우***************,,서울 성동구,카페,금남시장,20210323,,금호동4가,서울특별시 성동구 독서당로 269,서울특별시 성동구 금호동4가 1042,37.54705713,127.0192688,0,1,3,0.16,0.001640409926914315
2261,A8288C7C45,마케***,,서울 성동구,이자카야,금남시장,20220413,,금호동4가,서울특별시 성동구 독서당로 270,서울특별시 성동구 금호동4가 800,37.54664371,127.0194815,0,1,3,0.16,0.0016004231928748558
2262,9DBBC0BC17,윌로**,,서울 성동구,커피전문점,금남시장,20190108,,금호동4가,서울특별시 성동구 독서당로 270,서울특별시 성동구 금호동4가 800,37.54664371,127.0194815,0,1,3,0.16,0.0016004231928748558
2263,64632B784A,유류**,,서울 성동구,백반/가정식,,20171123,,금호동4가,서울특별시 성동구 독서당로 270,서울특별시 성동구 금호동4가 800,37.54664371,127.0194815,0,1,3,0.16,0.0016004231928748558
2264,8EE88EAB44,동구**,,서울 성동구,백반/가정식,금남시장,20230828,,금호동4가,서울특별시 성동구 독서당로 274,서울특별시 성동구 금호동4가 631,37.54694902,127.0197703,0,1,3,0.16,0.0015538188367483475
2265,E9C5B231DE,고돼*****,,서울 성동구,한식-단품요리일반,금남시장,20231127,,금호동4가,서울특별시 성동구 독서당로 276,서울특별시 성동구 금호동4가 626,37.54703332,127.0199551,0,1,3,0.16,0.00152458296136302
2266,2D9601ED38,은진****,,서울 성동구,포장마차,금남시장,20200106,,금호동4가,서울특별시 성동구 독서당로 283,서울특별시 성동구 금호동4가 1082,37.54774896,127.0205755,0,1,3,0.16,0.0014294867803152003
2267,09B5A19D91,금남**************,,서울 성동구,와인바,금남시장,20190704,20250714.0,금호동4가,서울특별시 성동구 독서당로 285,서울특별시 성동구 금호동4가 1094,37.54786634,127.0207447,0,1,3,0.16,0.0014066631921661244
2268,8980D26E8D,폼페*,,서울 성동구,백반/가정식,금남시장,20200914,,금호동4가,서울특별시 성동구 독서당로 285,서울특별시 성동구 금호동4가 1094,37.54786634,127.0207447,0,1,3,0.16,0.0014066631921661244
2269,4FD8F44568,인생*******,,서울 성동구,한식-해물/생선,금남시장,20240920,20250704.0,금호동4가,서울특별시 성동구 독서당로 287,서울특별시 성동구 금호동4가 1114,37.54798325,127.0209559,0,1,3,0.16,0.0013797919457341516
2270,A4B6E8F2A9,다*,,서울 성동구,농산물,금남시장,20200410,,금호동4가,서울특별시 성동구 독서당로 294,서울특별시 성동구 금호동4가 569,37.5479506,127.0216299,0,0,3,0.1,0.0013140077114866902
2271,FE826E7775,빽다*********,커피전문점4,서울 성동구,커피전문점,금남시장,20210521,,금호동4가,서울특별시 성동구 독서당로 296,서울특별시 성동구 금호동4가 567,37.54799815,127.0217528,0,0,2,0.06666666666666667,0.0013036355416926816
2272,E25C0935BB,본죽**********,한식-죽2,서울 성동구,한식-죽,금남시장,20170622,,금호동3가,서울특별시 성동구 독서당로 311,서울특별시 성동구 금호동3가 281,37.54830839,127.0235211,0,0,2,0.06666666666666667,0.0011872820883882835
2273,3FD4A26C54,아이************,,서울 성동구,아이스크림/빙수,금남시장,20240813,,금호동4가,서울특별시 성동구 독서당로 318,서울특별시 성동구 금호동4가 147,37.5479764,127.0242545,0,0,1,0.03333333333333333,0.0011515864841261806
2274,6BF23575B6,갈팡******,,서울 성동구,한식-단품요리일반,금남시장,20230530,,금호동4가,서울특별시 성동구 독서당로 322,서울특별시 성동구 금호동4가 137,37.54795775,127.0246993,0,0,1,0.03333333333333333,0.00113174262847694
2275,596D95834C,금호**,,서울 성동구,분식,금남시장,20230905,,금호동3가,서울특별시 성동구 독서당로 329,서울특별시 성동구 금호동3가 210,37.54827509,127.0255023,0,0,0,0.0,0.0011015781779701948
2276,2C72D19DB4,메가************,커피전문점2,서울 성동구,커피전문점,금남시장,20211012,,금호동3가,서울특별시 성동구 독서당로 329,서울특별시 성동구 금호동3가 210,37.54827509,127.0255023,0,0,0,0.0,0.0011015781779701948
2277,E9547BAC81,공용**,,서울 성동구,식료품,,20200306,,금호동4가,서울특별시 성동구 독서당로 336,서울특별시 성동구 금호동4가 97-1,37.54772951,127.0264305,0,0,1,0.03333333333333333,0.0010722326912204227
2278,2F4B0C323E,우리***************,,서울 성동구,한식-육류/고기,,20230626,,금호동4가,서울특별시 성동구 독서당로 336,서울특별시 성동구 금호동4가 97-1,37.54772951,127.0264305,0,0,1,0.03333333333333333,0.0010722326912204227
2279,EBA77DE1F3,무진****,,서울 성동구,한식-육류/고기,,20181029,,금호동1가,서울특별시 성동구 독서당로 337,서울특별시 성동구 금호동1가 1835,37.54816878,127.0266771,0,0,1,0.03333333333333333,0.0010805970786191645
2280,7CD2C4CE8C,오똔*,,서울 성동구,카페,,20240227,,금호동1가,서울특별시 성동구 독서당로 339,서울특별시 성동구 금호동1가 1836,37.54816026,127.0268865,0,0,1,0.03333333333333333,0.0010789420511204961
2281,B9CF9A1A80,마피****,카페3,서울 성동구,카페,,20180528,,금호동4가,서울특별시 성동구 독서당로 344,서울특별시 성동구 금호동4가 1553,37.54645258,127.0257655,0,0,0,0.0,0.0010873142349705927
2282,166A58D2FD,더(************,,서울 성동구,아이스크림/빙수,,20211018,,응봉동,서울특별시 성동구 독서당로 375,서울특별시 성동구 응봉동 275,37.54953757,127.0290009,0,1,1,0.09333333333333332,0.0011673953096122077
2283,641883F244,작*,,서울 성동구,한식-육류/고기,,20170705,,응봉동,서울특별시 성동구 독서당로 377,서울특별시 성동구 응봉동 98,37.55054064,127.0311514,0,1,2,0.12666666666666665,0.0014196054897654643
2284,132DD33068,파파*,,서울 성동구,분식,,20180702,,응봉동,서울특별시 성동구 독서당로 381,서울특별시 성동구 응봉동 98,37.55019478,127.030693,0,1,2,0.12666666666666665,0.0013366194257201233
2285,7E78A7C976,이디******,커피전문점6,서울 성동구,커피전문점,,20210421,,응봉동,서울특별시 성동구 독서당로 381,서울특별시 성동구 응봉동 98,37.55019478,127.030693,0,1,2,0.12666666666666665,0.0013366194257201233
2286,DA3FBABC19,비비********,,서울 성동구,한식-단품요리일반,,20231128,,응봉동,서울특별시 성동구 독서당로 381,서울특별시 성동구 응봉동 98,37.55019478,127.030693,0,1,2,0.12666666666666665,0.0013366194257201233
2287,B11D3238E3,마넌*,,서울 성동구,한식-육류/고기,,20240802,,응봉동,서울특별시 성동구 독서당로 384,서울특별시 성동구 응봉동 200-1,37.54990996,127.0311015,0,1,1,0.09333333333333332,0.0013877162627597898
2288,B2A47557AD,교촌*******,치킨6,서울 성동구,치킨,,20231214,,응봉동,서울특별시 성동구 독서당로 398,서울특별시 성동구 응봉동 100,37.55080155,127.032229,0,1,2,0.12666666666666665,0.0016644470484567454
2289,777479BC93,참김***,,서울 성동구,분식,,20180123,,응봉동,서울특별시 성동구 독서당로 434,서울특별시 성동구 응봉동 100,37.55386173,127.0340559,0,1,2,0.12666666666666665,0.0014945528161500483
2290,90644ECF42,위치***,,서울 성동구,카페,,20210805,,응봉동,서울특별시 성동구 독서당로 434,서울특별시 성동구 응봉동 100,37.55386173,127.0340559,0,1,2,0.12666666666666665,0.0014945528161500483
2291,DAE13C0508,맨날**,,서울 성동구,양식,,20210111,,성수동2가,서울특별시 성동구 동일로 135-1,서울특별시 성동구 성수동2가 279-42,37.5446989,127.0650667,0,0,2,0.06666666666666667,0.0012256170640044476
2292,69756C0A85,테라**,,서울 성동구,카페,,20200528,,송정동,서울특별시 성동구 동일로 257-1,서울특별시 성동구 송정동 87-21,37.55469245,127.0707927,0,0,1,0.03333333333333333,0.001085416996519772
2293,73ADFB70B4,닷 ***************,,서울 성동구,양식,,20231113,,성수동2가,서울특별시 성동구 동일로 75-18,서울특별시 성동구 성수동2가 250-1,37.54010245,127.0622139,0,0,3,0.1,0.0011852356029473103
2294,FB0BD34001,올*,,서울 성동구,일식당,,20221216,,성수동2가,서울특별시 성동구 동일로 75-18,서울특별시 성동구 성수동2가 250-1,37.54010245,127.0622139,0,0,3,0.1,0.0011852356029473103
2295,C95A3B0715,지하***,,서울 성동구,백반/가정식,,20200812,,송정동,서울특별시 성동구 동일로43길 1,서울특별시 성동구 송정동 72-204,37.55346939,127.0699575,0,0,1,0.03333333333333333,0.0010446925394725804
2296,5F4BD315F9,팔분***,,서울 성동구,한식-육류/고기,,20241118,,송정동,서울특별시 성동구 동일로55길 3,서울특별시 성동구 송정동 92-1,37.55642134,127.0714399,0,0,2,0.06666666666666667,0.0011399757015677515
2297,CD542717CA,군자**,,서울 성동구,식료품,,20180828,,송정동,서울특별시 성동구 동일로57길 9,서울특별시 성동구 송정동 95-26,37.55720204,127.0711706,0,0,3,0.1,0.0011341994851182511
2298,C18C547370,타코*****,,서울 성동구,양식,금남시장,20170522,,금호동4가,서울특별시 성동구 동호로2길 28,서울특별시 성동구 금호동4가 1206,37.54802213,127.0190683,0,1,3,0.16,0.001685750025821631
2299,B918A3FB98,에이********,,서울 성동구,카페,성수,20221109,,성수동2가,서울특별시 성동구 둘레15길 4-1,서울특별시 성동구 성수동2가 638,37.53512941,127.0554762,0,0,0,0.0,0.0008078969180953064
2300,E2D2AE237A,태광**,,서울 성동구,농산물,성수,20180418,,성수동1가,서울특별시 성동구 둘레9가길 23,서울특별시 성동구 성수동1가 374-1,37.53748188,127.0499176,0,0,0,0.0,0.0009005472234926805
2301,5F4E878B3F,시골**,,서울 성동구,백반/가정식,성수,20180222,,성수동1가,서울특별시 성동구 둘레9가길 36,서울특별시 성동구 성수동1가 319-3,37.53776525,127.0505332,0,0,0,0.0,0.0009118664216989835
2302,266F94FF9C,최가**,,서울 성동구,한식-단품요리일반,성수,20210729,,성수동1가,서울특별시 성동구 둘레9가길 36,서울특별시 성동구 성수동1가 319-3,37.53776525,127.0505332,0,0,0,0.0,0.0009118664216989835
2303,4C60EE6CA4,카페****,,서울 성동구,카페,성수,20240115,,성수동2가,서울특별시 성동구 둘레9길 18-7,서울특별시 성동구 성수동2가 354-1,37.5375875,127.0513337,0,0,0,0.0,0.0008970863978242387
2304,6E6BD0839D,성수**********,,서울 성동구,양식,성수,20230911,,성수동2가,서울특별시 성동구 뚝섬로 408-7,서울특별시 성동구 성수동2가 331-27,37.53846027,127.0555634,0,0,1,0.03333333333333333,0.0009612483597542092
2305,24F5384BB4,오푸******,,서울 성동구,카페,성수,20230403,,성수동2가,서울특별시 성동구 뚝섬로 408-7,서울특별시 성동구 성수동2가 331-27,37.53846027,127.0555634,0,0,1,0.03333333333333333,0.0009612483597542092
2306,48B6DB988C,호경***,,서울 성동구,백반/가정식,,20180420,,성수동2가,서울특별시 성동구 뚝섬로 420-4,서울특별시 성동구 성수동2가 331-35,37.53810979,127.0570714,0,0,1,0.03333333333333333,0.0009532615327870226
2307,3FEEF8EC29,헨리****,,서울 성동구,카페,,20241129,,성수동2가,서울특별시 성동구 뚝섬로 427-8,서울특별시 성동구 성수동2가 269-125,37.53834406,127.0579631,0,0,1,0.03333333333333333,0.0009827693421931003
2308,6387170291,안타*,,서울 성동구,동남아/인도음식,,20240808,,성수동2가,서울특별시 성동구 뚝섬로13길 3,서울특별시 성동구 성수동2가 264-1,37.53857296,127.0574991,0,0,1,0.03333333333333333,0.000983445590342011
2309,7E6B28839A,꽈배********,,서울 성동구,분식,,20220208,,성수동2가,서울특별시 성동구 뚝섬로13길 5,서울특별시 성동구 성수동2가 269-33,37.5387068,127.0576063,0,0,1,0.03333333333333333,0.0009920004129847812
2310,CD14EDE90F,카페**,,서울 성동구,카페,,20240315,,성수동1가,서울특별시 성동구 뚝섬로1길 10,서울특별시 성동구 성수동1가 656-505,37.54213594,127.0465026,0,1,2,0.12666666666666665,0.001733014858630029
2311,0F646F50F7,더카*******,카페2,서울 성동구,카페,뚝섬,20200821,,성수동1가,서울특별시 성동구 뚝섬로1길 25,서울특별시 성동구 성수동1가 656-36,37.54363804,127.046396,1,2,2,0.3533333333333333,0.0023740852681363896
2312,C4BF630797,오뜨*******,,서울 성동구,양식,뚝섬,20190515,,성수동1가,서울특별시 성동구 뚝섬로1길 31,서울특별시 성동구 성수동1가 656-334,37.54409068,127.0464584,1,2,2,0.3533333333333333,0.0023403374334356438
2313,4A42915A44,매머*************,,서울 성동구,커피전문점,뚝섬,20230420,,성수동1가,서울특별시 성동구 뚝섬로1길 31,서울특별시 성동구 성수동1가 656-334,37.54409068,127.0464584,1,2,2,0.3533333333333333,0.0023403374334356438
2314,3B463692E1,돼지*,,서울 성동구,한식-육류/고기,뚝섬,20220905,,성수동1가,서울특별시 성동구 뚝섬로1길 55,서울특별시 성동구 성수동1가 656-1029,37.54609111,127.0475197,1,2,3,0.3866666666666666,0.0027720001648135965
2315,E2E58BA667,오늘************,,서울 성동구,백반/가정식,뚝섬,20240426,,성수동1가,서울특별시 성동구 뚝섬로1길 63,서울특별시 성동구 성수동1가 8-6,37.54670767,127.0477192,1,2,3,0.3866666666666666,0.004286773086129282
2316,2E4264DFBD,쿠켄**,,서울 성동구,치킨,성수,20190228,,성수동1가,서울특별시 성동구 뚝섬로3길 16,서울특별시 성동구 성수동1가 33-21,37.54162405,127.0496796,0,1,3,0.16,0.0012704677537711856
2317,37075F1B6D,성수**,,서울 성동구,한식-육류/고기,성수,20231103,,성수동1가,서울특별시 성동구 뚝섬로3길 16,서울특별시 성동구 성수동1가 33-21,37.54162405,127.0496796,0,1,3,0.16,0.0012704677537711856
2318,89D3C820E9,하피********,,서울 성동구,카페,성수,20210420,,성수동1가,서울특별시 성동구 뚝섬로5길 11,서울특별시 성동구 성수동1가 33-5,37.54111378,127.0506252,0,0,3,0.1,0.0011783862069601875
2319,E4FEADA057,와일*****,,서울 성동구,양식,성수,20221020,,성수동2가,서울특별시 성동구 뚝섬로7길 14,서울특별시 성동구 성수동2가 331-138,37.539589,127.0562311,0,0,1,0.03333333333333333,0.0010427163531532809
2320,AB962133CC,색다**,,서울 성동구,한식-국수/만두,성수,20171031,,성수동2가,서울특별시 성동구 뚝섬로9길 16,서울특별시 성동구 성수동2가 328-13,37.53966693,127.0564288,0,0,1,0.03333333333333333,0.0010484042366133344
2321,AC3DCE45BE,컴포*********,커피전문점11,서울 성동구,커피전문점,성수,20210428,,성수동2가,서울특별시 성동구 뚝섬로9길 20,서울특별시 성동구 성수동2가 328-15,37.53992868,127.0562309,0,0,1,0.03333333333333333,0.001073390193209124
2322,123EF86057,돈대*,,서울 성동구,호프/맥주,,20200825,,홍익동,서울특별시 성동구 마장로 187-2,서울특별시 성동구 홍익동 416,37.56686595,127.0306304,0,1,2,0.12666666666666665,0.0015817305057508123
2323,C2A4BBE3AF,태양*****,,서울 성동구,룸살롱/단란주점,,20241127,,홍익동,서울특별시 성동구 마장로 192-1,서울특별시 성동구 홍익동 354,37.56652343,127.0311737,0,1,3,0.16,0.0016552562211009304
2324,068FABCF18,홍익**,,서울 성동구,요리주점,,20220525,,홍익동,서울특별시 성동구 마장로 203-1,서울특별시 성동구 홍익동 110,37.56666398,127.0325256,0,1,4,0.19333333333333333,0.0015869882826078942
2325,2D3C8D6F8A,갱상**********,,서울 성동구,한식-육류/고기,,20230717,,홍익동,서울특별시 성동구 마장로 203-1,서울특별시 성동구 홍익동 110,37.56666398,127.0325256,0,1,4,0.19333333333333333,0.0015869882826078942
2326,6B1134ACB2,갱상*******,,서울 성동구,한식-육류/고기,,20231222,,홍익동,서울특별시 성동구 마장로 203-1,서울특별시 성동구 홍익동 110,37.56666398,127.0325256,0,1,4,0.19333333333333333,0.0015869882826078942
2327,36348ED941,미라********,,서울 성동구,한식-단품요리일반,,20230727,,홍익동,서울특별시 성동구 마장로 203-1,서울특별시 성동구 홍익동 110,37.56666398,127.0325256,0,1,4,0.19333333333333333,0.0015869882826078942
2328,E08EC54D85,청춘********,,서울 성동구,한식-육류/고기,,20220623,,홍익동,서울특별시 성동구 마장로 204-1,서울특별시 성동구 홍익동 339,37.56637694,127.0324397,0,1,4,0.19333333333333333,0.001649975231857862
2329,1BCD8AC994,펠어*******,,서울 성동구,카페,왕십리,20240924,,홍익동,서울특별시 성동구 마장로 230-1,서울특별시 성동구 홍익동 123,37.56602929,127.0354291,0,1,5,0.22666666666666668,0.0017993597495077312
2330,E9DF09936C,펠*,,서울 성동구,한식-단품요리일반,왕십리,20230814,,홍익동,서울특별시 성동구 마장로 230-1,서울특별시 성동구 홍익동 123,37.56602929,127.0354291,0,1,5,0.22666666666666668,0.0017993597495077312
2331,6EF7FADB37,홍진*,,서울 성동구,치킨,,20240726,,마장동,서울특별시 성동구 마장로 293-2,서울특별시 성동구 마장동 772-6,37.5660661,127.0424063,1,1,5,0.3933333333333333,0.0051800468144620766
2332,012A64A73B,인생**,,서울 성동구,포장마차,,20181102,,마장동,서울특별시 성동구 마장로 319-1,서울특별시 성동구 마장동 769-9,37.56745374,127.0445599,0,2,3,0.22,0.002323022463141886
2333,2D56DC79C1,처갓*********,치킨30,서울 성동구,치킨,,20190129,20230515.0,홍익동,서울특별시 성동구 마장로23길 7,서울특별시 성동구 홍익동 39,37.56725308,127.0320808,0,1,3,0.16,0.0014766564425853321
2334,F439455087,처갓**********,치킨30,서울 성동구,치킨,,20230515,20241028.0,홍익동,서울특별시 성동구 마장로23길 7,서울특별시 성동구 홍익동 39,37.56725308,127.0320808,0,1,3,0.16,0.0014766564425853321
2335,4CE99C7D02,처갓**********,치킨30,서울 성동구,치킨,,20241028,,홍익동,서울특별시 성동구 마장로23길 7,서울특별시 성동구 홍익동 39,37.56725308,127.0320808,0,1,3,0.16,0.0014766564425853321
2336,D2392DB08D,마장*******,,서울 성동구,한식-감자탕,,20190513,,홍익동,서울특별시 성동구 마장로23길 7,서울특별시 성동구 홍익동 39,37.56725308,127.0320808,0,1,3,0.16,0.0014766564425853321
2337,4D57A4C1A5,해창**,,서울 성동구,축산물,왕십리,20200904,,홍익동,서울특별시 성동구 마장로26길 8,서울특별시 성동구 홍익동 160,37.56565926,127.0350942,0,1,5,0.22666666666666668,0.001874913378092207
2338,0B01EED5DC,지혜**,,서울 성동구,축산물,,20230106,,마장동,서울특별시 성동구 마장로31길 5,서울특별시 성동구 마장동 518-2,37.56678355,127.0373477,0,0,5,0.16666666666666669,0.0017063732226435223
2339,BC3B472D8E,갈십*,,서울 성동구,카페,한양대,20190131,,행당동,서울특별시 성동구 마조로 15-11,서울특별시 성동구 행당동 19-108,37.55892593,127.0404474,0,4,4,0.3733333333333333,0.0021312450102632116
2340,A4FE771AB2,철길*********,,서울 성동구,호프/맥주,한양대,20221227,,행당동,서울특별시 성동구 마조로 15-12,서울특별시 성동구 행당동 19-102,37.55896376,127.0402329,0,3,4,0.31333333333333335,0.002177357916725786
2341,E402643C21,한양**,,서울 성동구,호프/맥주,한양대,20240910,,행당동,서울특별시 성동구 마조로 15-13,서울특별시 성동구 행당동 19-109,37.55881413,127.0404138,0,4,4,0.3733333333333333,0.0021068678963432085
2342,13B170C44E,백*,,서울 성동구,백반/가정식,한양대,20220707,,행당동,서울특별시 성동구 마조로 15-13,서울특별시 성동구 행당동 19-109,37.55881413,127.0404138,0,4,4,0.3733333333333333,0.0021068678963432085
2343,898632E7CF,스시**,,서울 성동구,일식당,한양대,20170912,,행당동,서울특별시 성동구 마조로 15-14,서울특별시 성동구 행당동 19-103,37.55884232,127.0401888,0,3,4,0.31333333333333335,0.0021478776653519544
2344,B95A7665A4,호말**,,서울 성동구,커피전문점,한양대,20211115,,행당동,서울특별시 성동구 마조로 15-16,서울특별시 성동구 행당동 19-104,37.55872799,127.0401573,0,4,4,0.3733333333333333,0.00211912497655537
2345,21B58D4396,태원**,,서울 성동구,식료품,한양대,20210121,,행당동,서울특별시 성동구 마조로 19-10,서울특별시 성동구 행당동 19-49,37.5597853,127.0404768,0,3,5,0.3466666666666667,0.0023934484370487343
2346,85AE872C0E,제주*********,,서울 성동구,식료품,,20240318,,마장동,서울특별시 성동구 마조로 64-20,서울특별시 성동구 마장동 795-1,37.56407666,127.0422683,0,2,6,0.32,0.0023198388781712096
2347,6B62F6001E,유유**,,서울 성동구,커피전문점,한양대,20180320,,행당동,서울특별시 성동구 마조로11길 7,서울특별시 성동구 행당동 1-79,37.56170885,127.0406945,0,3,5,0.3466666666666667,0.0028211970050801435
2348,BA3F65BE47,츄로************************,,서울 성동구,커피전문점,한양대,20240216,,행당동,서울특별시 성동구 마조로11길 9,서울특별시 성동구 행당동 1-74,37.56170334,127.0404769,1,3,5,0.5133333333333334,0.0029859101394046003
2349,C5CC45C4BE,호식***********,치킨38,서울 성동구,치킨,,20201113,,마장동,서울특별시 성동구 마조로15길 2,서울특별시 성동구 마장동 815-19,37.56375259,127.0414382,0,4,4,0.3733333333333333,0.002360203189402786
2350,EE0A7B3068,효창***,,서울 성동구,축산물,,20241113,,마장동,서울특별시 성동구 마조로19길 7,서울특별시 성동구 마장동 797-90,37.56496719,127.0407617,0,3,5,0.3466666666666667,0.0024030357401009436
2351,B78082EBDD,띵똥**,베이커리3,서울 성동구,베이커리,한양대,20170331,,행당동,서울특별시 성동구 마조로1길 32,서울특별시 성동구 행당동 4-11,37.56024019,127.0394746,0,3,5,0.3466666666666667,0.003081970560297104
2352,A4B8D9B260,전원******,,서울 성동구,이자카야,한양대,20240116,,행당동,서울특별시 성동구 마조로1길 36,서울특별시 성동구 행당동 3-4,37.56060698,127.0394734,1,3,5,0.5133333333333334,0.003404329955794276
2353,B5AFB737F5,타*,,서울 성동구,카페,한양대,20200313,,행당동,서울특별시 성동구 마조로1길 39,서울특별시 성동구 행당동 168-78,37.5609489,127.0392349,1,3,5,0.5133333333333334,0.004060256052330501
2354,4554B97419,전원*************,,서울 성동구,포장마차,한양대,20240112,,행당동,서울특별시 성동구 마조로1길 39,서울특별시 성동구 행당동 168-78,37.5609489,127.0392349,1,3,5,0.5133333333333334,0.004060256052330501
2355,6235F64612,육쌈**,한식-냉면2,서울 성동구,한식-냉면,한양대,20190703,,행당동,서울특별시 성동구 마조로1길 39,서울특별시 성동구 행당동 168-78,37.5609489,127.0392349,1,3,5,0.5133333333333334,0.004060256052330501
2356,C224A1BCA1,새마********,한식-육류/고기12,서울 성동구,한식-육류/고기,한양대,20181227,,행당동,서울특별시 성동구 마조로1길 39,서울특별시 성동구 행당동 168-78,37.5609489,127.0392349,1,3,5,0.5133333333333334,0.004060256052330501
2357,7608ABD020,해탄******,,서울 성동구,한식-해물/생선,한양대,20240308,,행당동,서울특별시 성동구 마조로1길 39,서울특별시 성동구 행당동 168-78,37.5609489,127.0392349,1,3,5,0.5133333333333334,0.004060256052330501
2358,2EF97A568C,쭈꾸*********,,서울 성동구,한식-단품요리일반,한양대,20190909,,행당동,서울특별시 성동구 마조로1길 40,서울특별시 성동구 행당동 1-15,37.56088406,127.0394258,1,3,5,0.5133333333333334,0.0037336675668501176
2359,6C51C3210B,돌화***********,,서울 성동구,치킨,한양대,20240409,,행당동,서울특별시 성동구 마조로1길 41,서울특별시 성동구 행당동 1-13,37.56110452,127.0391974,2,3,5,0.6799999999999999,0.0043527538445143725
2360,A43D9F5A0D,명랑*********,베이커리4,서울 성동구,베이커리,한양대,20221125,,행당동,서울특별시 성동구 마조로1길 41,서울특별시 성동구 행당동 1-13,37.56110452,127.0391974,2,3,5,0.6799999999999999,0.0043527538445143725
2361,AD5BBEFD72,왕십********,,서울 성동구,일식-우동/소바/라면,한양대,20220218,,행당동,서울특별시 성동구 마조로1길 41,서울특별시 성동구 행당동 1-13,37.56110452,127.0391974,2,3,5,0.6799999999999999,0.0043527538445143725
2362,50BB2EA330,메가********,커피전문점2,서울 성동구,커피전문점,한양대,20170309,,행당동,서울특별시 성동구 마조로1길 42,서울특별시 성동구 행당동 1-17,37.56112246,127.0394155,1,3,5,0.5133333333333334,0.0040147696720297865
2363,099CE5DB1F,바*,,서울 성동구,한식-육류/고기,한양대,20240910,20250730.0,행당동,서울특별시 성동구 마조로3길 10,서울특별시 성동구 행당동 159-2,37.55864437,127.0396544,0,3,4,0.31333333333333335,0.002156749518611099
2364,C530609FDA,김두*,,서울 성동구,한식-육류/고기,한양대,20211208,20250721.0,행당동,서울특별시 성동구 마조로5길 10,서울특별시 성동구 행당동 4-26,37.56007077,127.0400978,0,3,5,0.3466666666666667,0.002653988461018552
2365,DFF4FC9533,한사********,,서울 성동구,포장마차,한양대,20171228,,행당동,서울특별시 성동구 마조로5길 11,서울특별시 성동구 행당동 19-37,37.55987828,127.0399315,0,3,5,0.3466666666666667,0.002625782496776867
2366,2CC7A59E1B,다트***,,서울 성동구,일반 유흥주점,한양대,20241007,,행당동,서울특별시 성동구 마조로5길 11,서울특별시 성동구 행당동 19-37,37.55987828,127.0399315,0,3,5,0.3466666666666667,0.002625782496776867
2367,833D6DB650,낙원**,한식-단품요리일반2,서울 성동구,한식-단품요리일반,한양대,20180112,,행당동,서울특별시 성동구 마조로5길 14,서울특별시 성동구 행당동 4-13,37.56000724,127.0396017,0,3,5,0.3466666666666667,0.0028427649877547654
2368,82E38303DD,봄의*******,,서울 성동구,양식,한양대,20230620,,행당동,서울특별시 성동구 마조로7길 13,서울특별시 성동구 행당동 3-7,37.56071265,127.0397914,1,3,5,0.5133333333333334,0.0032206467292165324
2369,6DC52C1CBC,오늘***********,와인바1,서울 성동구,와인바,한양대,20211123,,행당동,서울특별시 성동구 마조로7길 14,서울특별시 성동구 행당동 1-31,37.56089961,127.0397812,1,3,5,0.5133333333333334,0.0033633664677214766
2370,701E62EE56,맵당**********,,서울 성동구,한식-단품요리일반,한양대,20220502,20250703.0,행당동,서울특별시 성동구 마조로7길 14,서울특별시 성동구 행당동 1-31,37.56089961,127.0397812,1,3,5,0.5133333333333334,0.0033633664677214766
2371,AF2404C4F8,나희*****,,서울 성동구,한식-단품요리일반,한양대,20240701,,행당동,서울특별시 성동구 마조로9길 12,서울특별시 성동구 행당동 1-53,37.56136234,127.0401166,1,3,5,0.5133333333333334,0.00326221446896787
2372,8D8246AFD2,간식***********,,서울 성동구,아이스크림/빙수,한양대,20230911,,행당동,서울특별시 성동구 마조로9길 17,서울특별시 성동구 행당동 1-28,37.56106043,127.0395504,1,3,5,0.5133333333333334,0.0037574440453875396
2373,B9FF00B43A,얼음*****************,,서울 성동구,아이스크림/빙수,,20240813,,홍익동,서울특별시 성동구 무학로12길 2,서울특별시 성동구 홍익동 422,37.56717209,127.0303499,0,1,1,0.09333333333333332,0.0015027089932117192
2374,5126178CAE,다올**,,서울 성동구,떡/한과,,20240402,,홍익동,서울특별시 성동구 무학로14길 6,서울특별시 성동구 홍익동 429,37.56766093,127.0308556,0,1,1,0.09333333333333332,0.0013968549203180792
2375,282DE0EEF4,왕십******,,서울 성동구,한식-육류/고기,왕십리,20231023,,도선동,서울특별시 성동구 무학로2길 11,서울특별시 성동구 도선동 342,37.56431821,127.0312881,1,1,5,0.3933333333333333,0.0023854619469443504
2376,B5FA7D1201,행복**,,서울 성동구,주류,왕십리,20240911,,도선동,서울특별시 성동구 무학로2길 16,서울특별시 성동구 도선동 307-1,37.5639184,127.0317767,0,1,5,0.22666666666666668,0.0022417536149945847
2377,3F14DF48F3,스시****,,서울 성동구,일식당,왕십리,20230308,,도선동,서울특별시 성동구 무학로2길 16,서울특별시 성동구 도선동 307-1,37.5639184,127.0317767,0,1,5,0.22666666666666668,0.0022417536149945847
2378,8F7DEDE719,역전*********,호프/맥주5,서울 성동구,호프/맥주,왕십리,20191024,,도선동,서울특별시 성동구 무학로2길 30,서울특별시 성동구 도선동 268,37.56337408,127.0328693,0,3,5,0.3466666666666667,0.002220487903058011
2379,6A43ED334C,와이*******,,서울 성동구,룸살롱/단란주점,왕십리,20170918,,도선동,서울특별시 성동구 무학로2길 32,서울특별시 성동구 도선동 265,37.56319306,127.033215,0,4,5,0.4066666666666667,0.002282312618774103
2380,FA5108E188,햄찌**********,,서울 성동구,한식-찌개/전골,왕십리,20230224,,도선동,서울특별시 성동구 무학로2길 34,서울특별시 성동구 도선동 277,37.56319562,127.0333915,0,4,5,0.4066666666666667,0.0023097481805136807
2381,5C599A6F56,종로***********,,서울 성동구,한식-육류/고기,왕십리,20191122,,도선동,서울특별시 성동구 무학로2길 35,서울특별시 성동구 도선동 203-6,37.5633005,127.0337076,0,4,5,0.4066666666666667,0.0023472707487910633
2382,3556A9EA7B,베스******,,서울 성동구,룸살롱/단란주점,왕십리,20211104,,도선동,서울특별시 성동구 무학로2길 38,서울특별시 성동구 도선동 253-3,37.56307625,127.0336699,0,4,5,0.4066666666666667,0.002389002652922382
2383,28DEFF1F60,오사*********,,서울 성동구,이자카야,왕십리,20241127,,도선동,서울특별시 성동구 무학로2길 39,서울특별시 성동구 도선동 149,37.56299094,127.0342399,0,4,5,0.4066666666666667,0.00257816493004226
2384,FAC60AB34E,등촌***********,한식-국수/만두4,서울 성동구,한식-국수/만두,왕십리,20240619,,도선동,서울특별시 성동구 무학로2길 39,서울특별시 성동구 도선동 149,37.56299094,127.0342399,0,4,5,0.4066666666666667,0.00257816493004226
2385,CA01F6A76C,주전*,,서울 성동구,요리주점,왕십리,20200130,,도선동,서울특별시 성동구 무학로2길 41,서울특별시 성동구 도선동 148,37.56292559,127.0343496,0,4,5,0.4066666666666667,0.0026414535214798053
2386,F565E3EC41,앤*,,서울 성동구,일반 유흥주점,왕십리,20180402,,도선동,서울특별시 성동구 무학로2길 41,서울특별시 성동구 도선동 148,37.56292559,127.0343496,0,4,5,0.4066666666666667,0.0026414535214798053
2387,5D5111FAC3,귀한********,,서울 성동구,한식-육류/고기,왕십리,20230818,,도선동,서울특별시 성동구 무학로2길 43,서울특별시 성동구 도선동 144,37.56285546,127.0344615,0,4,5,0.4066666666666667,0.002714006746350599
2388,AAE6F17DA3,섬마*,,서울 성동구,한식-해물/생선,왕십리,20220729,,도선동,서울특별시 성동구 무학로2길 44,서울특별시 성동구 도선동 64,37.56269071,127.0343046,0,4,5,0.4066666666666667,0.002699930845340187
2389,44469393FD,에*,,서울 성동구,일반 유흥주점,왕십리,20230314,,도선동,서울특별시 성동구 무학로2길 45,서울특별시 성동구 도선동 87,37.5627026,127.0346343,0,3,5,0.3466666666666667,0.002860415226133727
2390,5A5EBCB3A8,엠비***********,,서울 성동구,일반 유흥주점,왕십리,20160628,,도선동,서울특별시 성동구 무학로2길 46,서울특별시 성동구 도선동 68,37.56244521,127.0345592,0,3,5,0.3466666666666667,0.0029153739995687812
2391,64477AD191,커피**,,서울 성동구,커피전문점,왕십리,20180514,20241010.0,도선동,서울특별시 성동구 무학로2길 48,서울특별시 성동구 도선동 43,37.56238876,127.0346948,0,3,5,0.3466666666666667,0.003024697905297282
2392,FC6E670F70,커피**,,서울 성동구,커피전문점,왕십리,20241010,,도선동,서울특별시 성동구 무학로2길 48,서울특별시 성동구 도선동 43,37.56238876,127.0346948,0,3,5,0.3466666666666667,0.003024697905297282
2393,E5E7DB8834,더블***,,서울 성동구,일반 유흥주점,왕십리,20201211,,도선동,서울특별시 성동구 무학로2길 48,서울특별시 성동구 도선동 43,37.56238876,127.0346948,0,3,5,0.3466666666666667,0.003024697905297282
2394,DAFBA48973,동해******,,서울 성동구,한식-해물/생선,왕십리,20241030,,도선동,서울특별시 성동구 무학로2길 48,서울특별시 성동구 도선동 43,37.56238876,127.0346948,0,3,5,0.3466666666666667,0.003024697905297282
2395,A41AFFA748,대명***,,서울 성동구,한식-육류/고기,왕십리,20200910,,도선동,서울특별시 성동구 무학로2길 50,서울특별시 성동구 도선동 40,37.56227508,127.0349137,1,3,5,0.5133333333333334,0.003242318677911056
2396,352569F469,더카***********************,,서울 성동구,카페,왕십리,20240509,,도선동,서울특별시 성동구 무학로2길 52,서울특별시 성동구 도선동 39-1,37.56209617,127.0351371,2,3,5,0.6799999999999999,0.003549562134143934
2397,6E069E8678,아이*******,아이스크림/빙수3,서울 성동구,아이스크림/빙수,왕십리,20220721,,도선동,서울특별시 성동구 무학로4길 30,서울특별시 성동구 도선동 185-24,37.56449374,127.0341672,0,4,5,0.4066666666666667,0.002110234545735362
2398,3FE6E9531A,원제**,,서울 성동구,축산물,왕십리,20200521,,홍익동,서울특별시 성동구 무학로6길 25,서울특별시 성동구 홍익동 284,37.56517022,127.0331578,0,1,4,0.19333333333333333,0.0018995903798238983
2399,B17C13DDBE,82****,,서울 성동구,양식,왕십리,20230327,,홍익동,서울특별시 성동구 무학로6길 33,서울특별시 성동구 홍익동 278-19,37.56507426,127.0338099,0,2,4,0.2533333333333333,0.0019394060076211677
2400,259546987D,82*****,,서울 성동구,백반/가정식,왕십리,20230816,,홍익동,서울특별시 성동구 무학로6길 33,서울특별시 성동구 홍익동 278-19,37.56507426,127.0338099,0,2,4,0.2533333333333333,0.0019394060076211677
2401,85B1514422,신영**,,서울 성동구,축산물,왕십리,20220616,,홍익동,서울특별시 성동구 무학로6길 47,서울특별시 성동구 홍익동 147-17,37.56491052,127.0354351,0,3,5,0.3466666666666667,0.0021334648069642366
2402,932F4562E9,파스*********,,서울 성동구,양식,왕십리,20240228,,도선동,서울특별시 성동구 무학로6길 50,서울특별시 성동구 도선동 69,37.5645962,127.0350239,0,3,5,0.3466666666666667,0.0021931045307887853
2403,CCFF1D98D6,쌤*,,서울 성동구,치킨,왕십리,20230323,,도선동,서울특별시 성동구 무학로6길 50,서울특별시 성동구 도선동 69,37.5645962,127.0350239,0,3,5,0.3466666666666667,0.0021931045307887853
2404,81591BC56A,아시***,,서울 성동구,식료품,왕십리,20170901,,도선동,서울특별시 성동구 무학로6길 50,서울특별시 성동구 도선동 69,37.5645962,127.0350239,0,3,5,0.3466666666666667,0.0021931045307887853
2405,9CD0B652B8,한국**,,서울 성동구,인삼제품,왕십리,20190325,,도선동,서울특별시 성동구 무학로6길 50,서울특별시 성동구 도선동 69,37.5645962,127.0350239,0,3,5,0.3466666666666667,0.0021931045307887853
2406,5A51AD1FF1,컴포*********,커피전문점11,서울 성동구,커피전문점,왕십리,20230116,,도선동,서울특별시 성동구 무학로6길 50,서울특별시 성동구 도선동 69,37.5645962,127.0350239,0,3,5,0.3466666666666667,0.0021931045307887853
2407,4FF1B07188,추선*,,서울 성동구,백반/가정식,왕십리,20180402,,도선동,서울특별시 성동구 무학로6길 50,서울특별시 성동구 도선동 69,37.5645962,127.0350239,0,3,5,0.3466666666666667,0.0021931045307887853
2408,F4EB8AB693,건강**,,서울 성동구,백반/가정식,왕십리,20180504,,도선동,서울특별시 성동구 무학로6길 50,서울특별시 성동구 도선동 69,37.5645962,127.0350239,0,3,5,0.3466666666666667,0.0021931045307887853
2409,6AA4F9B857,경동*****,,서울 성동구,백반/가정식,왕십리,20211019,,도선동,서울특별시 성동구 무학로6길 50,서울특별시 성동구 도선동 69,37.5645962,127.0350239,0,3,5,0.3466666666666667,0.0021931045307887853
2410,74E56D3EBE,마마**,,서울 성동구,백반/가정식,왕십리,20220419,,도선동,서울특별시 성동구 무학로6길 50,서울특별시 성동구 도선동 69,37.5645962,127.0350239,0,3,5,0.3466666666666667,0.0021931045307887853
2411,641F185DE4,도리*************,,서울 성동구,백반/가정식,왕십리,20230419,,도선동,서울특별시 성동구 무학로6길 50,서울특별시 성동구 도선동 69,37.5645962,127.0350239,0,3,5,0.3466666666666667,0.0021931045307887853
2412,D8B9E99952,양지*,,서울 성동구,한식-육류/고기,왕십리,20200311,,도선동,서울특별시 성동구 무학로6길 50,서울특별시 성동구 도선동 69,37.5645962,127.0350239,0,3,5,0.3466666666666667,0.0021931045307887853
2413,887F609C60,김사***********,,서울 성동구,한식-육류/고기,왕십리,20230126,,도선동,서울특별시 성동구 무학로6길 50,서울특별시 성동구 도선동 69,37.5645962,127.0350239,0,3,5,0.3466666666666667,0.0021931045307887853
2414,4CAFD6C3F4,김선*********,,서울 성동구,한식-육류/고기,왕십리,20230130,,도선동,서울특별시 성동구 무학로6길 50,서울특별시 성동구 도선동 69,37.5645962,127.0350239,0,3,5,0.3466666666666667,0.0021931045307887853
2415,A242CDED34,59***********,,서울 성동구,한식-육류/고기,왕십리,20230418,,도선동,서울특별시 성동구 무학로6길 50,서울특별시 성동구 도선동 69,37.5645962,127.0350239,0,3,5,0.3466666666666667,0.0021931045307887853
2416,6F9C8F530D,돌매*,,서울 성동구,한식-육류/고기,왕십리,20240117,,도선동,서울특별시 성동구 무학로6길 50,서울특별시 성동구 도선동 69,37.5645962,127.0350239,0,3,5,0.3466666666666667,0.0021931045307887853
2417,21BA47CF6E,김호*******,,서울 성동구,한식-국밥/설렁탕,왕십리,20200804,,도선동,서울특별시 성동구 무학로6길 50,서울특별시 성동구 도선동 69,37.5645962,127.0350239,0,3,5,0.3466666666666667,0.0021931045307887853
2418,49F556B92E,쉐르****,,서울 성동구,한식-단품요리일반,왕십리,20180607,,도선동,서울특별시 성동구 무학로6길 50,서울특별시 성동구 도선동 69,37.5645962,127.0350239,0,3,5,0.3466666666666667,0.0021931045307887853
2419,9FF6A227B7,부산*****,,서울 성동구,한식-단품요리일반,왕십리,20220405,,도선동,서울특별시 성동구 무학로6길 50,서울특별시 성동구 도선동 69,37.5645962,127.0350239,0,3,5,0.3466666666666667,0.0021931045307887853
2420,308272D87D,왕십****,,서울 성동구,한식-단품요리일반,왕십리,20180918,,홍익동,서울특별시 성동구 무학로6길 51,서울특별시 성동구 홍익동 133,37.56496903,127.0359153,0,3,5,0.3466666666666667,0.002164216647443149
2421,5EB844551A,아토******,,서울 성동구,카페,왕십리,20220124,,홍익동,서울특별시 성동구 무학로8길 21,서울특별시 성동구 홍익동 260,37.5656076,127.0333684,0,1,4,0.19333333333333333,0.0018092365958670702
2422,1AF84D2DC1,어폴******,,서울 성동구,카페,왕십리,20240605,,홍익동,서울특별시 성동구 무학로8길 29,서울특별시 성동구 홍익동 246,37.56546583,127.0341494,0,2,5,0.2866666666666667,0.0018663599351504481
2423,718E77B3A8,정성**,,서울 성동구,백반/가정식,왕십리,20220818,,홍익동,서울특별시 성동구 무학로8길 31,서울특별시 성동구 홍익동 242,37.56546709,127.0344395,0,2,5,0.2866666666666667,0.0018824039275836344
2424,09F834CF4D,송하*,,서울 성동구,한식-육류/고기,왕십리,20171201,,하왕십리동,서울특별시 성동구 무학봉15길 6,서울특별시 성동구 하왕십리동 973-9,37.56186523,127.0310213,0,1,5,0.22666666666666668,0.0020802921957705778
2425,14DA1400F7,비타***********,,서울 성동구,건강식품,왕십리,20230707,,하왕십리동,서울특별시 성동구 무학봉15길 8,서울특별시 성동구 하왕십리동 988-2,37.56187689,127.0308731,0,1,5,0.22666666666666668,0.0020721395621377944
2426,E5A898ED0C,평강****,,서울 성동구,한식-육류/고기,왕십리,20231120,,하왕십리동,서울특별시 성동구 무학봉16길 3,서울특별시 성동구 하왕십리동 977-6,37.56114832,127.0316355,0,4,5,0.4066666666666667,0.002088029619110021
2427,B528BA693F,렉(****,,서울 성동구,한식-단품요리일반,왕십리,20231006,,하왕십리동,서울특별시 성동구 무학봉16길 3,서울특별시 성동구 하왕십리동 977-6,37.56114832,127.0316355,0,4,5,0.4066666666666667,0.002088029619110021
2428,B615F252E2,메이******,,서울 성동구,베이커리,왕십리,20230407,,하왕십리동,서울특별시 성동구 무학봉21길 9,서울특별시 성동구 하왕십리동 973-1,37.5622717,127.0309094,0,1,5,0.22666666666666668,0.0021307244662662843
2429,A2A41AAC50,이지***********,,서울 성동구,카페,왕십리,20210712,,하왕십리동,서울특별시 성동구 무학봉26길 2,서울특별시 성동구 하왕십리동 966-43,37.56187691,127.0321332,0,3,5,0.3466666666666667,0.002185772945099586
2430,6DE0F0A2A3,희령******,,서울 성동구,한식-해물/생선,왕십리,20231121,,하왕십리동,서울특별시 성동구 무학봉26길 2,서울특별시 성동구 하왕십리동 966-43,37.56187691,127.0321332,0,3,5,0.3466666666666667,0.002185772945099586
2431,05D686D94E,그해**,,서울 성동구,식료품,왕십리,20210623,,하왕십리동,서울특별시 성동구 무학봉26길 3,서울특별시 성동구 하왕십리동 966-34,37.56200859,127.0323244,0,3,5,0.3466666666666667,0.002216477176421619
2432,B87969F843,왕십******,,서울 성동구,한식-육류/고기,왕십리,20181012,,하왕십리동,서울특별시 성동구 무학봉28길 1,서울특별시 성동구 하왕십리동 966-20,37.56253187,127.0323821,0,3,5,0.3466666666666667,0.0022276472368484707
2433,132EC808F2,59****,,서울 성동구,한식-육류/고기,왕십리,20190927,20250811.0,하왕십리동,서울특별시 성동구 무학봉28길 3,서울특별시 성동구 하왕십리동 966-116,37.56246823,127.0324897,0,3,5,0.3466666666666667,0.0022410420907375585
2434,8F1BE98A86,제이*******,,서울 성동구,한식-단품요리일반,왕십리,20240709,,하왕십리동,서울특별시 성동구 무학봉28길 7,서울특별시 성동구 하왕십리동 966-17,37.562202,127.0330748,0,4,5,0.4066666666666667,0.0023572371463040456
2435,9AFD0B9DFA,와시*,,서울 성동구,일식당,왕십리,20210601,,하왕십리동,서울특별시 성동구 무학봉28길 9,서울특별시 성동구 하왕십리동 966-16,37.56212042,127.0332375,0,4,5,0.4066666666666667,0.0024038091904484077
2436,3C6D370558,피자*,,서울 성동구,피자,,20170823,,사근동,서울특별시 성동구 사근동11길 3,서울특별시 성동구 사근동 204-13,37.56127554,127.047954,0,1,4,0.19333333333333333,0.0017954075188408298
2437,A66BAF7A4E,스시*****,,서울 성동구,일식당,,20220927,,사근동,서울특별시 성동구 사근동11길 7,서울특별시 성동구 사근동 217-3,37.56167405,127.0479605,0,1,3,0.16,0.0018360137822014376
2438,636D494093,한양*,,서울 성동구,백반/가정식,한양대,20240814,,사근동,서울특별시 성동구 사근동4길 11,서울특별시 성동구 사근동 176-9,37.56032956,127.046644,0,1,4,0.19333333333333333,0.0015802572981506457
2439,FF73A2D71A,스타***,,서울 성동구,한식-단품요리일반,한양대,20170202,,사근동,서울특별시 성동구 사근동8길 12,서울특별시 성동구 사근동 165,37.5601243,127.0466778,0,1,4,0.19333333333333333,0.001569300583251562
2440,361EC9A5E8,모음*******,,서울 성동구,양식,한양대,20190410,,행당동,서울특별시 성동구 살곶이8길 22,서울특별시 성동구 행당동 71-8,37.55630125,127.0429756,1,1,3,0.32666666666666666,0.002531058953087087
2441,7162A93F6B,(오*******,,서울 성동구,카페,한양대,20221024,,사근동,서울특별시 성동구 살곶이길 200,서울특별시 성동구 사근동 110,37.55791759,127.0493219,0,1,2,0.12666666666666665,0.001344291626001295
2442,BE6D091D98,우*,,서울 성동구,백반/가정식,한양대,20200731,,행당동,서울특별시 성동구 살곶이길 346,서울특별시 성동구 행당동 70-6,37.55620352,127.0411194,0,1,4,0.19333333333333333,0.0019017928384685323
2443,E9082AE454,35*****,,서울 성동구,분식,,20210824,,행당동,서울특별시 성동구 살곶이길 354,서울특별시 성동구 행당동 37-56,37.55691292,127.0410009,0,1,4,0.19333333333333333,0.00185701156408882
2444,C5FB5DF5D0,슬로********,,서울 성동구,양식,뚝섬,20230223,,성수동1가,서울특별시 성동구 상원10길 4-1,서울특별시 성동구 성수동1가 13-106,37.54908219,127.0485403,0,1,2,0.12666666666666665,0.0017843906628874958
2445,1A018DCAD1,숙도**,,서울 성동구,도시락,뚝섬,20221031,,성수동1가,서울특별시 성동구 상원10길 8-1,서울특별시 성동구 성수동1가 13-109,37.54930097,127.0489239,0,1,2,0.12666666666666665,0.0016533038465376937
2446,38C18AF0CF,우웨**,,서울 성동구,중식당,뚝섬,20230502,,성수동1가,서울특별시 성동구 상원1길 11-1,서울특별시 성동구 성수동1가 656-1098,37.54501235,127.0488257,0,2,3,0.22,0.0018581917020250413
2447,8E6AC8C283,남매***,,서울 성동구,한식-국수/만두,뚝섬,20200806,,성수동1가,서울특별시 성동구 상원1길 15-1,서울특별시 성동구 성수동1가 656-326,37.54521481,127.0485873,0,2,3,0.22,0.0019543515810415807
2448,C380136CEA,누메***,,서울 성동구,양식,뚝섬,20180518,,성수동1가,서울특별시 성동구 상원1길 35-9,서울특별시 성동구 성수동1가 656-1021,37.54636662,127.0473343,1,2,3,0.3866666666666666,0.0033084133618818865
2449,4F6821E9D7,스시*****,,서울 성동구,일식당,뚝섬,20210625,,성수동1가,서울특별시 성동구 상원1길 39-1,서울특별시 성동구 성수동1가 8-19,37.54697922,127.0468446,1,2,2,0.3533333333333333,0.004914366539946688
2450,AD8ADF090E,용이******,,서울 성동구,분식,뚝섬,20230323,,성수동1가,서울특별시 성동구 상원2길 1-10,서울특별시 성동구 성수동1가 14-44,37.54620461,127.0493282,0,2,3,0.22,0.0020239787737521006
2451,8B9E003063,프레****,,서울 성동구,양식,뚝섬,20230525,,성수동1가,서울특별시 성동구 상원2길 1-10,서울특별시 성동구 성수동1가 14-44,37.54620461,127.0493282,0,2,3,0.22,0.0020239787737521006
2452,FF2A41988A,와아*****,,서울 성동구,와인바,뚝섬,20230919,,성수동1가,서울특별시 성동구 상원2길 1-10,서울특별시 성동구 성수동1가 14-44,37.54620461,127.0493282,0,2,3,0.22,0.0020239787737521006
2453,327194B461,무*,,서울 성동구,일식당,뚝섬,20230404,,성수동1가,서울특별시 성동구 상원2길 1-10,서울특별시 성동구 성수동1가 14-44,37.54620461,127.0493282,0,2,3,0.22,0.0020239787737521006
2454,FBA935A166,어썸***,,서울 성동구,양식,뚝섬,20180921,,성수동1가,서울특별시 성동구 상원2길 5-11,서울특별시 성동구 성수동1가 14-50,37.54624338,127.0494755,0,1,3,0.16,0.0019775818850650082
2455,FF03884FF0,서후**,,서울 성동구,한식-육류/고기,뚝섬,20180821,,성수동1가,서울특별시 성동구 상원2길 5-11,서울특별시 성동구 성수동1가 14-50,37.54624338,127.0494755,0,1,3,0.16,0.0019775818850650082
2456,C76B1790F8,모멘*****,,서울 성동구,카페,뚝섬,20220303,,성수동1가,서울특별시 성동구 상원6길 11-1,서울특별시 성동구 성수동1가 13-125,37.54905932,127.0491598,0,1,3,0.16,0.0016857834212041206
2457,B53EDBB2ED,에그******,,서울 성동구,한식-단품요리일반,뚝섬,20200226,,성수동1가,서울특별시 성동구 상원6나길 14,서울특별시 성동구 성수동1가 13-309,37.54821941,127.049572,0,1,3,0.16,0.001829709323766897
2458,677AEC4179,독*,,서울 성동구,요리주점,뚝섬,20201111,,성수동1가,서울특별시 성동구 상원길 50-15,서울특별시 성동구 성수동1가 13-137,37.54880302,127.0486334,0,1,3,0.16,0.001883772304256287
2459,E09000C96D,하이***,,서울 성동구,양식,뚝섬,20230425,,성수동1가,서울특별시 성동구 상원길 50-31,서울특별시 성동구 성수동1가 13-139,37.54897851,127.048905,0,1,3,0.16,0.001757940266370006
2460,5095698AC0,지티******,,서울 성동구,양식,,20240129,,성수동1가,서울특별시 성동구 서울숲2길 13,서울특별시 성동구 성수동1가 685-502,37.54735398,127.0401493,0,0,3,0.1,0.0013618677487287332
2461,0A4491652C,카프******,,서울 성동구,양식,,20240829,,성수동1가,서울특별시 성동구 서울숲2길 13,서울특별시 성동구 성수동1가 685-502,37.54735398,127.0401493,0,0,3,0.1,0.0013618677487287332
2462,468982150B,암암*,,서울 성동구,백반/가정식,,20210728,,성수동1가,서울특별시 성동구 서울숲2길 13,서울특별시 성동구 성수동1가 685-502,37.54735398,127.0401493,0,0,3,0.1,0.0013618677487287332
2463,95CED9DF82,숲*,,서울 성동구,분식,,20200714,,성수동1가,서울특별시 성동구 서울숲2길 14,서울특별시 성동구 성수동1가 685-510,37.54720318,127.0400704,0,0,3,0.1,0.0013567898229868759
2464,CF19A96F63,피키**,,서울 성동구,양식,,20210909,20241114.0,성수동1가,서울특별시 성동구 서울숲2길 14,서울특별시 성동구 성수동1가 685-510,37.54720318,127.0400704,0,0,3,0.1,0.0013567898229868759
2465,D77841D9B4,뽈로***,,서울 성동구,스테이크,,20230605,,성수동1가,서울특별시 성동구 서울숲2길 15,서울특별시 성동구 성수동1가 685-467,37.54729977,127.0403118,0,0,3,0.1,0.0013700143206670638
2466,812202E747,뮐(******,,서울 성동구,한식-육류/고기,,20240412,,성수동1가,서울특별시 성동구 서울숲2길 15,서울특별시 성동구 성수동1가 685-467,37.54729977,127.0403118,0,0,3,0.1,0.0013700143206670638
2467,E549A26D24,쎄콩*****,,서울 성동구,양식,뚝섬,20210908,,성수동1가,서울특별시 성동구 서울숲2길 34,서울특별시 성동구 성수동1가 668-110,37.54655287,127.0423085,0,2,3,0.22,0.001578178970045473
2468,4482179D1C,밥잘*******,,서울 성동구,백반/가정식,뚝섬,20240925,,성수동1가,서울특별시 성동구 서울숲2길 36,서울특별시 성동구 성수동1가 668-112,37.54650137,127.0424401,0,2,3,0.22,0.0016002765629383145
2469,545BE56226,미술**********,,서울 성동구,일식-덮밥/돈가스,뚝섬,20231106,,성수동1가,서울특별시 성동구 서울숲2길 47,서울특별시 성동구 성수동1가 668-39,37.5463451,127.0440173,0,2,2,0.18666666666666665,0.0018913742713056274
2470,65E9AD1E06,란돌***************,,서울 성동구,한식-단품요리일반,뚝섬,20220628,,성수동1가,서울특별시 성동구 서울숲4길 13,서울특별시 성동구 성수동1가 668-30,37.54756905,127.0424499,0,2,3,0.22,0.0015326103208402552
2471,2CF63CC8AA,타크******,,서울 성동구,카페,뚝섬,20220517,,성수동1가,서울특별시 성동구 서울숲4길 16,서울특별시 성동구 성수동1가 668-75,37.5472717,127.0427732,0,2,3,0.22,0.0015900140484892608
2472,3AE8B97E90,파티********,,서울 성동구,카페,뚝섬,20200929,,성수동1가,서울특별시 성동구 서울숲4길 17,서울특별시 성동구 성수동1가 668-27,37.54741255,127.0429426,0,2,3,0.22,0.0016018755148892929
2473,64A48DF745,후추******,,서울 성동구,양식,뚝섬,20221026,,성수동1가,서울특별시 성동구 서울숲4길 21,서울특별시 성동구 성수동1가 668-25,37.54727878,127.0433553,0,2,2,0.18666666666666665,0.001672288723603346
2474,38BDC5B4AE,사길**,,서울 성동구,중식당,뚝섬,20230112,,성수동1가,서울특별시 성동구 서울숲4길 23,서울특별시 성동구 성수동1가 668-24,37.54723178,127.0435314,0,2,2,0.18666666666666665,0.0017052737630625782
2475,B0BF2F0AB2,베르*****,,서울 성동구,카페,뚝섬,20241028,,성수동1가,서울특별시 성동구 서울숲4길 26,서울특별시 성동구 성수동1가 668-42,37.5469843,127.043698,0,2,2,0.18666666666666665,0.0017585491494078443
2476,67A793BE25,밸런****,,서울 성동구,양식,뚝섬,20210601,20250820.0,성수동1가,서울특별시 성동구 서울숲4길 28,서울특별시 성동구 성수동1가 668-41,37.54695451,127.043843,0,2,2,0.18666666666666665,0.0017892705303878102
2477,950EA7A1A2,성수**,,서울 성동구,백반/가정식,뚝섬,20210709,,성수동1가,서울특별시 성동구 서울숲4길 28,서울특별시 성동구 성수동1가 668-41,37.54695451,127.043843,0,2,2,0.18666666666666665,0.0017892705303878102
2478,1F59865E54,최가********,,서울 성동구,한식-국수/만두,뚝섬,20240429,,성수동1가,서울특별시 성동구 서울숲6길 12,서울특별시 성동구 성수동1가 668-99,37.54756429,127.042925,0,2,3,0.22,0.0015883504401802302
2479,CE0E9B9A73,루쎄********,,서울 성동구,양식,뚝섬,20240827,,성수동1가,서울특별시 성동구 서울숲6길 13,서울특별시 성동구 성수동1가 668-5,37.5477165,127.0430658,0,2,3,0.22,0.0015947399702439173
2480,A0A1FF8F0B,시즈*********,,서울 성동구,카페,뚝섬,20220630,,성수동1가,서울특별시 성동구 서울숲6길 14,서울특별시 성동구 성수동1가 668-13,37.54752397,127.0430393,0,2,3,0.22,0.0016062088419945392
2481,115B45FBBE,정선***,,서울 성동구,백반/가정식,뚝섬,20171106,,성수동1가,서울특별시 성동구 서울숲6길 14,서울특별시 성동구 성수동1가 668-13,37.54752397,127.0430393,0,2,3,0.22,0.0016062088419945392
2482,7036B6AC6E,산약***,,서울 성동구,한식-육류/고기,성수,20190207,,성수동2가,서울특별시 성동구 성덕정13길 4,서울특별시 성동구 성수동2가 339-125,37.53808654,127.0534118,0,0,1,0.03333333333333333,0.0009281750709538028
2483,6B3F9F91EA,빵양**,,서울 성동구,꼬치구이,성수,20241122,,성수동2가,서울특별시 성동구 성덕정15길 3,서울특별시 성동구 성수동2가 339-114,37.5379675,127.0536555,0,0,1,0.03333333333333333,0.0009221548459070122
2484,12E8C996B1,국밥***,,서울 성동구,한식-국밥/설렁탕,성수,20241223,,성수동2가,서울특별시 성동구 성덕정15길 6,서울특별시 성동구 성수동2가 335-117,37.53812583,127.0537992,0,0,1,0.03333333333333333,0.0009326154361381876
2485,E300186CEB,연탄***,,서울 성동구,요리주점,성수,20180418,,성수동2가,서울특별시 성동구 성덕정17길 3,서울특별시 성동구 성수동2가 565-20,37.53754872,127.0551975,0,0,1,0.03333333333333333,0.0009072926996186697
2486,F7FAA7961C,헤*,,서울 성동구,요리주점,성수,20231107,,성수동2가,서울특별시 성동구 성덕정17길 4,서울특별시 성동구 성수동2가 566-35,37.53756008,127.0553745,0,0,1,0.03333333333333333,0.0009089853581694691
2487,01FDC9FAEA,성수**,,서울 성동구,포장마차,성수,20231108,,성수동2가,서울특별시 성동구 성덕정17길 4,서울특별시 성동구 성수동2가 566-35,37.53756008,127.0553745,0,0,1,0.03333333333333333,0.0009089853581694691
2488,C9EF27B57A,계자*,,서울 성동구,백반/가정식,성수,20211108,,성수동2가,서울특별시 성동구 성덕정17길 5,서울특별시 성동구 성수동2가 565-18,37.53775849,127.0551604,0,0,1,0.03333333333333333,0.0009183234589742632
2489,C9934643AC,사*,,서울 성동구,일식당,성수,20230330,,성수동2가,서울특별시 성동구 성덕정17길 7,서울특별시 성동구 성수동2가 565-17,37.53785319,127.0551588,0,0,1,0.03333333333333333,0.0009235591186615439
2490,D78F1F696C,굿누*,,서울 성동구,호프/맥주,성수,20200820,,성수동2가,서울특별시 성동구 성덕정17길 7,서울특별시 성동구 성수동2가 565-17,37.53785319,127.0551588,0,0,1,0.03333333333333333,0.0009235591186615439
2491,A8F5102FC7,진미**,,서울 성동구,백반/가정식,성수,20180802,,성수동2가,서울특별시 성동구 성덕정17길 8,서울특별시 성동구 성수동2가 566-12,37.53787398,127.0553958,0,0,1,0.03333333333333333,0.0009259669962974465
2492,99FF67EFD4,정희*****,,서울 성동구,한식-육류/고기,성수,20230530,,성수동2가,서울특별시 성동구 성덕정17길 9,서울특별시 성동구 성수동2가 565-15,37.53805177,127.055159,0,0,1,0.03333333333333333,0.0009349043638292427
2493,023652A43E,은빛******,,서울 성동구,한식-해물/생선,성수,20190711,,성수동2가,서울특별시 성동구 성덕정17길 9,서울특별시 성동구 성수동2가 565-15,37.53805177,127.055159,0,0,1,0.03333333333333333,0.0009349043638292427
2494,45E1109CF3,뚝섬***,,서울 성동구,한식-해물/생선,성수,20190429,,성수동2가,서울특별시 성동구 성덕정19길 3,서울특별시 성동구 성수동2가 566-20,37.53733099,127.0556946,0,0,0,0.0,0.0008995582132984509
2495,5E30D7653F,카멜****************,,서울 성동구,커피전문점,성수,20170605,,성수동2가,서울특별시 성동구 성덕정19길 6,서울특별시 성동구 성수동2가 570-1,37.53724376,127.0559124,0,0,0,0.0,0.0008969496394242842
2496,22B7683FF6,자*,,서울 성동구,일식당,,20240612,,성수동2가,서울특별시 성동구 성덕정21길 6,서울특별시 성동구 성수동2가 572-4,37.537255,127.057088,0,0,0,0.0,0.0009187593790157898
2497,30262EF19E,하이************,,서울 성동구,카페,성수,20240712,,성수동1가,서울특별시 성동구 성덕정9길 10,서울특별시 성동구 성수동1가 272,37.53901618,127.0499289,0,0,1,0.03333333333333333,0.0009963653295631263
2498,8EDC8EDB1E,뚝도**,,서울 성동구,한식-국수/만두,성수,20180426,,성수동2가,서울특별시 성동구 성덕정길 100,서울특별시 성동구 성수동2가 532-1,37.53739684,127.0545689,0,0,0,0.0,0.0008952898985849533
2499,C7EB1E8F0F,일월****,,서울 성동구,분식,성수,20240213,,성수동2가,서울특별시 성동구 성덕정길 102,서울특별시 성동구 성수동2가 564-1,37.53736036,127.0547319,0,0,0,0.0,0.0008944624207209998
2500,48DBF4F872,성수**,,서울 성동구,요리주점,성수,20231013,,성수동2가,서울특별시 성동구 성덕정길 103,서울특별시 성동구 성수동2가 565-5,37.53750946,127.0549543,0,0,1,0.03333333333333333,0.0009037034873819761
2501,E8F19A150F,피자*******,,서울 성동구,피자,성수,20210218,,성수동2가,서울특별시 성동구 성덕정길 109,서울특별시 성동구 성수동2가 566-10,37.53718802,127.0556511,0,0,0,0.0,0.0008923605874266265
2502,389F10CE1E,아지*,,서울 성동구,호프/맥주,,20231024,,성수동2가,서울특별시 성동구 성덕정길 118,서울특별시 성동구 성수동2가 574-11,37.5367548,127.0564539,0,0,0,0.0,0.0008852093395207685
2503,788C76269C,성수***,,서울 성동구,일식-덮밥/돈가스,,20240923,,성수동2가,서울특별시 성동구 성덕정길 120,서울특별시 성동구 성수동2가 574-5,37.53669253,127.0566701,0,0,0,0.0,0.000888202363752073
2504,7E39BD7D1A,우*,,서울 성동구,이자카야,,20230712,,성수동2가,서울특별시 성동구 성덕정길 121,서울특별시 성동구 성수동2가 572-8,37.53682095,127.0569757,0,0,0,0.0,0.0009002564122777224
2505,0E614A7B1A,후*,,서울 성동구,카페,,20220927,,성수동2가,서울특별시 성동구 성덕정길 127,서울특별시 성동구 성수동2가 573-7,37.53677592,127.0574923,0,0,0,0.0,0.0009119808765243916
2506,187D17CE25,성수*****,,서울 성동구,베이커리,,20240617,,성수동2가,서울특별시 성동구 성덕정길 127,서울특별시 성동구 성수동2가 573-7,37.53677592,127.0574923,0,0,0,0.0,0.0009119808765243916
2507,2CEF80C971,픽미************,,서울 성동구,아이스크림/빙수,,20220418,,성수동2가,서울특별시 성동구 성덕정길 127,서울특별시 성동구 성수동2가 573-7,37.53677592,127.0574923,0,0,0,0.0,0.0009119808765243916
2508,0FAD4CAABE,스위*****,,서울 성동구,카페,,20240521,,성수동2가,서울특별시 성동구 성덕정길 132,서울특별시 성동구 성수동2가 220-17,37.53649701,127.0579597,0,0,0,0.0,0.0009159342331243115
2509,BB59A21676,너랑**********,,서울 성동구,한식-육류/고기,,20180416,,성수동2가,서울특별시 성동구 성덕정길 133,서울특별시 성동구 성수동2가 225-12,37.53665964,127.0581425,0,0,0,0.0,0.000926278302297152
2510,562E873FFE,썬*,,서울 성동구,호프/맥주,,20180626,,성수동2가,서울특별시 성동구 성덕정길 134,서울특별시 성동구 성수동2가 220-19,37.53645601,127.0581586,0,0,0,0.0,0.0009205177004609908
2511,F7AB2719E7,스캔*,,서울 성동구,한식-단품요리일반,,20180419,20250708.0,성수동2가,서울특별시 성동구 성덕정길 136,서울특별시 성동구 성수동2가 219-29,37.53645838,127.0584661,0,0,0,0.0,0.0009299346530311418
2512,F326DA276A,핏자******,,서울 성동구,피자,,20220106,,성수동2가,서울특별시 성동구 성덕정길 139,서울특별시 성동구 성수동2가 225-8,37.53663932,127.0587917,0,0,0,0.0,0.0009454325798017131
2513,09801BCCB5,심토**,,서울 성동구,백반/가정식,,20241029,,성수동2가,서울특별시 성동구 성덕정길 141,서울특별시 성동구 성수동2가 228-5,37.5365808,127.0590693,0,0,0,0.0,0.0009528198515433444
2514,30602E70F0,건*,,서울 성동구,한식-단품요리일반,,20201217,,성수동2가,서울특별시 성동구 성덕정길 141,서울특별시 성동구 성수동2가 228-5,37.5365808,127.0590693,0,0,0,0.0,0.0009528198515433444
2515,6FDA7613EC,영동**,,서울 성동구,백반/가정식,,20170905,,성수동2가,서울특별시 성동구 성덕정길 145,서울특별시 성동구 성수동2가 228-1,37.53654182,127.0595448,0,0,0,0.0,0.000968211466417131
2516,916A68D648,헤*,,서울 성동구,한식-단품요리일반,,20221007,,성수동2가,서울특별시 성동구 성덕정길 150,서울특별시 성동구 성수동2가 209-1,37.53629412,127.0599125,0,0,1,0.03333333333333333,0.0009757550570222142
2517,E4E07865EF,프레****,,서울 성동구,양식,,20201027,,성수동2가,서울특별시 성동구 성덕정길 152,서울특별시 성동구 성수동2가 204-2,37.53629073,127.0602003,0,0,1,0.03333333333333333,0.0009870557094548767
2518,F0228002E3,부흥**,,서울 성동구,농산물,성수,20230329,,성수동2가,서울특별시 성동구 성수이로 118,서울특별시 성동구 성수동2가 277-17,37.54517369,127.0578573,1,1,1,0.26,0.0018224365314378987
2519,BDC1AFBD07,장위*********,백반/가정식20,서울 성동구,백반/가정식,성수,20190129,,성수동2가,서울특별시 성동구 성수이로 118,서울특별시 성동구 성수동2가 277-17,37.54517369,127.0578573,1,1,1,0.26,0.0018224365314378987
2520,557870DAE7,라성**,,서울 성동구,백반/가정식,성수,20220419,,성수동2가,서울특별시 성동구 성수이로 118,서울특별시 성동구 성수동2가 277-17,37.54517369,127.0578573,1,1,1,0.26,0.0018224365314378987
2521,DFA0B92DE8,라성**,,서울 성동구,한식-단품요리일반,성수,20231108,,성수동2가,서울특별시 성동구 성수이로 118,서울특별시 성동구 성수동2가 277-17,37.54517369,127.0578573,1,1,1,0.26,0.0018224365314378987
2522,35A9CD5DCA,칼(****,,서울 성동구,한식-국수/만두,성수,20220831,,성수동2가,서울특별시 성동구 성수이로 126,서울특별시 성동구 성수동2가 277-20,37.54611519,127.0577671,0,1,1,0.09333333333333332,0.0015583753875935
2523,401DA3A519,돼지**,,서울 성동구,한식-육류/고기,성수,20211104,,성수동2가,서울특별시 성동구 성수이로 126,서울특별시 성동구 성수동2가 277-20,37.54611519,127.0577671,0,1,1,0.09333333333333332,0.0015583753875935
2524,0C1B547B6E,에젤**,,서울 성동구,커피전문점,성수,20180430,,성수동2가,서울특별시 성동구 성수이로 127,서울특별시 성동구 성수동2가 289-8,37.54629007,127.0573991,0,1,1,0.09333333333333332,0.001579475990864884
2525,4F9BAC95BF,일심*,,서울 성동구,한식-해물/생선,성수,20180502,,성수동2가,서울특별시 성동구 성수이로 127,서울특별시 성동구 성수동2가 289-8,37.54629007,127.0573991,0,1,1,0.09333333333333332,0.001579475990864884
2526,519381C21B,그리*,,서울 성동구,양식,성수,20230126,,성수동2가,서울특별시 성동구 성수이로 147,서울특별시 성동구 성수동2가 289-319,37.54807181,127.0575676,0,1,1,0.09333333333333332,0.0011540794785321125
2527,7F5F0D0F33,더벤*********,커피전문점1,서울 성동구,커피전문점,성수,20240510,,성수동2가,서울특별시 성동구 성수이로 147,서울특별시 성동구 성수동2가 289-319,37.54807181,127.0575676,0,1,1,0.09333333333333332,0.0011540794785321125
2528,4FAC32FBDC,우리***,,서울 성동구,백반/가정식,성수,20190612,,성수동2가,서울특별시 성동구 성수이로 147,서울특별시 성동구 성수동2가 289-319,37.54807181,127.0575676,0,1,1,0.09333333333333332,0.0011540794785321125
2529,BFFAC4B600,호랑*,,서울 성동구,한식-육류/고기,성수,20211015,,성수동2가,서울특별시 성동구 성수이로 147,서울특별시 성동구 성수동2가 289-319,37.54807181,127.0575676,0,1,1,0.09333333333333332,0.0011540794785321125
2530,25B6936E82,쇼콜****,,서울 성동구,식료품,뚝섬,20231127,,성수동1가,서울특별시 성동구 성수일로 111,서울특별시 성동구 성수동1가 13-17,37.55045285,127.051583,0,0,2,0.06666666666666667,0.0012364108379120842
2531,4A01501171,커피************,,서울 성동구,커피전문점,뚝섬,20240531,,성수동1가,서울특별시 성동구 성수일로 111,서울특별시 성동구 성수동1가 13-17,37.55045285,127.051583,0,0,2,0.06666666666666667,0.0012364108379120842
2532,17251C4F10,성수*****,,서울 성동구,한식-단품요리일반,,20200429,,송정동,서울특별시 성동구 송정4가길 65,서울특별시 성동구 송정동 73-973,37.55171895,127.0668168,0,0,0,0.0,0.0009087175840513866
2533,147EC9E665,어묵**,,서울 성동구,식료품,성수,20180822,,성수동2가,서울특별시 성동구 아차산로 100,서울특별시 성동구 성수동2가 300-1,37.5445024,127.0560905,1,1,1,0.26,0.013751219624527685
2534,362A12ACAB,필리******,,서울 성동구,양식,성수,20230512,,성수동2가,서울특별시 성동구 아차산로 103,서울특별시 성동구 성수동2가 300-4,37.54504844,127.0558145,1,1,2,0.29333333333333333,0.004418438314381377
2535,416F075512,성수**,,서울 성동구,한식-육류/고기,성수,20240412,,성수동2가,서울특별시 성동구 아차산로 110,서울특별시 성동구 성수동2가 315-97,37.54418738,127.0561575,1,1,1,0.26,0.004904474493773803
2536,770A25491E,메가**********,커피전문점2,서울 성동구,커피전문점,성수,20230811,,성수동2가,서울특별시 성동구 아차산로 113,서울특별시 성동구 성수동2가 300-1,37.5446931,127.0569339,1,1,1,0.26,0.0030113454727894373
2537,0C25C3B746,성수*******,샌드위치/토스트2,서울 성동구,샌드위치/토스트,성수,20230130,,성수동2가,서울특별시 성동구 아차산로 113,서울특별시 성동구 성수동2가 300-1,37.5446931,127.0569339,1,1,1,0.26,0.0030113454727894373
2538,43376C6456,이가****,꼬치구이2,서울 성동구,꼬치구이,성수,20210521,,성수동2가,서울특별시 성동구 아차산로 116,서울특별시 성동구 성수동2가 315-1,37.54404155,127.0566276,1,1,1,0.26,0.0030892996010427553
2539,5529CDFCDF,토끼****,,서울 성동구,민속주점,성수,20200825,,성수동2가,서울특별시 성동구 아차산로 116,서울특별시 성동구 성수동2가 315-1,37.54404155,127.0566276,1,1,1,0.26,0.0030892996010427553
2540,908B8FB682,소안***,,서울 성동구,백반/가정식,성수,20210524,,성수동2가,서울특별시 성동구 아차산로 126,서울특별시 성동구 성수동2가 273-52,37.54349891,127.0580539,0,1,1,0.09333333333333332,0.0016290386741731413
2541,00F733C995,성수*************,,서울 성동구,한식-육류/고기,성수,20210317,,성수동2가,서울특별시 성동구 아차산로 126,서울특별시 성동구 성수동2가 273-52,37.54349891,127.0580539,0,1,1,0.09333333333333332,0.0016290386741731413
2542,E476C4A851,마르***,,서울 성동구,한식-단품요리일반,성수,20210521,20240102.0,성수동2가,서울특별시 성동구 아차산로 126,서울특별시 성동구 성수동2가 273-52,37.54349891,127.0580539,0,1,1,0.09333333333333332,0.0016290386741731413
2543,B2240E407A,에이*********,,서울 성동구,카페,성수,20201201,,성수동2가,서울특별시 성동구 아차산로 135,서울특별시 성동구 성수동2가 277-56,37.54394328,127.0589669,0,1,1,0.09333333333333332,0.0014510581119012006
2544,6F85E6F670,에르*******,,서울 성동구,식료품,성수,20210104,,성수동2가,서울특별시 성동구 아차산로 135,서울특별시 성동구 성수동2가 277-56,37.54394328,127.0589669,0,1,1,0.09333333333333332,0.0014510581119012006
2545,EB1B4CDCD1,잠수**,,서울 성동구,한식-육류/고기,,20200214,,성수동2가,서울특별시 성동구 아차산로 137,서울특별시 성동구 성수동2가 277-156,37.54381072,127.0593677,0,1,1,0.09333333333333332,0.0013669246254976722
2546,0C9C887E27,에이******,,서울 성동구,커피전문점,,20240124,,성수동2가,서울특별시 성동구 아차산로 144,서울특별시 성동구 성수동2가 273-15,37.54311881,127.0596099,0,1,1,0.09333333333333332,0.0012909270231189597
2547,0C8BE8ECAD,카페******,,서울 성동구,카페,,20220906,,성수동2가,서울특별시 성동구 아차산로 153,서울특별시 성동구 성수동2가 277-61,37.54343291,127.0610101,0,1,2,0.12666666666666665,0.001206255768838053
2548,75F4B46777,진수**,,서울 성동구,한식뷔페,성수,20171010,,성수동2가,서울특별시 성동구 연무장13길 9,서울특별시 성동구 성수동2가 273-19,37.54258368,127.0582193,0,1,1,0.09333333333333332,0.0013940644119089733
2549,5D86802675,프롤*********,,서울 성동구,카페,,20210406,,성수동2가,서울특별시 성동구 연무장17길 5,서울특별시 성동구 성수동2가 272-35,37.54125306,127.0609402,0,0,2,0.06666666666666667,0.00115812328829529
2550,BF702C4B97,성수**,,서울 성동구,와인바,,20210914,,성수동2가,서울특별시 성동구 연무장17길 5,서울특별시 성동구 성수동2가 272-35,37.54125306,127.0609402,0,0,2,0.06666666666666667,0.00115812328829529
2551,CA789A700E,온누*,,서울 성동구,백반/가정식,,20230713,,성수동2가,서울특별시 성동구 연무장17길 6,서울특별시 성동구 성수동2가 275-75,37.54136074,127.0612828,0,0,2,0.06666666666666667,0.001165186871618065
2552,132078A4FE,플라*****,,서울 성동구,커피전문점,성수,20220401,,성수동2가,서울특별시 성동구 연무장3길 13,서울특별시 성동구 성수동2가 301-8,37.54491311,127.0516611,0,2,3,0.22,0.0015513719246067106
2553,2E8B2318F2,스탠*****,,서울 성동구,카페,성수,20210119,,성수동2가,서울특별시 성동구 연무장3길 14,서울특별시 성동구 성수동2가 302-24,37.54477086,127.0518411,0,2,3,0.22,0.0015476599563875963
2554,DEABE6F7A5,남다*******,,서울 성동구,백반/가정식,성수,20180810,,성수동2가,서울특별시 성동구 연무장7길 12,서울특별시 성동구 성수동2가 315-70,37.54366983,127.0548404,1,1,2,0.29333333333333333,0.0021762016344754474
2555,D406BC7817,김사****,,서울 성동구,한식-해물/생선,성수,20200618,,성수동2가,서울특별시 성동구 연무장7길 16,서울특별시 성동구 성수동2가 315-58,37.54394848,127.0550987,1,1,2,0.29333333333333333,0.0026810289011409715
2556,CF11E9E059,매머***************,,서울 성동구,커피전문점,성수,20211020,,성수동2가,서울특별시 성동구 연무장9길 10,서울특별시 성동구 성수동2가 315-17,37.54306569,127.0560272,1,1,1,0.26,0.0019187636351983013
2557,AD3A7FC51E,바오**,,서울 성동구,중식당,,20220506,,성수동2가,서울특별시 성동구 연무장길 110,서울특별시 성동구 성수동2가 275-14,37.54055245,127.06129,0,0,2,0.06666666666666667,0.0011467372293144423
2558,16FA1843AE,차일**,,서울 성동구,카페,,20230821,,성수동2가,서울특별시 성동구 연무장길 114,서울특별시 성동구 성수동2가 275-12,37.54045527,127.0615547,0,0,2,0.06666666666666667,0.0011555839071754257
2559,A1A793329B,샌드*******,,서울 성동구,샌드위치/토스트,,20190628,,성수동2가,서울특별시 성동구 연무장길 114,서울특별시 성동구 성수동2가 275-12,37.54045527,127.0615547,0,0,2,0.06666666666666667,0.0011555839071754257
2560,A2C52B6B6A,차일**,,서울 성동구,한식-단품요리일반,,20220608,20230821.0,성수동2가,서울특별시 성동구 연무장길 114,서울특별시 성동구 성수동2가 275-12,37.54045527,127.0615547,0,0,2,0.06666666666666667,0.0011555839071754257
2561,9CF8A5D7BA,신사********,한식-육류/고기15,서울 성동구,한식-육류/고기,성수,20241014,,성수동2가,서울특별시 성동구 연무장길 5-9,서울특별시 성동구 성수동2가 301-61,37.54425468,127.0503666,0,2,3,0.22,0.001552514299919036
2562,285AE413AF,윈야****,,서울 성동구,양식,성수,20220127,,성수동1가,서울특별시 성동구 연무장길 8-1,서울특별시 성동구 성수동1가 16-33,37.54384858,127.0504216,0,2,3,0.22,0.0015050634839941144
2563,82E74E7BC1,고우**,,서울 성동구,백반/가정식,성수,20221027,,성수동2가,서울특별시 성동구 연무장길 9-1,서울특별시 성동구 성수동2가 301-52,37.54393224,127.050734,0,2,3,0.22,0.0014981337085428182
2564,3991680872,밀키****,,서울 성동구,한식-단품요리일반,성수,20231121,,성수동2가,서울특별시 성동구 연무장길 9-1,서울특별시 성동구 성수동2가 301-52,37.54393224,127.050734,0,2,3,0.22,0.0014981337085428182
2565,929615BC0A,빽다*******,커피전문점4,서울 성동구,커피전문점,뚝섬,20240405,,성수동1가,서울특별시 성동구 왕십리로 100,서울특별시 성동구 성수동1가 656-565,37.54646912,127.0448778,0,2,2,0.18666666666666665,0.0020857379567554815
2566,BCA89C9A13,커피*******,,서울 성동구,카페,뚝섬,20210125,,성수동1가,서울특별시 성동구 왕십리로 102,서울특별시 성동구 성수동1가 656-604,37.54662743,127.044872,0,2,2,0.18666666666666665,0.002075438658942574
2567,BE7CFBC6B2,피비**,,서울 성동구,와인바,뚝섬,20211224,,성수동1가,서울특별시 성동구 왕십리로 102,서울특별시 성동구 성수동1가 656-604,37.54662743,127.044872,0,2,2,0.18666666666666665,0.002075438658942574
2568,1A8BA43A9D,19***************,,서울 성동구,양식,뚝섬,20220527,,성수동1가,서울특별시 성동구 왕십리로 106,서울특별시 성동구 성수동1가 656-967,37.5470128,127.0448195,0,2,2,0.18666666666666665,0.0020311796641778257
2569,6A74F1538A,왕돈******,일식-덮밥/돈가스2,서울 성동구,일식-덮밥/돈가스,뚝섬,20171205,,성수동1가,서울특별시 성동구 왕십리로 107,서울특별시 성동구 성수동1가 656-953,37.54715036,127.0444124,0,2,2,0.18666666666666665,0.0018971182929494426
2570,9D63C0B760,쎄시*****,,서울 성동구,양식,뚝섬,20231221,,성수동1가,서울특별시 성동구 왕십리로 108,서울특별시 성동구 성수동1가 656-1069,37.54719851,127.0447848,0,2,2,0.18666666666666665,0.0020006865282229547
2571,0ACB344C1B,경성***,,서울 성동구,베이커리,뚝섬,20200514,,성수동1가,서울특별시 성동구 왕십리로 108,서울특별시 성동구 성수동1가 656-1069,37.54719851,127.0447848,0,2,2,0.18666666666666665,0.0020006865282229547
2572,D20D8BF71F,본(****,,서울 성동구,일반 유흥주점,뚝섬,20220927,,성수동1가,서울특별시 성동구 왕십리로 108,서울특별시 성동구 성수동1가 656-1069,37.54719851,127.0447848,0,2,2,0.18666666666666665,0.0020006865282229547
2573,F5A33FDFC2,뚝딱****,,서울 성동구,한식-육류/고기,뚝섬,20221028,,성수동1가,서울특별시 성동구 왕십리로 108,서울특별시 성동구 성수동1가 656-1069,37.54719851,127.0447848,0,2,2,0.18666666666666665,0.0020006865282229547
2574,E5BF99B7A0,성수****,,서울 성동구,양식,뚝섬,20170704,,성수동1가,서울특별시 성동구 왕십리로 114,서울특별시 성동구 성수동1가 656-297,37.54768543,127.044746,0,2,2,0.18666666666666665,0.001918835322304471
2575,8C98E1C09B,파파********,피자7,서울 성동구,피자,뚝섬,20210429,,성수동1가,서울특별시 성동구 왕십리로 114,서울특별시 성동구 성수동1가 656-297,37.54768543,127.044746,0,2,2,0.18666666666666665,0.001918835322304471
2576,A412739857,디 *********,,서울 성동구,카페,뚝섬,20230714,,성수동1가,서울특별시 성동구 왕십리로 115,서울특별시 성동구 성수동1가 656-75,37.54792018,127.0441377,0,2,2,0.18666666666666665,0.0017403967196128912
2577,C5C7C7B0FE,청죽*,,서울 성동구,백반/가정식,뚝섬,20210928,,성수동1가,서울특별시 성동구 왕십리로 134,서울특별시 성동구 성수동1가 656-970,37.54952648,127.0446298,0,1,3,0.16,0.0015747700395423662
2578,5D68AB9C70,훼미********,,서울 성동구,한식-육류/고기,뚝섬,20160929,,성수동1가,서울특별시 성동구 왕십리로 134,서울특별시 성동구 성수동1가 656-970,37.54952648,127.0446298,0,1,3,0.16,0.0015747700395423662
2579,EE2DE56210,팩피*******,,서울 성동구,양식,뚝섬,20170908,,성수동1가,서울특별시 성동구 왕십리로 136,서울특별시 성동구 성수동1가 656-947,37.54969337,127.0445638,0,1,3,0.16,0.001548856871228133
2580,D4BD053ECB,무브*********,,서울 성동구,일반 유흥주점,뚝섬,20231207,,성수동1가,서울특별시 성동구 왕십리로 136,서울특별시 성동구 성수동1가 656-947,37.54969337,127.0445638,0,1,3,0.16,0.001548856871228133
2581,F136D24734,달콤****,,서울 성동구,베이커리,한양대,20200420,,행당동,서울특별시 성동구 왕십리로 206,서울특별시 성동구 행당동 산17,37.55557788,127.0435845,1,1,1,0.26,0.006541874309206617
2582,9CC514117B,의정******,한식-찌개/전골2,서울 성동구,한식-찌개/전골,한양대,20210406,,행당동,서울특별시 성동구 왕십리로 217,서울특별시 성동구 행당동 32-19,37.5568265,127.0427948,1,1,4,0.36,0.0021138644904224774
2583,ED8A95E5CB,공차**********,차1,서울 성동구,차,한양대,20190211,,사근동,서울특별시 성동구 왕십리로 222,서울특별시 성동구 사근동 110,37.55450355,127.0466112,0,1,1,0.09333333333333332,0.0015509391428769005
2584,B24D425CDE,김밥**,분식2,서울 성동구,분식,한양대,20180824,,사근동,서울특별시 성동구 왕십리로 222,서울특별시 성동구 사근동 110,37.55450355,127.0466112,0,1,1,0.09333333333333332,0.0015509391428769005
2585,293EA4B2A0,유니**,,서울 성동구,분식,한양대,20240208,,사근동,서울특별시 성동구 왕십리로 222,서울특별시 성동구 사근동 110,37.55450355,127.0466112,0,1,1,0.09333333333333332,0.0015509391428769005
2586,EE3122B53A,매란***,,서울 성동구,중식당,한양대,20210525,,사근동,서울특별시 성동구 왕십리로 222,서울특별시 성동구 사근동 110,37.55450355,127.0466112,0,1,1,0.09333333333333332,0.0015509391428769005
2587,AF1AD2ECAD,일구**,,서울 성동구,중식당,한양대,20230104,,사근동,서울특별시 성동구 왕십리로 222,서울특별시 성동구 사근동 110,37.55450355,127.0466112,0,1,1,0.09333333333333332,0.0015509391428769005
2588,6CB3606866,투썸***************,커피전문점13,서울 성동구,커피전문점,한양대,20170629,,사근동,서울특별시 성동구 왕십리로 222,서울특별시 성동구 사근동 110,37.55450355,127.0466112,0,1,1,0.09333333333333332,0.0015509391428769005
2589,0A043079E8,신의*****,한식-육류/고기16,서울 성동구,한식-육류/고기,한양대,20181207,,사근동,서울특별시 성동구 왕십리로 222,서울특별시 성동구 사근동 110,37.55450355,127.0466112,0,1,1,0.09333333333333332,0.0015509391428769005
2590,B1A685CB2A,랭스*********,,서울 성동구,카페,한양대,20240329,,행당동,서울특별시 성동구 왕십리로 235,서울특별시 성동구 행당동 28-19,37.55732949,127.0414062,0,1,4,0.19333333333333333,0.0018715725448371836
2591,E322BB2F76,지지******,분식16,서울 성동구,분식,한양대,20210823,,행당동,서울특별시 성동구 왕십리로 236,서울특별시 성동구 행당동 26-6,37.55784407,127.0413311,0,1,4,0.19333333333333333,0.001882386805076644
2592,48C1483437,여백***,,서울 성동구,카페,,20170213,,행당동,서울특별시 성동구 왕십리로 241,서울특별시 성동구 행당동 377,37.55716866,127.0401049,0,1,4,0.19333333333333333,0.0018286344857507328
2593,BF88DF05E7,에스***********,,서울 성동구,식료품,왕십리,20170522,,행당동,서울특별시 성동구 왕십리로 257,서울특별시 성동구 행당동 128-22,37.55804427,127.038691,0,3,4,0.31333333333333335,0.0020542414975933346
2594,276A8846C9,한양*,,서울 성동구,백반/가정식,왕십리,20190222,,행당동,서울특별시 성동구 왕십리로 257,서울특별시 성동구 행당동 128-22,37.55804427,127.038691,0,3,4,0.31333333333333335,0.0020542414975933346
2595,9748DB8705,아이***********,담배1,서울 성동구,담배,왕십리,20180727,,행당동,서울특별시 성동구 왕십리로 259,서울특별시 성동구 행당동 130-120,37.55817301,127.038435,0,3,5,0.3466666666666667,0.0021129495979925602
2596,A4A6A57812,꽃찬*********,한식-육류/고기3,서울 성동구,한식-육류/고기,,20180515,,행당동,서울특별시 성동구 왕십리로 273,서울특별시 성동구 행당동 133-7,37.55877798,127.0371813,0,3,5,0.3466666666666667,0.00244972354584277
2597,F719EFDFC0,어메**,,서울 성동구,한식-육류/고기,왕십리,20170802,,행당동,서울특별시 성동구 왕십리로 280,서울특별시 성동구 행당동 147,37.56020472,127.0380178,2,3,5,0.6799999999999999,0.003943786218885802
2598,376A5D3F6B,치킨***,,서울 성동구,치킨,왕십리,20220926,,행당동,서울특별시 성동구 왕십리로 284,서울특별시 성동구 행당동 227-1,37.55977863,127.0369048,1,3,5,0.5133333333333334,0.0033931995054092743
2599,E64A353E00,루비*****,,서울 성동구,일반 유흥주점,왕십리,20241022,,행당동,서울특별시 성동구 왕십리로 284,서울특별시 성동구 행당동 227-1,37.55977863,127.0369048,1,3,5,0.5133333333333334,0.0033931995054092743
2600,4B32EF06FA,샤보**,,서울 성동구,백반/가정식,왕십리,20231222,,행당동,서울특별시 성동구 왕십리로 287,서울특별시 성동구 행당동 245,37.55978903,127.0361849,1,3,5,0.5133333333333334,0.0031975657542212786
2601,D8A875AA9D,고품******,,서울 성동구,한식-육류/고기,왕십리,20241112,,행당동,서울특별시 성동구 왕십리로 293,서울특별시 성동구 행당동 267-15,37.56028631,127.0358381,1,3,5,0.5133333333333334,0.0036451332165609134
2602,68E9B3CBB0,시올******,,서울 성동구,한식-단품요리일반,왕십리,20230602,,행당동,서울특별시 성동구 왕십리로 295,서울특별시 성동구 행당동 268,37.56044131,127.0357361,2,3,5,0.6799999999999999,0.003756133020918965
2603,6FE0E66A8A,이디*,커피전문점6,서울 성동구,커피전문점,왕십리,20170320,,행당동,서울특별시 성동구 왕십리로 309,서울특별시 성동구 행당동 287-15,37.5613777,127.0345826,0,3,5,0.3466666666666667,0.0030963231177531672
2604,99EA6AF2C9,홍능******,,서울 성동구,한식-육류/고기,왕십리,20200904,,행당동,서울특별시 성동구 왕십리로 309,서울특별시 성동구 행당동 287-15,37.5613777,127.0345826,0,3,5,0.3466666666666667,0.0030963231177531672
2605,EC9D2C4B17,민준**,,서울 성동구,한식-육류/고기,왕십리,20170504,,행당동,서울특별시 성동구 왕십리로 313,서울특별시 성동구 행당동 286-7,37.56158625,127.0343917,0,3,5,0.3466666666666667,0.0029601015288632632
2606,12A28908F1,바나********,카페5,서울 성동구,카페,왕십리,20240123,20250729.0,행당동,서울특별시 성동구 왕십리로 315,서울특별시 성동구 행당동 286-5,37.56172108,127.0342377,0,3,5,0.3466666666666667,0.002854610874566541
2607,741A5F2B65,디(***********,,서울 성동구,양식,왕십리,20170913,,도선동,서울특별시 성동구 왕십리로 318,서울특별시 성동구 도선동 45,37.56220673,127.0345097,0,3,5,0.3466666666666667,0.002956697087097237
2608,4CE9DA1D26,백억*******,,서울 성동구,카페,왕십리,20240425,,도선동,서울특별시 성동구 왕십리로 328,서울특별시 성동구 도선동 253-12,37.5628245,127.0334002,0,4,5,0.4066666666666667,0.0023724847320327302
2609,15460DF7A9,골드*****,,서울 성동구,일반 유흥주점,왕십리,20231204,,도선동,서울특별시 성동구 왕십리로 328,서울특별시 성동구 도선동 253-12,37.5628245,127.0334002,0,4,5,0.4066666666666667,0.0023724847320327302
2610,203FCB7DD9,써브********,샌드위치/토스트2,서울 성동구,샌드위치/토스트,왕십리,20190724,20250716.0,도선동,서울특별시 성동구 왕십리로 328,서울특별시 성동구 도선동 253-12,37.5628245,127.0334002,0,4,5,0.4066666666666667,0.0023724847320327302
2611,560D700A0A,김승***,,서울 성동구,일식당,왕십리,20210114,,하왕십리동,서울특별시 성동구 왕십리로 331,서울특별시 성동구 하왕십리동 966-12,37.56263636,127.0328019,0,4,5,0.4066666666666667,0.0022787671436322607
2612,1F0239CF1F,으뜸**,,서울 성동구,건강식품,왕십리,20241018,,하왕십리동,서울특별시 성동구 왕십리로 333,서울특별시 성동구 하왕십리동 966-11,37.562724,127.0325711,0,3,5,0.3466666666666667,0.0022440032696336345
2613,BD8A0F6D76,렉스*****,,서울 성동구,담배,왕십리,20211117,,도선동,서울특별시 성동구 왕십리로 336,서울특별시 성동구 도선동 257,37.563151,127.0328462,0,3,5,0.3466666666666667,0.0022430893414761522
2614,9A0EC55599,메가************,커피전문점2,서울 성동구,커피전문점,왕십리,20210709,,도선동,서울특별시 성동구 왕십리로 336,서울특별시 성동구 도선동 257,37.563151,127.0328462,0,3,5,0.3466666666666667,0.0022430893414761522
2615,93EC04859E,에그******,,서울 성동구,한식-단품요리일반,왕십리,20240613,,도선동,서울특별시 성동구 왕십리로 336,서울특별시 성동구 도선동 257,37.563151,127.0328462,0,3,5,0.3466666666666667,0.0022430893414761522
2616,41A48AF8FE,모리********,,서울 성동구,커피전문점,왕십리,20240905,,도선동,서울특별시 성동구 왕십리로 340,서울특별시 성동구 도선동 285-1,37.56335321,127.0324069,0,3,5,0.3466666666666667,0.0022044972896041832
2617,09805F8B6F,백남********,,서울 성동구,한식-단품요리일반,왕십리,20230202,,도선동,서울특별시 성동구 왕십리로 340,서울특별시 성동구 도선동 285-1,37.56335321,127.0324069,0,3,5,0.3466666666666667,0.0022044972896041832
2618,9A9ADB69FB,미닛*****,,서울 성동구,카페,왕십리,20230418,,하왕십리동,서울특별시 성동구 왕십리로 343,서울특별시 성동구 하왕십리동 966-54,37.56313101,127.0317806,0,2,5,0.2866666666666667,0.002222665518602854
2619,CB3797D731,일일*,중식당4,서울 성동구,중식당,왕십리,20210908,,하왕십리동,서울특별시 성동구 왕십리로 345,서울특별시 성동구 하왕십리동 959-24,37.56322045,127.0315648,0,1,5,0.22666666666666668,0.002248455967449265
2620,4EE6193540,커피***,,서울 성동구,커피전문점,왕십리,20170919,,하왕십리동,서울특별시 성동구 왕십리로 347,서울특별시 성동구 하왕십리동 959-2,37.563361,127.0312415,1,1,5,0.3933333333333333,0.002322527796434002
2621,A869CB21ED,홍고*****,,서울 성동구,한식-육류/고기,왕십리,20221031,,하왕십리동,서울특별시 성동구 왕십리로 347,서울특별시 성동구 하왕십리동 959-2,37.563361,127.0312415,1,1,5,0.3933333333333333,0.002322527796434002
2622,C05AB78A24,경희*****,,서울 성동구,인삼제품,왕십리,20210202,,도선동,서울특별시 성동구 왕십리로 348,서울특별시 성동구 도선동 289,37.56368842,127.0316036,0,1,5,0.22666666666666668,0.0022785770021316798
2623,E38998FBCE,킹스***,,서울 성동구,호프/맥주,왕십리,20240531,,도선동,서울특별시 성동구 왕십리로 348,서울특별시 성동구 도선동 289,37.56368842,127.0316036,0,1,5,0.22666666666666668,0.0022785770021316798
2624,A88E00AF74,파리***********,베이커리10,서울 성동구,베이커리,왕십리,20180319,,하왕십리동,서울특별시 성동구 왕십리로 355,서울특별시 성동구 하왕십리동 957,37.56371142,127.0304873,1,1,5,0.3933333333333333,0.002809965575325604
2625,EB654FE0E6,화곡**********,,서울 성동구,도너츠,,20230213,,하왕십리동,서울특별시 성동구 왕십리로 357,서울특별시 성동구 하왕십리동 946-40,37.56382871,127.0302158,1,1,5,0.3933333333333333,0.003219961878432033
2626,9300D17DDE,돌삼****,,서울 성동구,한식-육류/고기,,20180921,,하왕십리동,서울특별시 성동구 왕십리로 357,서울특별시 성동구 하왕십리동 946-40,37.56382871,127.0302158,1,1,5,0.3933333333333333,0.003219961878432033
2627,04393D7C92,왕십*****,,서울 성동구,한식-육류/고기,,20190313,20250723.0,하왕십리동,서울특별시 성동구 왕십리로 357,서울특별시 성동구 하왕십리동 946-40,37.56382871,127.0302158,1,1,5,0.3933333333333333,0.003219961878432033
2628,3181D01F3F,상왕****,,서울 성동구,담배,왕십리,20201015,,도선동,서울특별시 성동구 왕십리로 358,서울특별시 성동구 도선동 357,37.56406964,127.0305498,1,1,5,0.3933333333333333,0.0029667311316540317
2629,FCDFAFB42A,일월*******,,서울 성동구,한식-육류/고기,,20230817,,하왕십리동,서울특별시 성동구 왕십리로 359,서울특별시 성동구 하왕십리동 946-13,37.56394381,127.0300298,1,1,5,0.3933333333333333,0.0037557540594484002
2630,32F21633BE,싸부****,,서울 성동구,한식-단품요리일반,,20200703,20231031.0,하왕십리동,서울특별시 성동구 왕십리로 363,서울특별시 성동구 하왕십리동 946-15,37.56398129,127.0296883,1,1,4,0.36,0.004946648641070596
2631,5AFF1D97F2,싸부*******,,서울 성동구,한식-단품요리일반,,20231031,20240710.0,하왕십리동,서울특별시 성동구 왕십리로 363,서울특별시 성동구 하왕십리동 946-15,37.56398129,127.0296883,1,1,4,0.36,0.004946648641070596
2632,DD4FCA5BE6,싸부****,,서울 성동구,한식-단품요리일반,,20240710,,하왕십리동,서울특별시 성동구 왕십리로 363,서울특별시 성동구 하왕십리동 946-15,37.56398129,127.0296883,1,1,4,0.36,0.004946648641070596
2633,5.64E+12,레몬***********,,서울 성동구,기타세계요리,,20240223,,하왕십리동,서울특별시 성동구 왕십리로 381,서울특별시 성동구 하왕십리동 892-4,37.56459125,127.0278965,1,1,2,0.29333333333333333,0.0024852382296056672
2634,868FFBF701,만만**,,서울 성동구,일식당,,20230224,20250723.0,하왕십리동,서울특별시 성동구 왕십리로 382,서울특별시 성동구 하왕십리동 1070-3,37.56511028,127.0280198,1,1,2,0.29333333333333333,0.0023215142020003806
2635,01670CF403,한스*******,,서울 성동구,베이커리,,20200709,,상왕십리동,서울특별시 성동구 왕십리로 390,서울특별시 성동구 상왕십리동 750,37.56519664,127.0270951,0,1,2,0.12666666666666665,0.001843828054469311
2636,A5C5B7E719,비밀**,,서울 성동구,반찬,,20191120,,하왕십리동,서울특별시 성동구 왕십리로 410,서울특별시 성동구 하왕십리동 1070,37.56660293,127.0240825,0,1,3,0.16,0.001576746168361735
2637,3046541AF9,싸다**,,서울 성동구,분식,,20200804,,하왕십리동,서울특별시 성동구 왕십리로 410,서울특별시 성동구 하왕십리동 1070,37.56660293,127.0240825,0,1,3,0.16,0.001576746168361735
2638,072ED18558,오토**********,,서울 성동구,분식,,20230209,,하왕십리동,서울특별시 성동구 왕십리로 410,서울특별시 성동구 하왕십리동 1070,37.56660293,127.0240825,0,1,3,0.16,0.001576746168361735
2639,92B5E6E8E9,또아******,,서울 성동구,양식,,20170310,,하왕십리동,서울특별시 성동구 왕십리로 410,서울특별시 성동구 하왕십리동 1070,37.56660293,127.0240825,0,1,3,0.16,0.001576746168361735
2640,9402DC5480,오*,,서울 성동구,양식,,20180928,,하왕십리동,서울특별시 성동구 왕십리로 410,서울특별시 성동구 하왕십리동 1070,37.56660293,127.0240825,0,1,3,0.16,0.001576746168361735
2641,93CECB5143,이태**,,서울 성동구,양식,,20221031,,하왕십리동,서울특별시 성동구 왕십리로 410,서울특별시 성동구 하왕십리동 1070,37.56660293,127.0240825,0,1,3,0.16,0.001576746168361735
2642,FD186D39D7,밀땅************,,서울 성동구,양식,,20221107,,하왕십리동,서울특별시 성동구 왕십리로 410,서울특별시 성동구 하왕십리동 1070,37.56660293,127.0240825,0,1,3,0.16,0.001576746168361735
2643,8C29C85978,피자*******,,서울 성동구,양식,,20241122,,하왕십리동,서울특별시 성동구 왕십리로 410,서울특별시 성동구 하왕십리동 1070,37.56660293,127.0240825,0,1,3,0.16,0.001576746168361735
2644,A2BE23B78B,딜리*****************************,,서울 성동구,주류,,20210122,,하왕십리동,서울특별시 성동구 왕십리로 410,서울특별시 성동구 하왕십리동 1070,37.56660293,127.0240825,0,1,3,0.16,0.001576746168361735
2645,F25F012B89,바틀**,,서울 성동구,주류,,20230426,,하왕십리동,서울특별시 성동구 왕십리로 410,서울특별시 성동구 하왕십리동 1070,37.56660293,127.0240825,0,1,3,0.16,0.001576746168361735
2646,ED2BD4308F,치킨***********,치킨31,서울 성동구,치킨,,20230425,,하왕십리동,서울특별시 성동구 왕십리로 410,서울특별시 성동구 하왕십리동 1070,37.56660293,127.0240825,0,1,3,0.16,0.001576746168361735
2647,8BD1977593,어거*************,,서울 성동구,치킨,,20240131,,하왕십리동,서울특별시 성동구 왕십리로 410,서울특별시 성동구 하왕십리동 1070,37.56660293,127.0240825,0,1,3,0.16,0.001576746168361735
2648,5A0D48A713,카페***,,서울 성동구,카페,,20170302,,하왕십리동,서울특별시 성동구 왕십리로 410,서울특별시 성동구 하왕십리동 1070,37.56660293,127.0240825,0,1,3,0.16,0.001576746168361735
2649,4BA62EBC13,안느*****************,,서울 성동구,카페,,20170523,,하왕십리동,서울특별시 성동구 왕십리로 410,서울특별시 성동구 하왕십리동 1070,37.56660293,127.0240825,0,1,3,0.16,0.001576746168361735
2650,02A32AE992,카페**,,서울 성동구,카페,,20170703,,하왕십리동,서울특별시 성동구 왕십리로 410,서울특별시 성동구 하왕십리동 1070,37.56660293,127.0240825,0,1,3,0.16,0.001576746168361735
2651,2FB475D73E,오버**********,,서울 성동구,카페,,20210317,,하왕십리동,서울특별시 성동구 왕십리로 410,서울특별시 성동구 하왕십리동 1070,37.56660293,127.0240825,0,1,3,0.16,0.001576746168361735
2652,9ED42062FD,탐앤***********,카페13,서울 성동구,카페,,20210407,,하왕십리동,서울특별시 성동구 왕십리로 410,서울특별시 성동구 하왕십리동 1070,37.56660293,127.0240825,0,1,3,0.16,0.001576746168361735
2653,00F54829E1,카페***,,서울 성동구,카페,,20220630,,하왕십리동,서울특별시 성동구 왕십리로 410,서울특별시 성동구 하왕십리동 1070,37.56660293,127.0240825,0,1,3,0.16,0.001576746168361735
2654,69473BF966,잭슨*******,,서울 성동구,피자,,20211018,,하왕십리동,서울특별시 성동구 왕십리로 410,서울특별시 성동구 하왕십리동 1070,37.56660293,127.0240825,0,1,3,0.16,0.001576746168361735
2655,4E8BDFA3D8,한솥*********,도시락3,서울 성동구,도시락,,20230824,20250808.0,하왕십리동,서울특별시 성동구 왕십리로 410,서울특별시 성동구 하왕십리동 1070,37.56660293,127.0240825,0,1,3,0.16,0.001576746168361735
2656,C8892CAE05,환상**,,서울 성동구,식료품,,20170317,,하왕십리동,서울특별시 성동구 왕십리로 410,서울특별시 성동구 하왕십리동 1070,37.56660293,127.0240825,0,1,3,0.16,0.001576746168361735
2657,02621706D5,미래*,,서울 성동구,식료품,,20211231,,하왕십리동,서울특별시 성동구 왕십리로 410,서울특별시 성동구 하왕십리동 1070,37.56660293,127.0240825,0,1,3,0.16,0.001576746168361735
2658,FEAD704455,케키******,,서울 성동구,식료품,,20220113,,하왕십리동,서울특별시 성동구 왕십리로 410,서울특별시 성동구 하왕십리동 1070,37.56660293,127.0240825,0,1,3,0.16,0.001576746168361735
2659,21ED3E83CA,더디******,,서울 성동구,식료품,,20230613,,하왕십리동,서울특별시 성동구 왕십리로 410,서울특별시 성동구 하왕십리동 1070,37.56660293,127.0240825,0,1,3,0.16,0.001576746168361735
2660,94D1FFE0F6,참치*****,,서울 성동구,일식당,,20170206,,하왕십리동,서울특별시 성동구 왕십리로 410,서울특별시 성동구 하왕십리동 1070,37.56660293,127.0240825,0,1,3,0.16,0.001576746168361735
2661,DD2B300AD5,다온**,,서울 성동구,일식당,,20170717,,하왕십리동,서울특별시 성동구 왕십리로 410,서울특별시 성동구 하왕십리동 1070,37.56660293,127.0240825,0,1,3,0.16,0.001576746168361735
2662,492180DBE3,스시**,,서울 성동구,일식당,,20190603,,하왕십리동,서울특별시 성동구 왕십리로 410,서울특별시 성동구 하왕십리동 1070,37.56660293,127.0240825,0,1,3,0.16,0.001576746168361735
2663,D3DEA832D8,백소******,,서울 성동구,일식당,,20230726,,하왕십리동,서울특별시 성동구 왕십리로 410,서울특별시 성동구 하왕십리동 1070,37.56660293,127.0240825,0,1,3,0.16,0.001576746168361735
2664,730B956D46,마라**,,서울 성동구,중식당,,20210506,,하왕십리동,서울특별시 성동구 왕십리로 410,서울특별시 성동구 하왕십리동 1070,37.56660293,127.0240825,0,1,3,0.16,0.001576746168361735
2665,4EE6D5E718,성화**********,,서울 성동구,중식당,,20220921,,하왕십리동,서울특별시 성동구 왕십리로 410,서울특별시 성동구 하왕십리동 1070,37.56660293,127.0240825,0,1,3,0.16,0.001576746168361735
2666,2637B87ECB,스위******,,서울 성동구,청과물,,20171206,,하왕십리동,서울특별시 성동구 왕십리로 410,서울특별시 성동구 하왕십리동 1070,37.56660293,127.0240825,0,1,3,0.16,0.001576746168361735
2667,5D173C6BD3,프리*********,,서울 성동구,청과물,,20230327,,하왕십리동,서울특별시 성동구 왕십리로 410,서울특별시 성동구 하왕십리동 1070,37.56660293,127.0240825,0,1,3,0.16,0.001576746168361735
2668,B2B0A6FE69,흥부**,,서울 성동구,축산물,,20190927,20250610.0,하왕십리동,서울특별시 성동구 왕십리로 410,서울특별시 성동구 하왕십리동 1070,37.56660293,127.0240825,0,1,3,0.16,0.001576746168361735
2669,6C47280EB3,손민******,,서울 성동구,축산물,,20240822,,하왕십리동,서울특별시 성동구 왕십리로 410,서울특별시 성동구 하왕십리동 1070,37.56660293,127.0240825,0,1,3,0.16,0.001576746168361735
2670,C3358FB0BB,맘스***********,햄버거2,서울 성동구,햄버거,,20221219,,하왕십리동,서울특별시 성동구 왕십리로 410,서울특별시 성동구 하왕십리동 1070,37.56660293,127.0240825,0,1,3,0.16,0.001576746168361735
2671,72466FE427,벤티*******,,서울 성동구,햄버거,,20240801,,하왕십리동,서울특별시 성동구 왕십리로 410,서울특별시 성동구 하왕십리동 1070,37.56660293,127.0240825,0,1,3,0.16,0.001576746168361735
2672,9676184554,몽쥬***********************,,서울 성동구,베이커리,,20190311,,하왕십리동,서울특별시 성동구 왕십리로 410,서울특별시 성동구 하왕십리동 1070,37.56660293,127.0240825,0,1,3,0.16,0.001576746168361735
2673,041B7CBFB0,찰리****,,서울 성동구,베이커리,,20211012,,하왕십리동,서울특별시 성동구 왕십리로 410,서울특별시 성동구 하왕십리동 1070,37.56660293,127.0240825,0,1,3,0.16,0.001576746168361735
2674,70B94E4108,브레********,베이커리5,서울 성동구,베이커리,,20221116,,하왕십리동,서울특별시 성동구 왕십리로 410,서울특별시 성동구 하왕십리동 1070,37.56660293,127.0240825,0,1,3,0.16,0.001576746168361735
2675,D3B3CDB5D1,아띠*,,서울 성동구,베이커리,,20240103,,하왕십리동,서울특별시 성동구 왕십리로 410,서울특별시 성동구 하왕십리동 1070,37.56660293,127.0240825,0,1,3,0.16,0.001576746168361735
2676,0806C51324,위클****,,서울 성동구,베이커리,,20240411,,하왕십리동,서울특별시 성동구 왕십리로 410,서울특별시 성동구 하왕십리동 1070,37.56660293,127.0240825,0,1,3,0.16,0.001576746168361735
2677,1A1EC4B50C,생활**,호프/맥주4,서울 성동구,호프/맥주,,20170602,,하왕십리동,서울특별시 성동구 왕십리로 410,서울특별시 성동구 하왕십리동 1070,37.56660293,127.0240825,0,1,3,0.16,0.001576746168361735
2678,1AE0F9961C,메가************,커피전문점2,서울 성동구,커피전문점,,20220224,,하왕십리동,서울특별시 성동구 왕십리로 410,서울특별시 성동구 하왕십리동 1070,37.56660293,127.0240825,0,1,3,0.16,0.001576746168361735
2679,1CCF1F16FD,텐퍼*****,,서울 성동구,커피전문점,,20230801,,하왕십리동,서울특별시 성동구 왕십리로 410,서울특별시 성동구 하왕십리동 1070,37.56660293,127.0240825,0,1,3,0.16,0.001576746168361735
2680,B2319196A9,컴포**********,커피전문점11,서울 성동구,커피전문점,,20231121,,하왕십리동,서울특별시 성동구 왕십리로 410,서울특별시 성동구 하왕십리동 1070,37.56660293,127.0240825,0,1,3,0.16,0.001576746168361735
2681,EFEE980DF0,읍천***********,,서울 성동구,커피전문점,,20240517,,하왕십리동,서울특별시 성동구 왕십리로 410,서울특별시 성동구 하왕십리동 1070,37.56660293,127.0240825,0,1,3,0.16,0.001576746168361735
2682,8BA8BCCA0D,투썸***********,커피전문점13,서울 성동구,커피전문점,,20240813,,하왕십리동,서울특별시 성동구 왕십리로 410,서울특별시 성동구 하왕십리동 1070,37.56660293,127.0240825,0,1,3,0.16,0.001576746168361735
2683,82D491E6AB,커스***********,,서울 성동구,커피전문점,,20240927,,하왕십리동,서울특별시 성동구 왕십리로 410,서울특별시 성동구 하왕십리동 1070,37.56660293,127.0240825,0,1,3,0.16,0.001576746168361735
2684,3D432C28C3,장한*******,,서울 성동구,백반/가정식,,20170427,,하왕십리동,서울특별시 성동구 왕십리로 410,서울특별시 성동구 하왕십리동 1070,37.56660293,127.0240825,0,1,3,0.16,0.001576746168361735
2685,7A922D4172,대찬**,,서울 성동구,백반/가정식,,20170515,,하왕십리동,서울특별시 성동구 왕십리로 410,서울특별시 성동구 하왕십리동 1070,37.56660293,127.0240825,0,1,3,0.16,0.001576746168361735
2686,011E53BB76,정성**,백반/가정식21,서울 성동구,백반/가정식,,20171024,,하왕십리동,서울특별시 성동구 왕십리로 410,서울특별시 성동구 하왕십리동 1070,37.56660293,127.0240825,0,1,3,0.16,0.001576746168361735
2687,864DADCA45,화포********,백반/가정식24,서울 성동구,백반/가정식,,20190906,,하왕십리동,서울특별시 성동구 왕십리로 410,서울특별시 성동구 하왕십리동 1070,37.56660293,127.0240825,0,1,3,0.16,0.001576746168361735
2688,1786026A63,속초*******,,서울 성동구,백반/가정식,,20200103,,하왕십리동,서울특별시 성동구 왕십리로 410,서울특별시 성동구 하왕십리동 1070,37.56660293,127.0240825,0,1,3,0.16,0.001576746168361735
2689,059A6DEC9E,대동*,백반/가정식6,서울 성동구,백반/가정식,,20210915,,하왕십리동,서울특별시 성동구 왕십리로 410,서울특별시 성동구 하왕십리동 1070,37.56660293,127.0240825,0,1,3,0.16,0.001576746168361735
2690,E8869D79C1,미분*,,서울 성동구,기타세계요리,,20201217,,하왕십리동,서울특별시 성동구 왕십리로 410,서울특별시 성동구 하왕십리동 1070,37.56660293,127.0240825,0,1,3,0.16,0.001576746168361735
2691,A69C8FE49A,라채**,,서울 성동구,일식-샤브샤브,,20231013,,하왕십리동,서울특별시 성동구 왕십리로 410,서울특별시 성동구 하왕십리동 1070,37.56660293,127.0240825,0,1,3,0.16,0.001576746168361735
2692,1B10962D6B,하남**********,한식-육류/고기30,서울 성동구,한식-육류/고기,,20181116,,하왕십리동,서울특별시 성동구 왕십리로 410,서울특별시 성동구 하왕십리동 1070,37.56660293,127.0240825,0,1,3,0.16,0.001576746168361735
2693,33EF2536AD,푸줏*****************,,서울 성동구,한식-육류/고기,,20200511,,하왕십리동,서울특별시 성동구 왕십리로 410,서울특별시 성동구 하왕십리동 1070,37.56660293,127.0240825,0,1,3,0.16,0.001576746168361735
2694,C6A16C1225,고기********,,서울 성동구,한식-육류/고기,,20240423,,하왕십리동,서울특별시 성동구 왕십리로 410,서울특별시 성동구 하왕십리동 1070,37.56660293,127.0240825,0,1,3,0.16,0.001576746168361735
2695,B1F6E35E99,우대*******,,서울 성동구,한식-육류/고기,,20241111,,하왕십리동,서울특별시 성동구 왕십리로 410,서울특별시 성동구 하왕십리동 1070,37.56660293,127.0240825,0,1,3,0.16,0.001576746168361735
2696,1673EFE7A4,마시***********,,서울 성동구,한식-찌개/전골,,20240424,,하왕십리동,서울특별시 성동구 왕십리로 410,서울특별시 성동구 하왕십리동 1070,37.56660293,127.0240825,0,1,3,0.16,0.001576746168361735
2697,1521FF7269,강릉***************,,서울 성동구,한식-해물/생선,,20220125,20240903.0,하왕십리동,서울특별시 성동구 왕십리로 410,서울특별시 성동구 하왕십리동 1070,37.56660293,127.0240825,0,1,3,0.16,0.001576746168361735
2698,C0E191132C,강릉****************,,서울 성동구,한식-해물/생선,,20240903,,하왕십리동,서울특별시 성동구 왕십리로 410,서울특별시 성동구 하왕십리동 1070,37.56660293,127.0240825,0,1,3,0.16,0.001576746168361735
2699,5D90E2AA8B,리틀**********,,서울 성동구,동남아/인도음식,,20190709,,하왕십리동,서울특별시 성동구 왕십리로 410,서울특별시 성동구 하왕십리동 1070,37.56660293,127.0240825,0,1,3,0.16,0.001576746168361735
2700,45748D67A8,써브********,샌드위치/토스트2,서울 성동구,샌드위치/토스트,,20230307,,하왕십리동,서울특별시 성동구 왕십리로 410,서울특별시 성동구 하왕십리동 1070,37.56660293,127.0240825,0,1,3,0.16,0.001576746168361735
2701,7A40C57CE9,폴 ****,,서울 성동구,샌드위치/토스트,,20240912,,하왕십리동,서울특별시 성동구 왕십리로 410,서울특별시 성동구 하왕십리동 1070,37.56660293,127.0240825,0,1,3,0.16,0.001576746168361735
2702,7FC37F0D91,아이***************,,서울 성동구,아이스크림/빙수,,20210415,,하왕십리동,서울특별시 성동구 왕십리로 410,서울특별시 성동구 하왕십리동 1070,37.56660293,127.0240825,0,1,3,0.16,0.001576746168361735
2703,E14648B415,요요*********,,서울 성동구,아이스크림/빙수,,20230627,,하왕십리동,서울특별시 성동구 왕십리로 410,서울특별시 성동구 하왕십리동 1070,37.56660293,127.0240825,0,1,3,0.16,0.001576746168361735
2704,2EEFCB2C63,배스***************,아이스크림/빙수1,서울 성동구,아이스크림/빙수,,20240228,,하왕십리동,서울특별시 성동구 왕십리로 410,서울특별시 성동구 하왕십리동 1070,37.56660293,127.0240825,0,1,3,0.16,0.001576746168361735
2705,9345D90AE7,청실**,,서울 성동구,한식-단품요리일반,,20210820,,하왕십리동,서울특별시 성동구 왕십리로 410,서울특별시 성동구 하왕십리동 1070,37.56660293,127.0240825,0,1,3,0.16,0.001576746168361735
2706,6A9BA67C2E,샐러*******,한식-단품요리일반8,서울 성동구,한식-단품요리일반,,20220523,,하왕십리동,서울특별시 성동구 왕십리로 410,서울특별시 성동구 하왕십리동 1070,37.56660293,127.0240825,0,1,3,0.16,0.001576746168361735
2707,F94D17B95F,효자************,,서울 성동구,한식-단품요리일반,,20221103,,하왕십리동,서울특별시 성동구 왕십리로 410,서울특별시 성동구 하왕십리동 1070,37.56660293,127.0240825,0,1,3,0.16,0.001576746168361735
2708,2A4DAD9E0E,맘마*******,,서울 성동구,한식-단품요리일반,,20221213,,하왕십리동,서울특별시 성동구 왕십리로 410,서울특별시 성동구 하왕십리동 1070,37.56660293,127.0240825,0,1,3,0.16,0.001576746168361735
2709,39624DF65A,종로***,한식-단품요리일반10,서울 성동구,한식-단품요리일반,답십리,20220317,,용답동,서울특별시 성동구 용답19길 3-1,서울특별시 성동구 용답동 51-5,37.56283411,127.0515101,1,2,2,0.3533333333333333,0.002787056888698233
2710,F4835443B8,코너***************,,서울 성동구,식료품,답십리,20180905,,용답동,서울특별시 성동구 용답길 169-1,서울특별시 성동구 용답동 6-1,37.56378822,127.0559637,0,2,2,0.18666666666666665,0.0014632961976632892
2711,4067FB5604,립서**,,서울 성동구,백반/가정식,금남시장,20221011,,금호동3가,서울특별시 성동구 장터5길 2-15,서울특별시 성동구 금호동3가 429,37.54853173,127.0216887,0,0,2,0.06666666666666667,0.0013022324084876985
2712,FD27934820,다*,,서울 성동구,식료품,답십리,20231229,,용답동,서울특별시 성동구 천호대로 286,서울특별시 성동구 용답동 98-4,37.56659156,127.0524769,1,1,3,0.32666666666666666,0.008365505915648093
2713,317594F27F,태양**,,서울 성동구,한식-해물/생선,답십리,20181112,,용답동,서울특별시 성동구 천호대로 288,서울특별시 성동구 용답동 74-2,37.56643792,127.0527371,1,1,3,0.32666666666666666,0.006705536601320128
2714,795AAE487C,김밥*,분식6,서울 성동구,분식,답십리,20170124,,용답동,서울특별시 성동구 천호대로 294,서울특별시 성동구 용답동 73-4,37.56615683,127.0530816,1,1,3,0.32666666666666666,0.003747135100812827
2715,47DF527035,토리*******,,서울 성동구,한식-단품요리일반,답십리,20230911,,용답동,서울특별시 성동구 천호대로 294,서울특별시 성동구 용답동 73-4,37.56615683,127.0530816,1,1,3,0.32666666666666666,0.003747135100812827
2716,E852479CD1,장어**,,서울 성동구,농산물,답십리,20220622,,용답동,서울특별시 성동구 천호대로 296,서울특별시 성동구 용답동 69-4,37.56601265,127.0531387,1,2,3,0.3866666666666666,0.003264027200915117
2717,244740AC40,오공**,,서울 성동구,분식,답십리,20241112,,용답동,서울특별시 성동구 천호대로 312,서울특별시 성동구 용답동 1-2,37.56498225,127.0545609,0,2,2,0.18666666666666665,0.0018240996627467698
2718,CA60093BA7,달콤***********,,서울 성동구,기타세계요리,답십리,20230807,,용답동,서울특별시 성동구 천호대로 312,서울특별시 성동구 용답동 1-2,37.56498225,127.0545609,0,2,2,0.18666666666666665,0.0018240996627467698
2719,8B0A9AC171,커피************,카페10,서울 성동구,카페,답십리,20240812,,용답동,서울특별시 성동구 천호대로 316,서울특별시 성동구 용답동 1-4,37.56471111,127.0548294,0,2,2,0.18666666666666665,0.001720224522462879
2720,D0C8ACE492,제이****************,,서울 성동구,커피전문점,답십리,20240920,,용답동,서울특별시 성동구 천호대로 320,서울특별시 성동구 용답동 2-3,37.56440634,127.0551312,0,2,2,0.18666666666666665,0.0016289877387282083
2721,C5F8521BC4,명륜********,백반/가정식9,서울 성동구,백반/가정식,답십리,20191120,,용답동,서울특별시 성동구 천호대로 328,서울특별시 성동구 용답동 5-3,37.56399954,127.0559064,0,2,2,0.18666666666666665,0.0014821863378116722
2722,BF872A7E89,매머**************,카페4,서울 성동구,카페,장한평자동차,20170306,,용답동,서울특별시 성동구 천호대로 400,서울특별시 성동구 용답동 232-1,37.5612965,127.0633215,1,1,1,0.26,0.0023396942903323977
2723,BA9B0547FD,투썸**********,커피전문점13,서울 성동구,커피전문점,장한평자동차,20230717,,용답동,서울특별시 성동구 천호대로 416,서울특별시 성동구 용답동 233-1,37.5609927,127.0651008,1,1,1,0.26,0.0036372903418006148
2724,85C6B72386,메가***************,커피전문점2,서울 성동구,커피전문점,장한평자동차,20240904,,용답동,서울특별시 성동구 천호대로 426,서울특별시 성동구 용답동 233-6,37.56089459,127.0662289,1,1,1,0.26,0.0019061284632702277
2725,C2A525F314,폭*,,서울 성동구,일반 유흥주점,장한평자동차,20241115,,용답동,서울특별시 성동구 천호대로 426,서울특별시 성동구 용답동 233-6,37.56089459,127.0662289,1,1,1,0.26,0.0019061284632702277
2726,A523C21333,큐브******,,서울 성동구,일반 유흥주점,장한평자동차,20210506,,용답동,서울특별시 성동구 천호대로 432,서울특별시 성동구 용답동 235-2,37.56075098,127.0668536,0,1,1,0.09333333333333332,0.0015628646970328626
2727,F4E7570A2E,더가*****,카페1,서울 성동구,카페,,20191216,,하왕십리동,서울특별시 성동구 청계천로 450,서울특별시 성동구 하왕십리동 291-11,37.57026524,127.0268754,0,0,4,0.13333333333333333,0.0014835620723890061
2728,33CEE3F3AA,릴즈********,,서울 성동구,양식,,20210219,,하왕십리동,서울특별시 성동구 청계천로 474,서울특별시 성동구 하왕십리동 286-2,37.56953317,127.0295629,0,0,2,0.06666666666666667,0.0013036594789560287
2729,BC8AC58034,두*,,서울 성동구,한식-육류/고기,,20180517,,하왕십리동,서울특별시 성동구 청계천로 484,서울특별시 성동구 하왕십리동 258,37.5693451,127.0307443,0,0,2,0.06666666666666667,0.0012617423252048925
2730,7E1DD52BF1,로그***,,서울 성동구,카페,,20220406,,하왕십리동,서울특별시 성동구 청계천로 494,서울특별시 성동구 하왕십리동 258,37.56959925,127.0321679,0,0,2,0.06666666666666667,0.00123843069187188
2731,32C35D2846,베스***********,아이스크림/빙수1,서울 성동구,아이스크림/빙수,옥수,20231226,,옥수동,서울특별시 성동구 한림말1길 10,서울특별시 성동구 옥수동 365-11,37.54218718,127.016617,1,2,3,0.3866666666666666,0.0038561995187396877
2732,819DFB541A,세이**,,서울 성동구,식료품,옥수,20241115,,옥수동,서울특별시 성동구 한림말1길 12,서울특별시 성동구 옥수동 364-4,37.54241254,127.0164745,1,2,3,0.3866666666666666,0.0031927504835059287
2733,A7CC582C60,아우*********,,서울 성동구,베이커리,옥수,20241104,,옥수동,서울특별시 성동구 한림말1길 12,서울특별시 성동구 옥수동 364-4,37.54241254,127.0164745,1,2,3,0.3866666666666666,0.0031927504835059287
2734,4257D2CFAA,토리*******,,서울 성동구,한식-단품요리일반,옥수,20240905,,옥수동,서울특별시 성동구 한림말1길 12,서울특별시 성동구 옥수동 364-4,37.54241254,127.0164745,1,2,3,0.3866666666666666,0.0031927504835059287
2735,7AFF6C86CE,르루***********,,서울 성동구,카페,옥수,20190227,,옥수동,서울특별시 성동구 한림말1길 16,서울특별시 성동구 옥수동 363,37.54257355,127.0164694,1,2,3,0.3866666666666666,0.0029556856347627745
2736,80F02261CF,수제*****,,서울 성동구,요리주점,옥수,20210721,,옥수동,서울특별시 성동구 한림말1길 17,서울특별시 성동구 옥수동 301,37.54288848,127.0162173,1,2,3,0.3866666666666666,0.002495571802073159
2737,19325B3A29,캘*,,서울 성동구,햄버거,옥수,20211123,,옥수동,서울특별시 성동구 한림말3길 10,서울특별시 성동구 옥수동 362-1,37.54206748,127.0163192,1,2,3,0.3866666666666666,0.003473513489039319
2738,9B746411BA,옥토*,,서울 성동구,백반/가정식,옥수,20240523,,옥수동,서울특별시 성동구 한림말3길 12,서울특별시 성동구 옥수동 362-5,37.54224356,127.0161512,1,2,3,0.3866666666666666,0.003025898147504708
2739,BE3F9032F3,모찌**,,서울 성동구,베이커리,옥수,20170720,,옥수동,서울특별시 성동구 한림말3길 14,서울특별시 성동구 옥수동 362-3,37.54237827,127.0160521,1,2,3,0.3866666666666666,0.0028025747688677554
2740,6B8978E14C,본죽***********,한식-죽2,서울 성동구,한식-죽,옥수,20231103,,옥수동,서울특별시 성동구 한림말3길 15,서울특별시 성동구 옥수동 291-9,37.54244328,127.015679,1,2,3,0.3866666666666666,0.0024751709732607147
2741,F6AC821645,펑키***,,서울 성동구,양식,옥수,20201208,,옥수동,서울특별시 성동구 한림말3길 21,서울특별시 성동구 옥수동 291-5,37.54276938,127.0154653,1,2,3,0.3866666666666666,0.002228418883202004
2742,0AA044D334,베이****,,서울 성동구,베이커리,옥수,20201214,,옥수동,서울특별시 성동구 한림말3길 21,서울특별시 성동구 옥수동 291-5,37.54276938,127.0154653,1,2,3,0.3866666666666666,0.002228418883202004
2743,037D7CDBAE,좋은*****,,서울 성동구,일식당,옥수,20200715,,옥수동,서울특별시 성동구 한림말3길 29,서울특별시 성동구 옥수동 285-8,37.54364833,127.0153115,0,3,3,0.28,0.0019410322758762974
2744,B2DA05F4F2,항구*****,,서울 성동구,한식-단품요리일반,옥수,20170209,,옥수동,서울특별시 성동구 한림말3길 31,서울특별시 성동구 옥수동 285-32,37.5437658,127.0154278,0,3,3,0.28,0.0019392021746801249
2745,84407A0DDB,애플********,,서울 성동구,분식,옥수,20220614,,옥수동,서울특별시 성동구 한림말5길 11,서울특별시 성동구 옥수동 365-6,37.54233305,127.0165991,1,2,3,0.3866666666666666,0.003489858775067646
2746,055A2785B9,커피***********,,서울 성동구,커피전문점,옥수,20190607,,옥수동,서울특별시 성동구 한림말5길 11,서울특별시 성동구 옥수동 365-6,37.54233305,127.0165991,1,2,3,0.3866666666666666,0.003489858775067646
2747,743AB5992F,케이***********,,서울 성동구,분식,옥수,20201104,,옥수동,서울특별시 성동구 한림말5길 15,서울특별시 성동구 옥수동 364-3,37.54251154,127.0166141,1,2,3,0.3866666666666666,0.0031683315111816087
2748,A8D93F0376,옥수**,,서울 성동구,식료품,옥수,20241204,,옥수동,서울특별시 성동구 한림말5길 15,서울특별시 성동구 옥수동 364-3,37.54251154,127.0166141,1,2,3,0.3866666666666666,0.0031683315111816087
2749,32514851CD,카페****,,서울 성동구,카페,옥수,20190508,,옥수동,서울특별시 성동구 한림말5길 17,서울특별시 성동구 옥수동 359,37.54275473,127.0165427,1,2,3,0.3866666666666666,0.002777466610678024
2750,727BA366E7,생활*******,호프/맥주4,서울 성동구,호프/맥주,옥수,20230327,,옥수동,서울특별시 성동구 한림말5길 17,서울특별시 성동구 옥수동 359,37.54275473,127.0165427,1,2,3,0.3866666666666666,0.002777466610678024
2751,47C597A064,맑을*,,서울 성동구,주류,옥수,20171220,,옥수동,서울특별시 성동구 한림말5길 25,서울특별시 성동구 옥수동 348-2,37.54344518,127.0164188,0,2,3,0.22,0.002214657825383887
2752,75FEAA7D87,진이*******,반찬2,서울 성동구,반찬,행당,20210527,,행당동,서울특별시 성동구 행당로 104-1,서울특별시 성동구 행당동 375-1,37.55751366,127.0304231,1,1,4,0.36,0.0033361897168414575
2753,5C57D59C97,청춘**,,서울 성동구,한식-육류/고기,행당,20170818,,행당동,서울특별시 성동구 행당로 112-5,서울특별시 성동구 행당동 322-76,37.55774148,127.031278,1,1,5,0.3933333333333333,0.0023317061846996326
2754,0B6A827588,아이*****,,서울 성동구,아이스크림/빙수,행당,20200623,,행당동,서울특별시 성동구 행당로 119-6,서울특별시 성동구 행당동 317-66,37.55832866,127.0322599,0,1,5,0.22666666666666668,0.0020452680343209604
2755,AA24604161,오코*******,,서울 성동구,일식-우동/소바/라면,행당,20170313,,행당동,서울특별시 성동구 행당로 119-6,서울특별시 성동구 행당동 317-66,37.55832866,127.0322599,0,1,5,0.22666666666666668,0.0020452680343209604
2756,EC2497D7F4,스시*,,서울 성동구,일식당,왕십리,20240703,,행당동,서울특별시 성동구 행당로 125-4,서울특별시 성동구 행당동 317-130,37.55841743,127.0328482,0,2,5,0.2866666666666667,0.002011409641873641
2757,9D2E924E3E,하노*****,동남아/인도음식7,서울 성동구,동남아/인도음식,왕십리,20180622,20250730.0,행당동,서울특별시 성동구 행당로 125-4,서울특별시 성동구 행당동 317-130,37.55841743,127.0328482,0,2,5,0.2866666666666667,0.002011409641873641
2758,9C542A99A9,깐부*******,치킨8,서울 성동구,치킨,행당,20230324,,행당동,서울특별시 성동구 행당로11길 4,서울특별시 성동구 행당동 317-85,37.55817416,127.0308267,1,1,5,0.3933333333333333,0.002452813353360574
2759,6D30C7D218,마라**,,서울 성동구,중식-훠궈/마라탕,행당,20221216,,행당동,서울특별시 성동구 행당로15길 4,서울특별시 성동구 행당동 311-31,37.55840914,127.0318467,0,1,5,0.22666666666666668,0.0020998792137771317
2760,95B2C3A482,간식**,,서울 성동구,아이스크림/빙수,왕십리,20230720,,행당동,서울특별시 성동구 행당로17길 2,서울특별시 성동구 행당동 318-3,37.55860508,127.0335829,0,3,5,0.3466666666666667,0.0020447004073153733
2761,7DEB8C0391,뚜레*****,베이커리2,서울 성동구,베이커리,왕십리,20220510,,행당동,서울특별시 성동구 행당로17길 3,서울특별시 성동구 행당동 317-92,37.55881433,127.033432,0,3,5,0.3466666666666667,0.0020762046059275303
2762,400C105927,한랑**,,서울 성동구,요리주점,,20230823,,금호동1가,서울특별시 성동구 행당로1길 22,서울특별시 성동구 금호동1가 132-21,37.5572291,127.0243061,0,2,2,0.18666666666666665,0.0014943386005322832
2763,9FE4CA2E40,리마***,,서울 성동구,중식당,행당,20240305,,행당동,서울특별시 성동구 행당로9길 43,서울특별시 성동구 행당동 347,37.56018397,127.0285161,0,2,4,0.2533333333333333,0.0017789876047286616
2764,D4C5EBD12F,석촌*******,,서울 성동구,백반/가정식,행당,20240305,,행당동,서울특별시 성동구 행당로9길 43,서울특별시 성동구 행당동 347,37.56018397,127.0285161,0,2,4,0.2533333333333333,0.0017789876047286616
2765,2402B1EA00,장안**,,서울 성동구,백반/가정식,답십리,20120316,,용답동,서울특별시 성동구 자동차시장1길 82,서울특별시 성동구 용답동 235-10,37.560575,127.066558,1,1,1,0.26,0.0016345678115771832
2766,F677279FBB,청해*,중식당6,서울 성동구,중식당,장한평자동차,20070629,,용답동,서울특별시 성동구 자동차시장1길 24-1,서울특별시 성동구 용답동 227-3,37.56119864,127.0602354,0,1,1,0.09333333333333332,0.0012293864705954828
2767,65199A38DE,뚱이***,,서울 성동구,포장마차,장한평자동차,20150713,,용답동,서울특별시 성동구 자동차시장1길 30-10,서울특별시 성동구 용답동 227-11,37.56097681,127.0607661,0,1,1,0.09333333333333332,0.0012628434159629132
2768,816261F28B,간식******,,서울 성동구,아이스크림/빙수,,20210818,,응봉동,서울특별시 성동구 고산자로2길 4,서울특별시 성동구 응봉동 228-28,37.55200795,127.0355074,0,1,2,0.12666666666666665,0.0016880928304398757
2769,5257313CF4,본*,,서울 성동구,떡/한과,,20221013,,송정동,서울특별시 성동구 광나루로9길 2,서울특별시 성동구 송정동 66-262,37.5484794,127.0639124,0,0,0,0.0,0.0009769653728139696
2770,F8CF4EB923,우리**,,서울 성동구,백반/가정식,,20170608,,송정동,서울특별시 성동구 광나루로9길 2,서울특별시 성동구 송정동 66-262,37.5484794,127.0639124,0,0,0,0.0,0.0009769653728139696
2771,3F9407A8C2,카페**,,서울 성동구,카페,,20170420,,금호동2가,서울특별시 성동구 금호로13길 20,서울특별시 성동구 금호동2가 1-1,37.55388619,127.0184781,1,1,4,0.36,0.0022011961564058218
2772,CC3A3D392C,도르****,,서울 성동구,동남아/인도음식,금남시장,20221006,,금호동4가,서울특별시 성동구 금호로3가길 3,서울특별시 성동구 금호동4가 165,37.54780674,127.0242378,0,0,1,0.03333333333333333,0.0011528437170359458
2773,63AB211FC9,완도****,,서울 성동구,한식-해물/생선,금남시장,20170412,,금호동3가,서울특별시 성동구 금호산2가길 2,서울특별시 성동구 금호동3가 531,37.5489628,127.0225227,0,0,2,0.06666666666666667,0.0012428839440366264
2774,CE412204AA,고기**,,서울 성동구,한식-육류/고기,금남시장,20211006,20240514.0,금호동3가,서울특별시 성동구 금호산2길 6-1,서울특별시 성동구 금호동3가 855,37.54869589,127.0202216,0,1,2,0.12666666666666665,0.0014633786610346964
2775,38D9B1B96A,고기*******,,서울 성동구,한식-육류/고기,금남시장,20240514,,금호동3가,서울특별시 성동구 금호산2길 6-1,서울특별시 성동구 금호동3가 855,37.54869589,127.0202216,0,1,2,0.12666666666666665,0.0014633786610346964
2776,1BB00863B9,서울****,,서울 성동구,농산물,금남시장,20240509,,금호동3가,서울특별시 성동구 금호산길 10-1,서울특별시 성동구 금호동3가 1265-69,37.54929216,127.0197461,0,1,2,0.12666666666666665,0.0015123241942164207
2777,F344AFB600,보라***,,서울 성동구,식료품,,20220324,,금호동3가,서울특별시 성동구 금호산길 30-1,서울특별시 성동구 금호동3가 1170-6,37.55093932,127.0194573,0,2,2,0.18666666666666665,0.0015690265395515973
2778,D799D3A520,소이**,,서울 성동구,농산물,신금호,20241128,,금호동3가,서울특별시 성동구 금호산길 38-4,서울특별시 성동구 금호동3가 1168-9,37.55153379,127.0195066,0,1,2,0.12666666666666665,0.0016215523624462766
2779,EE000D3E14,카페***,,서울 성동구,카페,신금호,20240102,20250724.0,금호동3가,서울특별시 성동구 금호산길 40-1,서울특별시 성동구 금호동3가 1168-1,37.55177299,127.0196125,0,1,2,0.12666666666666665,0.0016578589331085424
2780,AD045C18E5,그로****,,서울 성동구,카페,신금호,20180307,,금호동2가,서울특별시 성동구 금호산길 49-1,서울특별시 성동구 금호동2가 500-17,37.55265982,127.019175,0,1,4,0.19333333333333333,0.0018957949809701592
2781,25E23A7190,수미********,,서울 성동구,식료품,신금호,20230907,,금호동2가,서울특별시 성동구 금호산길 49-1,서울특별시 성동구 금호동2가 500-17,37.55265982,127.019175,0,1,4,0.19333333333333333,0.0018957949809701592
2782,2381F744F1,먹깨***,,서울 성동구,한식-육류/고기,신금호,20190514,,금호동2가,서울특별시 성동구 금호산길 49-1,서울특별시 성동구 금호동2가 500-17,37.55265982,127.019175,0,1,4,0.19333333333333333,0.0018957949809701592
2783,6B99F5A278,아지***,,서울 성동구,카페,신금호,20230309,,금호동2가,서울특별시 성동구 금호산길 56-1,서울특별시 성동구 금호동2가 486-2,37.55322749,127.0195133,1,1,2,0.29333333333333333,0.00222132120154715
2784,B53E9730C4,명가*********,,서울 성동구,아이스크림/빙수,신금호,20200519,,금호동2가,서울특별시 성동구 금호산길 56-1,서울특별시 성동구 금호동2가 486-2,37.55322749,127.0195133,1,1,2,0.29333333333333333,0.00222132120154715
2785,6F8840FB72,본죽*******,한식-죽1,서울 성동구,한식-죽,신금호,20180820,,금호동2가,서울특별시 성동구 금호산길 66-1,서울특별시 성동구 금호동2가 445,37.55409512,127.0197002,1,1,2,0.29333333333333333,0.00361386663726851
2786,13BB3CF1BB,메이***********,,서울 성동구,백반/가정식,신금호,20210106,,금호동2가,서울특별시 성동구 금호산길 66-1,서울특별시 성동구 금호동2가 445,37.55409512,127.0197002,1,1,2,0.29333333333333333,0.00361386663726851
2787,2A9CD599EF,덕구**,,서울 성동구,한식-단품요리일반,신금호,20210517,,금호동2가,서울특별시 성동구 금호산길 66-1,서울특별시 성동구 금호동2가 445,37.55409512,127.0197002,1,1,2,0.29333333333333333,0.00361386663726851
2788,E145D9B3BC,주아**,,서울 성동구,농산물,,20230116,,하왕십리동,서울특별시 성동구 난계로 114-31,서울특별시 성동구 하왕십리동 1052,37.56123125,127.0259523,0,1,3,0.16,0.00150706825782283
2789,FE56C99A69,아후*****,,서울 성동구,베이커리,성수,20221102,,성수동1가,서울특별시 성동구 뚝섬로 341-18,서울특별시 성동구 성수동1가 72-98,37.54093796,127.0485485,0,1,3,0.16,0.001233294702010752
2790,EAF82B5862,시냅*,,서울 성동구,일반 유흥주점,성수,20221020,,성수동1가,서울특별시 성동구 뚝섬로 341-18,서울특별시 성동구 성수동1가 72-98,37.54093796,127.0485485,0,1,3,0.16,0.001233294702010752
2791,8BA38E4DD1,이키**,,서울 성동구,일식-덮밥/돈가스,성수,20221123,,성수동1가,서울특별시 성동구 뚝섬로 341-18,서울특별시 성동구 성수동1가 72-98,37.54093796,127.0485485,0,1,3,0.16,0.001233294702010752
2792,C4B2112114,리브*,,서울 성동구,양식,성수,20211109,,성수동1가,서울특별시 성동구 뚝섬로 366-46,서울특별시 성동구 성수동1가 276-14,37.53966641,127.0508366,0,0,2,0.06666666666666667,0.0010380608188637042
2793,036B3FD49B,컴포***************,커피전문점11,서울 성동구,커피전문점,성수,20220715,,성수동2가,서울특별시 성동구 뚝섬로 385-32,서울특별시 성동구 성수동2가 339-160,37.53939724,127.0543573,0,0,1,0.03333333333333333,0.001025503795587975
2794,8CF39A31E0,밀단*,,서울 성동구,일식-샤브샤브,성수,20171016,20250808.0,성수동2가,서울특별시 성동구 뚝섬로 385-32,서울특별시 성동구 성수동2가 339-160,37.53939724,127.0543573,0,0,1,0.03333333333333333,0.001025503795587975
2795,0A11294210,무공**********,,서울 성동구,분식,성수,20220204,,성수동2가,서울특별시 성동구 뚝섬로 385-40,서울특별시 성동구 성수동2가 339-136,37.53948918,127.0546726,0,0,1,0.03333333333333333,0.0010342593603796736
2796,B0A6B628D3,샵 *********,,서울 성동구,커피전문점,성수,20200616,,성수동2가,서울특별시 성동구 뚝섬로 385-40,서울특별시 성동구 성수동2가 339-136,37.53948918,127.0546726,0,0,1,0.03333333333333333,0.0010342593603796736
2797,4EEF5997AF,오부*,,서울 성동구,한식-찌개/전골,성수,20171012,,성수동2가,서울특별시 성동구 뚝섬로 385-40,서울특별시 성동구 성수동2가 339-136,37.53948918,127.0546726,0,0,1,0.03333333333333333,0.0010342593603796736
2798,AEC1C59A9D,지우*,,서울 성동구,중식-딤섬/중식만두,,20241004,,성수동2가,서울특별시 성동구 뚝섬로 427-15,서울특별시 성동구 성수동2가 269-118,37.53842858,127.0577722,0,0,1,0.03333333333333333,0.0009823586555694874
2799,7E8084659F,써니*************,,서울 성동구,양식,성수,20220413,,성수동2가,서울특별시 성동구 뚝섬로11길 21,서울특별시 성동구 성수동2가 328-6,37.5400494,127.0562514,0,0,1,0.03333333333333333,0.0010860920750152931
2800,2DD4A5D048,포케*******,,서울 성동구,기타세계요리,성수,20230822,,성수동2가,서울특별시 성동구 뚝섬로11길 21,서울특별시 성동구 성수동2가 328-6,37.5400494,127.0562514,0,0,1,0.03333333333333333,0.0010860920750152931
2801,C3D4010F52,디디******,,서울 성동구,카페,성수,20240612,,성수동2가,서울특별시 성동구 뚝섬로13길 36,서울특별시 성동구 성수동2가 271-12,37.54131787,127.0580202,0,1,1,0.09333333333333332,0.0012087661957468894
2802,537AB5F50E,바위******,,서울 성동구,양식,,20220217,,성수동2가,서울특별시 성동구 뚝섬로15길 27,서울특별시 성동구 성수동2가 269-81,37.53913278,127.0615626,0,0,2,0.06666666666666667,0.001120628312467196
2803,655851E372,리브*,,서울 성동구,카페,,20190507,,성수동2가,서울특별시 성동구 뚝섬로15길 29,서울특별시 성동구 성수동2가 269-146,37.53918191,127.0616804,0,0,2,0.06666666666666667,0.0011288348980732748
2804,5595AE45A8,커피*****,,서울 성동구,커피전문점,,20230525,,성수동2가,서울특별시 성동구 뚝섬로17길 29,서울특별시 성동구 성수동2가 255-1,37.54016242,127.0603842,0,0,2,0.06666666666666667,0.0011122696178577053
2805,05EE42C739,로우*,,서울 성동구,카페,뚝섬,20210608,,성수동1가,서울특별시 성동구 뚝섬로1나길 5,서울특별시 성동구 성수동1가 22-8,37.54447191,127.0477786,0,2,3,0.22,0.0019385907047044803
2806,B5A87E019D,포도************,,서울 성동구,요리주점,성수,20220719,,성수동2가,서울특별시 성동구 뚝섬로7길 7-1,서울특별시 성동구 성수동2가 331-150,37.53903904,127.0563981,0,0,1,0.03333333333333333,0.0010005997756503894
2807,80DB1CE0EE,파라*,,서울 성동구,와인바,성수,20211110,,성수동2가,서울특별시 성동구 뚝섬로9길 3-1,서울특별시 성동구 성수동2가 331-59,37.53868586,127.0567591,0,0,1,0.03333333333333333,0.0009776328870476354
2808,BA2CC9CBB0,카페***********,,서울 성동구,아이스크림/빙수,성수,20241008,,성수동2가,서울특별시 성동구 뚝섬로9길 3-1,서울특별시 성동구 성수동2가 331-59,37.53868586,127.0567591,0,0,1,0.03333333333333333,0.0009776328870476354
2809,61811034C2,영재**,,서울 성동구,축산물,,20210714,,마장동,서울특별시 성동구 마장로 227-16,서울특별시 성동구 마장동 566-42,37.56664291,127.0352824,0,0,5,0.16666666666666669,0.0016511753224245662
2810,EE46679C37,민들*,,서울 성동구,백반/가정식,왕십리,20230103,,홍익동,서울특별시 성동구 마장로 228-12,서울특별시 성동구 홍익동 121-4,37.56585317,127.0353404,0,1,5,0.22666666666666668,0.0018392902928856514
2811,56EE904EE0,떡두*,,서울 성동구,백반/가정식,왕십리,20231219,,홍익동,서울특별시 성동구 마장로 228-18,서울특별시 성동구 홍익동 122-7,37.56576638,127.0354252,0,1,5,0.22666666666666668,0.0018674059222829535
2812,4F6533C9B9,모야**,,서울 성동구,분식,왕십리,20200210,,홍익동,서울특별시 성동구 마장로 228-24,서울특별시 성동구 홍익동 122-9,37.56566588,127.0355482,0,2,5,0.2866666666666667,0.0019030803958180347
2813,627F539A91,비터*****,,서울 성동구,커피전문점,,20241008,,마장동,서울특별시 성동구 마장로 229-17,서울특별시 성동구 마장동 566-43,37.56664397,127.0353592,0,0,5,0.16666666666666669,0.0016540327630955507
2814,8.87E+21,노무*,,서울 성동구,와인바,왕십리,20230130,,홍익동,서울특별시 성동구 마장로26길 13,서울특별시 성동구 홍익동 125-1,37.56569461,127.0358886,0,2,5,0.2866666666666667,0.001917236513468433
2815,C15C0FAF26,제철********,,서울 성동구,청과물,마장동,20200429,,마장동,서울특별시 성동구 마장로29길 45,서울특별시 성동구 마장동 469-18,37.57008814,127.0367653,0,1,2,0.12666666666666665,0.0013962875112497179
2816,02377784A1,한우**,,서울 성동구,축산물,마장동,20170424,,마장동,서울특별시 성동구 마장로31길 40,서울특별시 성동구 마장동 510-3,37.56979398,127.0384065,0,1,3,0.16,0.0015001652398181388
2817,525D3B1AD2,흥일**,,서울 성동구,축산물,마장동,20200107,,마장동,서울특별시 성동구 마장로31길 40,서울특별시 성동구 마장동 510-3,37.56979398,127.0384065,0,1,3,0.16,0.0015001652398181388
2818,E8152DDA49,하나**,,서울 성동구,축산물,마장동,20210705,,마장동,서울특별시 성동구 마장로31길 40,서울특별시 성동구 마장동 510-3,37.56979398,127.0384065,0,1,3,0.16,0.0015001652398181388
2819,83A0FDAFA7,대광**,,서울 성동구,축산물,마장동,20240905,,마장동,서울특별시 성동구 마장로31길 40,서울특별시 성동구 마장동 510-3,37.56979398,127.0384065,0,1,3,0.16,0.0015001652398181388
2820,02B9A2CC01,마장*******,,서울 성동구,한식-육류/고기,마장동,20200730,,마장동,서울특별시 성동구 마장로31길 40,서울특별시 성동구 마장동 510-3,37.56979398,127.0384065,0,1,3,0.16,0.0015001652398181388
2821,4C4C19D23F,서문**,,서울 성동구,축산물,마장동,20170420,,마장동,서울특별시 성동구 마장로31길 43,서울특별시 성동구 마장동 522-2,37.57014778,127.0381999,0,1,3,0.16,0.0014909848034839431
2822,A6964F8879,원일**,,서울 성동구,축산물,마장동,20170824,,마장동,서울특별시 성동구 마장로31길 43,서울특별시 성동구 마장동 522-2,37.57014778,127.0381999,0,1,3,0.16,0.0014909848034839431
2823,83900DDFE0,삼호**,,서울 성동구,축산물,마장동,20190910,,마장동,서울특별시 성동구 마장로31길 43,서울특별시 성동구 마장동 522-2,37.57014778,127.0381999,0,1,3,0.16,0.0014909848034839431
2824,F5449AAD7F,나눔****,,서울 성동구,축산물,마장동,20191206,,마장동,서울특별시 성동구 마장로31길 43,서울특별시 성동구 마장동 522-2,37.57014778,127.0381999,0,1,3,0.16,0.0014909848034839431
2825,FB4DA73643,로또****,축산물2,서울 성동구,축산물,마장동,20210709,,마장동,서울특별시 성동구 마장로31길 43,서울특별시 성동구 마장동 522-2,37.57014778,127.0381999,0,1,3,0.16,0.0014909848034839431
2826,5B537AFFD8,동남**,,서울 성동구,축산물,마장동,20180419,,마장동,서울특별시 성동구 마장로31길 44,서울특별시 성동구 마장동 509-5,37.57010218,127.0385098,0,1,3,0.16,0.0015083913359117715
2827,823EAE1BFC,대찬**,,서울 성동구,축산물,마장동,20191226,,마장동,서울특별시 성동구 마장로31길 44,서울특별시 성동구 마장동 509-5,37.57010218,127.0385098,0,1,3,0.16,0.0015083913359117715
2828,4D45E10163,삼보****,,서울 성동구,축산물,마장동,20230116,,마장동,서울특별시 성동구 마장로31길 44,서울특별시 성동구 마장동 509-5,37.57010218,127.0385098,0,1,3,0.16,0.0015083913359117715
2829,6880AFD844,한솔**,,서울 성동구,한식-단품요리일반,마장동,20211108,,마장동,서울특별시 성동구 마장로31길 48,서울특별시 성동구 마장동 507-5,37.57044561,127.0385867,0,1,3,0.16,0.0015345495583630592
2830,AB7C12DD2E,덕유**,,서울 성동구,축산물,,20190617,,마장동,서울특별시 성동구 마장로33길 13,서울특별시 성동구 마장동 514-22,37.56729843,127.037782,0,1,5,0.22666666666666668,0.0016344448013350602
2831,59C69D9CD8,좋은****,,서울 성동구,축산물,마장동,20210209,,마장동,서울특별시 성동구 마장로33길 67,서울특별시 성동구 마장동 501,37.57117642,127.0404551,0,1,3,0.16,0.001631251150734974
2832,7939D0AA25,경동****,,서울 성동구,축산물,마장동,20220418,,마장동,서울특별시 성동구 마장로33길 67,서울특별시 성동구 마장동 501,37.57117642,127.0404551,0,1,3,0.16,0.001631251150734974
2833,0A14F6BC71,강진**,,서울 성동구,백반/가정식,마장동,20170424,,마장동,서울특별시 성동구 마장로35길 36,서울특별시 성동구 마장동 487-56,37.56879572,127.0393698,0,1,5,0.22666666666666668,0.0016107849501145344
2834,2E11392CA8,대*,,서울 성동구,축산물,마장동,20170105,,마장동,서울특별시 성동구 마장로35길 46,서울특별시 성동구 마장동 481-13,37.56954316,127.0399976,0,1,3,0.16,0.0016099912120365449
2835,4DC1192CB7,보형**,,서울 성동구,축산물,마장동,20180906,,마장동,서울특별시 성동구 마장로35길 46,서울특별시 성동구 마장동 481-13,37.56954316,127.0399976,0,1,3,0.16,0.0016099912120365449
2836,3A81FE047A,정오**,,서울 성동구,축산물,마장동,20240223,,마장동,서울특별시 성동구 마장로35길 46,서울특별시 성동구 마장동 481-13,37.56954316,127.0399976,0,1,3,0.16,0.0016099912120365449
2837,7042BE8B0B,다복**,,서울 성동구,축산물,마장동,20210114,,마장동,서울특별시 성동구 마장로35길 70,서울특별시 성동구 마장동 761-8,37.57064355,127.0415289,0,2,3,0.22,0.0016409802843997043
2838,4261C5A667,하울**,,서울 성동구,카페,,20180220,,마장동,서울특별시 성동구 마장로35길 76,서울특별시 성동구 마장동 818,37.57026263,127.0419968,0,2,3,0.22,0.0016931425165250696
2839,CF090D5B8C,한우**,,서울 성동구,축산물,,20190308,,마장동,서울특별시 성동구 마장로35길 76,서울특별시 성동구 마장동 818,37.57026263,127.0419968,0,2,3,0.22,0.0016931425165250696
2840,3478DD65AA,한백****,,서울 성동구,축산물,,20210106,,마장동,서울특별시 성동구 마장로35길 76,서울특별시 성동구 마장동 818,37.57026263,127.0419968,0,2,3,0.22,0.0016931425165250696
2841,790D3285E3,값진**,,서울 성동구,축산물,,20220726,,마장동,서울특별시 성동구 마장로35길 76,서울특별시 성동구 마장동 818,37.57026263,127.0419968,0,2,3,0.22,0.0016931425165250696
2842,9192973649,대명******,,서울 성동구,축산물,,20230427,,마장동,서울특별시 성동구 마장로35길 76,서울특별시 성동구 마장동 818,37.57026263,127.0419968,0,2,3,0.22,0.0016931425165250696
2843,B239A919FA,고기**,,서울 성동구,축산물,,20231226,,마장동,서울특별시 성동구 마장로35길 76,서울특별시 성동구 마장동 818,37.57026263,127.0419968,0,2,3,0.22,0.0016931425165250696
2844,A03C9ACB92,전봇**,,서울 성동구,한식-육류/고기,,20240902,,마장동,서울특별시 성동구 마장로35길 76,서울특별시 성동구 마장동 818,37.57026263,127.0419968,0,2,3,0.22,0.0016931425165250696
2845,448BDB28BD,와&*,,서울 성동구,한식-단품요리일반,,20240314,,마장동,서울특별시 성동구 마장로35길 76,서울특별시 성동구 마장동 818,37.57026263,127.0419968,0,2,3,0.22,0.0016931425165250696
2846,7DD84417BD,한*,,서울 성동구,한식-단품요리일반,,20240722,,마장동,서울특별시 성동구 마장로35길 76,서울특별시 성동구 마장동 818,37.57026263,127.0419968,0,2,3,0.22,0.0016931425165250696
2847,EEA824DBB4,수정**,,서울 성동구,백반/가정식,마장동,20161212,,마장동,서울특별시 성동구 마장로37길 33,서울특별시 성동구 마장동 763-8,37.56865189,127.040526,0,1,4,0.19333333333333333,0.0017386461588470123
2848,80847B8A08,한우**,,서울 성동구,농산물,,20180330,,마장동,서울특별시 성동구 마장로37길 40,서울특별시 성동구 마장동 766-8,37.56899598,127.0410507,0,2,3,0.22,0.001746616710582248
2849,1E10EECF86,동원****,,서울 성동구,축산물,,20200214,,마장동,서울특별시 성동구 마장로37길 40,서울특별시 성동구 마장동 766-8,37.56899598,127.0410507,0,2,3,0.22,0.001746616710582248
2850,62170CD834,장수****,,서울 성동구,축산물,,20200521,,마장동,서울특별시 성동구 마장로37길 40,서울특별시 성동구 마장동 766-8,37.56899598,127.0410507,0,2,3,0.22,0.001746616710582248
2851,AEDB32EDA4,대성**,축산물2,서울 성동구,축산물,,20210825,,마장동,서울특별시 성동구 마장로37길 40,서울특별시 성동구 마장동 766-8,37.56899598,127.0410507,0,2,3,0.22,0.001746616710582248
2852,7DECE5D4FD,미육*******,,서울 성동구,축산물,,20230802,,마장동,서울특별시 성동구 마장로37길 40,서울특별시 성동구 마장동 766-8,37.56899598,127.0410507,0,2,3,0.22,0.001746616710582248
2853,9E656CB539,이영**,,서울 성동구,축산물,,20230822,,마장동,서울특별시 성동구 마장로37길 40,서울특별시 성동구 마장동 766-8,37.56899598,127.0410507,0,2,3,0.22,0.001746616710582248
2854,ED52C35FC7,우진**,,서울 성동구,축산물,마장동,20210709,,마장동,서울특별시 성동구 마장로37길 41,서울특별시 성동구 마장동 763-1,37.56915633,127.0408773,0,1,3,0.16,0.0017111831882206225
2855,81159E8CD8,우진**,,서울 성동구,축산물,마장동,20240405,,마장동,서울특별시 성동구 마장로37길 41,서울특별시 성동구 마장동 763-1,37.56915633,127.0408773,0,1,3,0.16,0.0017111831882206225
2856,995AA17CD7,마장**,,서울 성동구,축산물,마장동,20170310,,마장동,서울특별시 성동구 마장로37길 43,서울특별시 성동구 마장동 762-17,37.56934379,127.0409732,0,2,3,0.22,0.0016991573019731487
2857,31AED9557A,현대**,,서울 성동구,축산물,마장동,20180611,,마장동,서울특별시 성동구 마장로37길 43,서울특별시 성동구 마장동 762-17,37.56934379,127.0409732,0,2,3,0.22,0.0016991573019731487
2858,F8D42257C0,한우**,,서울 성동구,축산물,마장동,20230209,,마장동,서울특별시 성동구 마장로37길 43,서울특별시 성동구 마장동 762-17,37.56934379,127.0409732,0,2,3,0.22,0.0016991573019731487
2859,519942A2F8,우여*,,서울 성동구,축산물,마장동,20231006,,마장동,서울특별시 성동구 마장로37길 43,서울특별시 성동구 마장동 762-17,37.56934379,127.0409732,0,2,3,0.22,0.0016991573019731487
2860,F27F93CCEE,우여*,,서울 성동구,한식-육류/고기,마장동,20221024,,마장동,서울특별시 성동구 마장로37길 43,서울특별시 성동구 마장동 762-17,37.56934379,127.0409732,0,2,3,0.22,0.0016991573019731487
2861,FEDAD7667E,탐라**,,서울 성동구,축산물,마장동,20170406,,마장동,서울특별시 성동구 마장로37길 45,서울특별시 성동구 마장동 762-8,37.5695353,127.040835,0,1,3,0.16,0.001670174956083548
2862,8640E83EC0,신부**,,서울 성동구,축산물,마장동,20190716,,마장동,서울특별시 성동구 마장로37길 45,서울특별시 성동구 마장동 762-8,37.5695353,127.040835,0,1,3,0.16,0.001670174956083548
2863,AFD575EAD3,대한**,,서울 성동구,축산물,마장동,20200812,,마장동,서울특별시 성동구 마장로37길 45,서울특별시 성동구 마장동 762-8,37.5695353,127.040835,0,1,3,0.16,0.001670174956083548
2864,F4D804EFA3,명진****,,서울 성동구,축산물,마장동,20200826,,마장동,서울특별시 성동구 마장로37길 49,서울특별시 성동구 마장동 762-2,37.56984428,127.0412765,0,2,3,0.22,0.0016754934584894336
2865,BE98ECE2C2,남원***,,서울 성동구,축산물,마장동,20230526,,마장동,서울특별시 성동구 마장로37길 49,서울특별시 성동구 마장동 762-2,37.56984428,127.0412765,0,2,3,0.22,0.0016754934584894336
2866,A1B826773C,남원**,,서울 성동구,축산물,마장동,20230908,,마장동,서울특별시 성동구 마장로37길 49,서울특별시 성동구 마장동 762-2,37.56984428,127.0412765,0,2,3,0.22,0.0016754934584894336
2867,104031A6C2,한일**,,서울 성동구,축산물,마장동,20200213,20240521.0,마장동,서울특별시 성동구 마장로37길 53,서울특별시 성동구 마장동 761-19,37.57020028,127.0414875,0,2,3,0.22,0.0016612894034716264
2868,60AD2EEEB8,마블*,,서울 성동구,축산물,마장동,20240521,,마장동,서울특별시 성동구 마장로37길 53,서울특별시 성동구 마장동 761-19,37.57020028,127.0414875,0,2,3,0.22,0.0016612894034716264
2869,0495B069FF,다다**,,서울 성동구,식료품,,20180523,,마장동,서울특별시 성동구 마장로39길 34,서울특별시 성동구 마장동 768-3,37.56794537,127.043452,0,2,2,0.18666666666666665,0.0022419279986516773
2870,ABBBDF19AC,더달************,,서울 성동구,아이스크림/빙수,,20200615,,마장동,서울특별시 성동구 마장로39길 36,서울특별시 성동구 마장동 768-1,37.56812638,127.0437111,0,2,2,0.18666666666666665,0.002191683532426234
2871,63FA0DEB58,계동**,치킨5,서울 성동구,치킨,,20190410,,마장동,서울특별시 성동구 마장로39길 51,서울특별시 성동구 마장동 766-25,37.56937292,127.0443838,1,2,4,0.41999999999999993,0.002235367797760632
2872,A0995D635E,무진**,,서울 성동구,축산물,,20200724,,마장동,서울특별시 성동구 마장로46길 18,서울특별시 성동구 마장동 778-2,37.56635908,127.0462927,0,2,4,0.2533333333333333,0.002060676760730159
2873,8A5378CE22,커피*,,서울 성동구,커피전문점,한양대,20211027,20250808.0,행당동,서울특별시 성동구 마조로11길 10,서울특별시 성동구 행당동 1-112,37.56189879,127.0403961,1,3,5,0.5133333333333334,0.003055812607612641
2874,E1FDBF2D4D,톤즈**,,서울 성동구,커피전문점,한양대,20230118,,행당동,서울특별시 성동구 마조로11길 12,서울특별시 성동구 행당동 1-111,37.56188082,127.0402421,1,3,5,0.5133333333333334,0.0032006754192795877
2875,6779202960,와츠*,,서울 성동구,카페,,20230822,,마장동,서울특별시 성동구 마조로15길 16,서울특별시 성동구 마장동 797-75,37.5637667,127.0399765,0,4,4,0.3733333333333333,0.0026403398541881245
2876,00FDB35E9C,작은**,,서울 성동구,카페,,20190129,,마장동,서울특별시 성동구 마조로15길 19,서울특별시 성동구 마장동 801-8,37.56361071,127.0395338,0,4,4,0.3733333333333333,0.002847390594930664
2877,70E5A42DE8,이지****,,서울 성동구,식료품,,20221031,,마장동,서울특별시 성동구 마조로16길 23,서울특별시 성동구 마장동 790-2,37.56514997,127.0438527,1,1,6,0.42666666666666664,0.0027422438568056517
2878,837F9F44DC,얼음*******************,,서울 성동구,아이스크림/빙수,,20210218,,마장동,서울특별시 성동구 마조로16길 23,서울특별시 성동구 마장동 790-2,37.56514997,127.0438527,1,1,6,0.42666666666666664,0.0027422438568056517
2879,E8B987DD5B,가평**,,서울 성동구,백반/가정식,,20200213,,마장동,서울특별시 성동구 마조로18길 12,서울특별시 성동구 마장동 790-7,37.56549475,127.0429741,1,1,5,0.3933333333333333,0.004194565657487417
2880,85042E07C2,금룡***,,서울 성동구,중식당,,20191010,,마장동,서울특별시 성동구 마조로19길 21,서울특별시 성동구 마장동 797-18,37.56494283,127.0392521,0,4,4,0.3733333333333333,0.0023006356911031813
2881,7B846CCF0A,한신*******,,서울 성동구,분식,한양대,20240122,,행당동,서울특별시 성동구 마조로1가길 1,서울특별시 성동구 행당동 4-2,37.56044975,127.0394921,1,3,5,0.5133333333333334,0.0032467086248545982
2882,279E4BE602,서초***,백반/가정식13,서울 성동구,백반/가정식,한양대,20200317,,행당동,서울특별시 성동구 마조로1가길 1,서울특별시 성동구 행당동 4-2,37.56044975,127.0394921,1,3,5,0.5133333333333334,0.0032467086248545982
2883,0A21C8B332,하쿠****,,서울 성동구,일식당,한양대,20181218,,행당동,서울특별시 성동구 마조로3가길 3,서울특별시 성동구 행당동 19-92,37.55871263,127.0397746,0,3,4,0.31333333333333335,0.0021650622920997174
2884,62DA6EB79A,치폴******,,서울 성동구,한식-육류/고기,한양대,20181010,,행당동,서울특별시 성동구 마조로3길 2-1,서울특별시 성동구 행당동 158-52,37.55848978,127.0404077,0,4,4,0.3733333333333333,0.002029321437836791
2885,6ECC011278,여*,,서울 성동구,이자카야,한양대,20230302,,행당동,서울특별시 성동구 마조로3길 7-1,서울특별시 성동구 행당동 159-6,37.55846003,127.039639,0,3,4,0.31333333333333335,0.0020975537850129585
2886,FF14F559B9,언더**************,,서울 성동구,한식-단품요리일반,한양대,20160624,,행당동,서울특별시 성동구 마조로3길 7-1,서울특별시 성동구 행당동 159-6,37.55846003,127.039639,0,3,4,0.31333333333333335,0.0020975537850129585
2887,B72347F20F,리올*,,서울 성동구,한식-단품요리일반,한양대,20231102,,행당동,서울특별시 성동구 마조로5길 3-3,서울특별시 성동구 행당동 19-51,37.55974964,127.0406729,0,3,5,0.3466666666666667,0.0023216703948734916
2888,AF12407D8A,짙은********,,서울 성동구,카페,한양대,20200925,,행당동,서울특별시 성동구 마조로5길 4-5,서울특별시 성동구 행당동 4-34,37.56027144,127.04058,0,3,5,0.3466666666666667,0.0025288209753032993
2889,A9242223C7,한양**,,서울 성동구,포장마차,한양대,20220503,,행당동,서울특별시 성동구 마조로5길 4-5,서울특별시 성동구 행당동 4-34,37.56027144,127.04058,0,3,5,0.3466666666666667,0.0025288209753032993
2890,7A3C729CA2,만게******,,서울 성동구,일식당,한양대,20240624,20250728.0,행당동,서울특별시 성동구 마조로7길 4-6,서울특별시 성동구 행당동 1-98,37.56098662,127.0409321,0,3,5,0.3466666666666667,0.002568806291552079
2891,AEE4ACBA39,칠성**,,서울 성동구,한식-단품요리일반,한양대,20220926,,행당동,서울특별시 성동구 마조로7길 6-1,서울특별시 성동구 행당동 1-85,37.56089368,127.0405364,0,3,5,0.3466666666666667,0.0027681246033492203
2892,13F380E465,세이********************,,서울 성동구,양식,한양대,20231121,,행당동,서울특별시 성동구 마조로7길 9-1,서울특별시 성동구 행당동 3-10,37.56070291,127.0400923,1,3,5,0.5133333333333334,0.0029838499450622214
2893,FBAAA9652B,어거******,,서울 성동구,베이커리,한양대,20240617,,행당동,서울특별시 성동구 마조로9길 6-3,서울특별시 성동구 행당동 1-90,37.56137949,127.0408215,0,3,5,0.3466666666666667,0.0027040621100408815
2894,2D92AEB068,핏제****************************,,서울 성동구,피자,한양대,20211109,,행당동,서울특별시 성동구 마조로9길 6-5,서울특별시 성동구 행당동 1-91,37.56154194,127.0408248,0,3,5,0.3466666666666667,0.0027220694911864337
2895,42028E39B5,호수***,,서울 성동구,한식-해물/생선,한양대,20190702,,행당동,서울특별시 성동구 마조로9길 6-8,서울특별시 성동구 행당동 1-94,37.5615533,127.0410573,0,3,5,0.3466666666666667,0.0025872955456732053
2896,643B6CDCC2,우리***,,서울 성동구,건강원,신금호,20171220,,금호동2가,서울특별시 성동구 무수막길 60-2,서울특별시 성동구 금호동2가 671-2,37.55154721,127.0215806,0,1,2,0.12666666666666665,0.0014771080806133775
2897,C8670ECB8D,닉앤****,,서울 성동구,한식-단품요리일반,신금호,20230421,,금호동3가,서울특별시 성동구 무수막길 61-1,서울특별시 성동구 금호동3가 1119-1,37.55155377,127.0212181,0,1,2,0.12666666666666665,0.0015116971060625008
2898,80B55AD69E,멜시******,,서울 성동구,분식,신금호,20230421,,금호동2가,서울특별시 성동구 무수막길 76-1,서울특별시 성동구 금호동2가 516,37.55271388,127.0208046,0,1,2,0.12666666666666665,0.0018944387976288766
2899,8F6BDD4F8F,금이*,,서울 성동구,호프/맥주,신금호,20220620,,금호동2가,서울특별시 성동구 무수막길 88-1,서울특별시 성동구 금호동2가 461,37.55373443,127.0203119,1,1,2,0.29333333333333333,0.0031327597120099126
2900,775E4B34A4,신금*****,,서울 성동구,분식,신금호,20210916,,금호동2가,서울특별시 성동구 무수막길 89-2,서울특별시 성동구 금호동2가 442-2,37.55379187,127.0200431,1,1,2,0.29333333333333333,0.003209948513848538
2901,9ABB023176,멘부******,,서울 성동구,일식당,신금호,20220712,,금호동2가,서울특별시 성동구 무수막길 89-5,서울특별시 성동구 금호동2가 465-1,37.55366484,127.0199819,1,1,2,0.29333333333333333,0.0028888502444582354
2902,636DB3B918,나영**,,서울 성동구,백반/가정식,신금호,20191025,,금호동2가,서울특별시 성동구 무수막길 91-1,서울특별시 성동구 금호동2가 443,37.553962,127.0199429,1,1,2,0.29333333333333333,0.003645871308417681
2903,CFC3884DF7,영자***,한식-육류/고기18,서울 성동구,한식-육류/고기,신금호,20240904,,금호동2가,서울특별시 성동구 무수막길 91-1,서울특별시 성동구 금호동2가 443,37.553962,127.0199429,1,1,2,0.29333333333333333,0.003645871308417681
2904,B3FEDC6A1C,국물*******,,서울 성동구,한식-육류/고기,신금호,20241104,20250730.0,금호동2가,서울특별시 성동구 무수막길 91-1,서울특별시 성동구 금호동2가 443,37.553962,127.0199429,1,1,2,0.29333333333333333,0.003645871308417681
2905,723DD32135,혜화******,,서울 성동구,일식-덮밥/돈가스,왕십리,20180112,,홍익동,서울특별시 성동구 무학로10길 30,서울특별시 성동구 홍익동 252-3,37.56574758,127.0340922,0,1,5,0.22666666666666668,0.0017991403904385878
2906,998702EE5E,우나*,,서울 성동구,축산물,,20240822,,마장동,서울특별시 성동구 무학로14길 33,서울특별시 성동구 마장동 450-24,37.56856907,127.0337018,0,0,2,0.06666666666666667,0.0013210866322578207
2907,BF08598BF2,에코****,,서울 성동구,수산물,왕십리,20190110,,도선동,서울특별시 성동구 무학로4길 4-1,서울특별시 성동구 도선동 343-2,37.56478872,127.0312537,1,1,4,0.36,0.0023009917539427364
2908,0576F5F42A,멜스**,,서울 성동구,식료품,왕십리,20170215,,하왕십리동,서울특별시 성동구 무학봉15길 12,서울특별시 성동구 하왕십리동 973-17,37.56216512,127.0308577,0,1,5,0.22666666666666668,0.0021117574063341067
2909,8AD6B5D807,꾸브*********,,서울 성동구,치킨,왕십리,20201127,,하왕십리동,서울특별시 성동구 무학봉15길 14,서울특별시 성동구 하왕십리동 989-16,37.56245786,127.0308245,0,1,5,0.22666666666666668,0.0021653176578760995
2910,FEB83042A5,BL******,,서울 성동구,카페,왕십리,20211029,,하왕십리동,서울특별시 성동구 무학봉15길 20,서울특별시 성동구 하왕십리동 972-33,37.56293817,127.0308982,0,1,5,0.22666666666666668,0.002279903906665835
2911,50CA101871,두번*****,,서울 성동구,마카롱,왕십리,20190527,,하왕십리동,서울특별시 성동구 무학봉15길 24,서울특별시 성동구 하왕십리동 955-20,37.56324578,127.0305139,1,1,5,0.3933333333333333,0.0024848551591668327
2912,9D72F83B30,바다*********,,서울 성동구,농산물,,20221107,,하왕십리동,서울특별시 성동구 무학봉15길 25,서울특별시 성동구 하왕십리동 950,37.56333928,127.0302558,1,1,5,0.3933333333333333,0.0026432968455683244
2913,50BD9E37F2,둘시**********************,,서울 성동구,베이커리,,20240528,,하왕십리동,서울특별시 성동구 무학봉15길 25,서울특별시 성동구 하왕십리동 950,37.56333928,127.0302558,1,1,5,0.3933333333333333,0.0026432968455683244
2914,EBE0962975,이디***********************,커피전문점6,서울 성동구,커피전문점,,20181227,,하왕십리동,서울특별시 성동구 무학봉15길 27,서울특별시 성동구 하왕십리동 946-5,37.56370916,127.0301718,1,1,5,0.3933333333333333,0.0031088920360470918
2915,3ADF083472,큐브**,,서울 성동구,백반/가정식,,20240903,,하왕십리동,서울특별시 성동구 무학봉15길 28,서울특별시 성동구 하왕십리동 955-12,37.56345556,127.0303705,1,1,5,0.3933333333333333,0.002685874412436063
2916,A1546D188A,한우*,,서울 성동구,한식-육류/고기,,20241024,,하왕십리동,서울특별시 성동구 무학봉15길 28,서울특별시 성동구 하왕십리동 955-12,37.56345556,127.0303705,1,1,5,0.3933333333333333,0.002685874412436063
2917,F67A482D90,스마*,,서울 성동구,분식,왕십리,20180802,,행당동,서울특별시 성동구 무학봉16길 11,서울특별시 성동구 행당동 298-107,37.56067875,127.0322072,0,4,5,0.4066666666666667,0.0021423624919460855
2918,302563C7F4,삼죽*,,서울 성동구,한식-육류/고기,왕십리,20241014,,행당동,서울특별시 성동구 무학봉16길 15,서울특별시 성동구 행당동 298-6,37.56035885,127.0326819,0,3,5,0.3466666666666667,0.002196222268848683
2919,C4EB3CD558,용문**,,서울 성동구,식료품,왕십리,20201209,,행당동,서울특별시 성동구 무학봉16길 20,서울특별시 성동구 행당동 298-11,37.56008755,127.032734,0,3,5,0.3466666666666667,0.0021792806425547963
2920,9852E1C1E8,마린********,,서울 성동구,한식-해물/생선,왕십리,20200810,,행당동,서울특별시 성동구 무학봉16길 26,서울특별시 성동구 행당동 298-117,37.55975487,127.0331662,0,3,5,0.3466666666666667,0.002205299430503077
2921,A17BCB86AE,육회****,,서울 성동구,한식-육류/고기,왕십리,20210416,,행당동,서울특별시 성동구 무학봉16길 28,서울특별시 성동구 행당동 318-10,37.55963846,127.0335025,0,4,5,0.4066666666666667,0.002240662441661443
2922,827A8265A3,삼척*******,,서울 성동구,분식,왕십리,20230717,,하왕십리동,서울특별시 성동구 무학봉21길 11,서울특별시 성동구 하왕십리동 989-74,37.56234965,127.0308201,0,1,5,0.22666666666666668,0.0021434211861801862
2923,0A249AE8F1,골목**,,서울 성동구,요리주점,왕십리,20200204,,행당동,서울특별시 성동구 무학봉26길 12,서울특별시 성동구 행당동 290-21,37.56155234,127.0329035,0,4,5,0.4066666666666667,0.0023222620535495796
2924,304DF7C3D2,브라*************,,서울 성동구,카페,왕십리,20231027,,행당동,서울특별시 성동구 무학봉28길 16,서울특별시 성동구 행당동 286-19,37.56165305,127.0336197,0,4,5,0.4066666666666667,0.002548954045803709
2925,201D6EE851,나라***,,서울 성동구,한식-육류/고기,왕십리,20170821,,행당동,서울특별시 성동구 무학봉28길 19,서울특별시 성동구 행당동 286-13,37.56171782,127.033979,0,3,5,0.3466666666666667,0.0027096060709933057
2926,15312BD018,수상***,,서울 성동구,한식-육류/고기,왕십리,20190422,,행당동,서울특별시 성동구 무학봉28길 20,서울특별시 성동구 행당동 286-21,37.56145447,127.033953,0,3,5,0.3466666666666667,0.00269589697546968
2927,559A0E2C40,먹어****,한식-육류/고기9,서울 성동구,한식-육류/고기,왕십리,20210323,,행당동,서울특별시 성동구 무학봉28길 21,서울특별시 성동구 행당동 286-12,37.56160173,127.0341401,0,3,5,0.3466666666666667,0.0027995644423356096
2928,812F84AF3D,빨간********,피자4,서울 성동구,피자,,20221214,,하왕십리동,서울특별시 성동구 무학봉길 41-1,서울특별시 성동구 하왕십리동 995-4,37.56049967,127.0274105,0,2,2,0.18666666666666665,0.0016255009745701327
2929,245B7B99B2,빨간*********,피자4,서울 성동구,피자,,20231213,,하왕십리동,서울특별시 성동구 무학봉길 41-1,서울특별시 성동구 하왕십리동 995-4,37.56049967,127.0274105,0,2,2,0.18666666666666665,0.0016255009745701327
2930,EE91547CA3,반디****,,서울 성동구,양식,,20240925,,하왕십리동,서울특별시 성동구 무학봉길 42-1,서울특별시 성동구 하왕십리동 1015-7,37.56035459,127.0274772,0,2,2,0.18666666666666665,0.0016360269860682404
2931,4B5CD08E49,큰집***,치킨34,서울 성동구,치킨,,20180611,,하왕십리동,서울특별시 성동구 무학봉길 54-1,서울특별시 성동구 하왕십리동 980-47,37.56046196,127.028751,0,2,4,0.2533333333333333,0.0017931082821566447
2932,D45A8799DB,청년******,피자6,서울 성동구,피자,,20240617,,하왕십리동,서울특별시 성동구 무학봉길 54-1,서울특별시 성동구 하왕십리동 980-47,37.56046196,127.028751,0,2,4,0.2533333333333333,0.0017931082821566447
2933,4B06EC5432,싱싱****,,서울 성동구,농산물,,20200603,,하왕십리동,서울특별시 성동구 무학봉길 54-1,서울특별시 성동구 하왕십리동 980-47,37.56046196,127.028751,0,2,4,0.2533333333333333,0.0017931082821566447
2934,D2C222F8FA,청담*,,서울 성동구,반찬,,20210209,,하왕십리동,서울특별시 성동구 무학봉길 64-4,서울특별시 성동구 하왕십리동 980-1,37.56062273,127.0296849,0,2,5,0.2866666666666667,0.0018906792058795314
2935,86D853E501,아이***,,서울 성동구,식료품,,20200731,,하왕십리동,서울특별시 성동구 무학봉길 64-4,서울특별시 성동구 하왕십리동 980-1,37.56062273,127.0296849,0,2,5,0.2866666666666667,0.0018906792058795314
2936,ADFA98CFBF,해늘**,,서울 성동구,분식,,20220708,,하왕십리동,서울특별시 성동구 무학봉길 65-2,서울특별시 성동구 하왕십리동 983-8,37.56092494,127.0300168,0,2,5,0.2866666666666667,0.001924454941582498
2937,2D948AFFC9,왕십******,,서울 성동구,한식-단품요리일반,왕십리,20220603,,하왕십리동,서울특별시 성동구 무학봉길 97-1,서울특별시 성동구 하왕십리동 966-91,37.56283959,127.032268,0,3,5,0.3466666666666667,0.0022161239494342864
2938,0487117D58,카페****************,,서울 성동구,카페,한양대,20210903,,사근동,서울특별시 성동구 사근동10길 14,서울특별시 성동구 사근동 190-1,37.5605201,127.0489447,0,1,3,0.16,0.0018467012978958535
2939,664477153F,한끼*****,,서울 성동구,백반/가정식,한양대,20180425,,사근동,서울특별시 성동구 사근동8가길 1,서울특별시 성동구 사근동 179-2,37.56071256,127.0473801,0,1,3,0.16,0.0016531195271921317
2940,57D8D0DAEE,올쿡*******,,서울 성동구,반찬,한양대,20240405,,사근동,서울특별시 성동구 사근동길 20-1,서울특별시 성동구 사근동 309-19,37.56065465,127.0433294,0,1,6,0.26,0.0018029231558271673
2941,3632A29DDA,길이********,,서울 성동구,백반/가정식,한양대,20170420,,사근동,서울특별시 성동구 사근동길 21-1,서울특별시 성동구 사근동 307-2,37.56095006,127.043402,0,1,6,0.26,0.0018043009445915797
2942,831DD29FAB,카페***,,서울 성동구,카페,한양대,20200923,,사근동,서울특별시 성동구 사근동길 52-1,서울특별시 성동구 사근동 176-14,37.56070222,127.0466481,0,1,4,0.19333333333333333,0.001600374418884869
2943,E376C90F04,다모*,,서울 성동구,식료품,한양대,20240123,,사근동,서울특별시 성동구 사근동길 63-1,서울특별시 성동구 사근동 204-8,37.56117199,127.0480105,0,1,4,0.19333333333333333,0.0017932047273648646
2944,613B8B6375,그라*****,,서울 성동구,커피전문점,뚝섬,20200810,,성수동1가,서울특별시 성동구 상원12길 24-1,서울특별시 성동구 성수동1가 13-420,37.55054576,127.0502938,0,1,2,0.12666666666666665,0.0013104070379891144
2945,BA5B405677,백소******,,서울 성동구,일식당,뚝섬,20210528,,성수동1가,서울특별시 성동구 상원1길 35-14,서울특별시 성동구 성수동1가 656-1013,37.54633931,127.0471342,1,2,2,0.3533333333333333,0.0032072953344155345
2946,1F7D63C933,아루*,,서울 성동구,이자카야,뚝섬,20230523,,성수동1가,서울특별시 성동구 상원1길 35-14,서울특별시 성동구 성수동1가 656-1013,37.54633931,127.0471342,1,2,2,0.3533333333333333,0.0032072953344155345
2947,BF43B6D3DA,크로*******,,서울 성동구,카페,뚝섬,20220705,,성수동1가,서울특별시 성동구 상원1길 35-18,서울특별시 성동구 성수동1가 656-1014,37.54625922,127.0470893,1,2,2,0.3533333333333333,0.003035168829692449
2948,2403DDB210,타코****,,서울 성동구,양식,뚝섬,20241128,,성수동1가,서울특별시 성동구 상원1길 35-22,서울특별시 성동구 성수동1가 656-1015,37.54618428,127.0470483,1,2,2,0.3533333333333333,0.0029022373011803088
2949,6D684E1B4C,소코*****,,서울 성동구,한식-단품요리일반,뚝섬,20230302,,성수동1가,서울특별시 성동구 상원1길 35-22,서울특별시 성동구 성수동1가 656-1015,37.54618428,127.0470483,1,2,2,0.3533333333333333,0.0029022373011803088
2950,0F236D513F,래빗****,,서울 성동구,햄버거,뚝섬,20240422,,성수동1가,서울특별시 성동구 상원1길 35-23,서울특별시 성동구 성수동1가 656-1018,37.54613025,127.0471969,1,2,3,0.3866666666666666,0.0028476658017177756
2951,3DDD63B1FA,리글*,,서울 성동구,카페,,20220708,,성수동1가,서울특별시 성동구 서울숲2길 8-7,서울특별시 성동구 성수동1가 685-496,37.54720919,127.0395988,0,0,3,0.1,0.0013391324107015813
2952,D3477E9950,포도**,,서울 성동구,베이커리,뚝섬,20211001,,성수동1가,서울특별시 성동구 서울숲7길 9-1,서울특별시 성동구 성수동1가 685-293,37.54840851,127.0429696,0,1,4,0.19333333333333333,0.0015319705438592499
2953,E7A25A394B,제*,,서울 성동구,중식당,뚝섬,20191209,,성수동1가,서울특별시 성동구 서울숲길 46-1,서울특별시 성동구 성수동1가 668-1,37.54789661,127.0425749,0,1,3,0.16,0.001526244093775512
2954,D669157A58,아오***,,서울 성동구,한식-단품요리일반,뚝섬,20210624,,성수동1가,서울특별시 성동구 서울숲길 51-1,서울특별시 성동구 성수동1가 685-216,37.54818151,127.0433093,0,1,4,0.19333333333333333,0.0015869064569181215
2955,B4C8D0B6AD,베티*,,서울 성동구,카페,성수,20210217,,성수동2가,서울특별시 성동구 성덕정11길 18,서울특별시 성동구 성수동2가 339-71,37.53892214,127.0531947,0,0,1,0.03333333333333333,0.0009836444663005363
2956,36E8832157,행복****,,서울 성동구,한식-국수/만두,성수,20230405,,성수동2가,서울특별시 성동구 성덕정11길 20,서울특별시 성동구 성수동2가 339-70,37.53898101,127.0533037,0,0,1,0.03333333333333333,0.0009884783107096061
2957,54BC20B0A0,쏘*,,서울 성동구,양식,성수,20230724,,성수동2가,서울특별시 성동구 성덕정15길 12,서울특별시 성동구 성수동2가 336-2,37.53863204,127.0539409,0,0,1,0.03333333333333333,0.0009663590067681951
2958,EE0678A190,예쓰******,,서울 성동구,커피전문점,성수,20230906,,성수동2가,서울특별시 성동구 성덕정15길 12,서울특별시 성동구 성수동2가 336-2,37.53863204,127.0539409,0,0,1,0.03333333333333333,0.0009663590067681951
2959,ED67372F75,코치********,,서울 성동구,일식당,성수,20220620,,성수동2가,서울특별시 성동구 성덕정17길 11,서울특별시 성동구 성수동2가 565,37.53824936,127.0551477,0,0,1,0.03333333333333333,0.0009466434820755865
2960,747664A81F,성수**,,서울 성동구,일식당,성수,20231212,,성수동2가,서울특별시 성동구 성덕정17길 11,서울특별시 성동구 성수동2가 565,37.53824936,127.0551477,0,0,1,0.03333333333333333,0.0009466434820755865
2961,25CB7FE229,흙과**,,서울 성동구,한식-단품요리일반,성수,20180228,,성수동2가,서울특별시 성동구 성덕정17길 11,서울특별시 성동구 성수동2가 565,37.53824936,127.0551477,0,0,1,0.03333333333333333,0.0009466434820755865
2962,92B0D7B1BB,밤새**,,서울 성동구,요리주점,성수,20191216,,성수동2가,서울특별시 성동구 성덕정17길 12,서울특별시 성동구 성수동2가 331-243,37.53832289,127.0553393,0,0,1,0.03333333333333333,0.0009519208515828978
2963,5D164CCB8F,아타*,,서울 성동구,일식당,,20210309,,성수동2가,서울특별시 성동구 성덕정19길 13,서울특별시 성동구 성수동2가 331-162,37.53755712,127.0566727,0,0,1,0.03333333333333333,0.000920972564399303
2964,D01DF9EC5F,파라**,,서울 성동구,카페,,20220805,,성수동2가,서울특별시 성동구 성덕정19길 23,서울특별시 성동구 성수동2가 264-6,37.53775629,127.0578867,0,0,1,0.03333333333333333,0.0009571720627078416
2965,31EC330DC9,회현*,,서울 성동구,백반/가정식,성수,20210310,,성수동1가,서울특별시 성동구 성덕정3가길 1,서울특별시 성동구 성수동1가 73-3,37.53991375,127.0477802,0,1,1,0.09333333333333332,0.0011307339039308144
2966,CCE28D1338,팔레*,,서울 성동구,백반/가정식,,20200106,,성수동1가,서울특별시 성동구 성덕정3길 5-1,서울특별시 성동구 성수동1가 99-1,37.53953892,127.0473741,0,0,1,0.03333333333333333,0.0010963361336668944
2967,0E0486902E,혼합**,,서울 성동구,한식-단품요리일반,,20190418,,성수동1가,서울특별시 성동구 성덕정3길 7-1,서울특별시 성동구 성수동1가 656-244,37.53968477,127.0474107,0,1,1,0.09333333333333332,0.0011129578134662524
2968,3574088A21,뵈르************,,서울 성동구,식료품,성수,20210317,,성수동1가,서울특별시 성동구 성덕정9가길 2,서울특별시 성동구 성수동1가 274-2,37.53946828,127.0502097,0,0,2,0.06666666666666667,0.0010287731470830998
2969,E82E2D91C7,벌스*********************,,서울 성동구,식료품,성수,20230725,,성수동1가,서울특별시 성동구 성덕정9가길 2,서울특별시 성동구 성수동1가 274-2,37.53946828,127.0502097,0,0,2,0.06666666666666667,0.0010287731470830998
2970,44A9291640,후프***************,,서울 성동구,커피전문점,성수,20210504,,성수동1가,서울특별시 성동구 성덕정9가길 2,서울특별시 성동구 성수동1가 274-2,37.53946828,127.0502097,0,0,2,0.06666666666666667,0.0010287731470830998
2971,9B6F07D54C,강진*****,,서울 성동구,한식-육류/고기,성수,20230918,,성수동1가,서울특별시 성동구 성덕정9가길 2,서울특별시 성동구 성수동1가 274-2,37.53946828,127.0502097,0,0,2,0.06666666666666667,0.0010287731470830998
2972,932E799577,룸템****,,서울 성동구,양식,성수,20241010,,성수동1가,서울특별시 성동구 성덕정9가길 6,서울특별시 성동구 성수동1가 275-5,37.53929758,127.0505368,0,0,2,0.06666666666666667,0.0010114027222005747
2973,ED1FCA35E8,레드*********,,서울 성동구,양식,성수,20201224,,성수동1가,서울특별시 성동구 성덕정길 52-1,서울특별시 성동구 성수동1가 229-5,37.53825531,127.049244,0,0,1,0.03333333333333333,0.0009503001679397278
2974,3C16CE8803,순심**,,서울 성동구,백반/가정식,성수,20181023,,성수동2가,서울특별시 성동구 성덕정길 72-4,서울특별시 성동구 성수동2가 350,37.53783136,127.0514276,0,0,0,0.0,0.00090925714893802
2975,9D2CF29F75,시크******,,서울 성동구,일반 유흥주점,성수,20201014,,성수동2가,서울특별시 성동구 성덕정길 72-4,서울특별시 성동구 성수동2가 350,37.53783136,127.0514276,0,0,0,0.0,0.00090925714893802
2976,EB036FFB76,교동*,,서울 성동구,식료품,성수,20170707,,성수동2가,서울특별시 성동구 성덕정길 74-1,서울특별시 성동구 성수동2가 347-4,37.5379113,127.0517731,0,0,0,0.0,0.0009111165138101267
2977,452E7CAA14,작*,,서울 성동구,일식당,성수,20200619,,성수동2가,서울특별시 성동구 성덕정길 82-1,서울특별시 성동구 성수동2가 501-1,37.53778003,127.052578,0,0,0,0.0,0.0009049923868724248
2978,BB15AB32DE,이안**,,서울 성동구,백반/가정식,성수,20220627,,성수동2가,서울특별시 성동구 성덕정길 82-1,서울특별시 성동구 성수동2가 501-1,37.53778003,127.052578,0,0,0,0.0,0.0009049923868724248
2979,2604CC295C,분식***,,서울 성동구,분식,성수,20231115,,성수동2가,서울특별시 성동구 성덕정길 90-1,서울특별시 성동구 성수동2가 532-39,37.53762581,127.053511,0,0,0,0.0,0.0009012629705181941
2980,7679418849,플록******,,서울 성동구,한식-단품요리일반,성수,20210423,,성수동2가,서울특별시 성동구 성덕정길 92-2,서울특별시 성동구 성수동2가 532-37,37.53758128,127.0537734,0,0,0,0.0,0.0009003160070475798
2981,4ACBCC7739,형제**,,서울 성동구,한식-단품요리일반,성수,20240307,,성수동2가,서울특별시 성동구 성덕정길 95-7,서울특별시 성동구 성수동2가 335-90,37.53781714,127.0540196,0,0,1,0.03333333333333333,0.0009152322124022247
2982,9C3EC0EDDC,높은************,,서울 성동구,카페,성수,20200831,,성수동2가,서울특별시 성동구 성수이로 18-1,서울특별시 성동구 성수동2가 535-2,37.53685382,127.0541476,0,0,0,0.0,0.0008647939373874066
2983,20EEE2EE86,꽃나***,,서울 성동구,분식,성수,20211203,,성수동2가,서울특별시 성동구 성수이로 24-1,서울특별시 성동구 성수동2가 532-102,37.5373672,127.0543573,0,0,0,0.0,0.0008923370697224304
2984,4187D0B073,뚝섬****,,서울 성동구,일식당,성수,20240610,,성수동2가,서울특별시 성동구 성수이로 30-1,서울특별시 성동구 성수동2가 335-140,37.53769541,127.0546129,0,0,1,0.03333333333333333,0.000911703298920691
2985,D354915A15,뚝도**,,서울 성동구,한식-해물/생선,성수,20171121,,성수동2가,서울특별시 성동구 성수이로 30-3,서울특별시 성동구 성수동2가 335-36,37.53780433,127.0546303,0,0,1,0.03333333333333333,0.0009179189469424925
2986,0B91BA490B,은식*,,서울 성동구,백반/가정식,성수,20200924,,성수동2가,서울특별시 성동구 성수이로 30-4,서울특별시 성동구 성수동2가 335-35,37.53785226,127.0546276,0,0,1,0.03333333333333333,0.0009206370503497329
2987,53E08ECF72,훈이*,,서울 성동구,백반/가정식,성수,20220622,,성수동2가,서울특별시 성동구 성수이로 32-3,서울특별시 성동구 성수동2가 335-22,37.53804369,127.0547075,0,0,1,0.03333333333333333,0.0009322236524320942
2988,03DCE2BB5C,메가**,,서울 성동구,백반/가정식,성수,20241011,,성수동2가,서울특별시 성동구 성수이로 33-3,서울특별시 성동구 성수동2가 335-130,37.53829168,127.0544338,0,0,1,0.03333333333333333,0.0009461165576815707
2989,C1E11E7838,쿨베***********,,서울 성동구,담배,성수,20210722,,성수동2가,서울특별시 성동구 성수이로 34-1,서울특별시 성동구 성수동2가 335-219,37.53819478,127.054723,0,0,1,0.03333333333333333,0.0009414188691414928
2990,2E234CD1DD,골목**,,서울 성동구,한식-단품요리일반,성수,20230823,,성수동2가,서울특별시 성동구 성수이로 36-7,서울특별시 성동구 성수동2가 335-8,37.53811409,127.0548403,0,0,1,0.03333333333333333,0.0009370753068202262
2991,8EC31C80FF,시골*,,서울 성동구,백반/가정식,성수,20200923,,성수동2가,서울특별시 성동구 성수이로 36-9,서울특별시 성동구 성수동2가 335-9,37.53807958,127.054838,0,0,1,0.03333333333333333,0.0009350012678656621
2992,383481B7AC,모센***********,,서울 성동구,카페,성수,20221102,,성수동2가,서울특별시 성동구 성수이로7길 1,서울특별시 성동구 성수동2가 339-137,37.53950519,127.0549258,0,0,1,0.03333333333333333,0.0010362803433454923
2993,4251F43180,범*,,서울 성동구,요리주점,성수,20211220,,성수동2가,서울특별시 성동구 성수이로7길 1,서울특별시 성동구 성수동2가 339-137,37.53950519,127.0549258,0,0,1,0.03333333333333333,0.0010362803433454923
2994,FD1D26195F,젤라****,,서울 성동구,아이스크림/빙수,성수,20180419,,성수동2가,서울특별시 성동구 성수이로7길 1,서울특별시 성동구 성수동2가 339-137,37.53950519,127.0549258,0,0,1,0.03333333333333333,0.0010362803433454923
2995,FCE9599321,가가**,,서울 성동구,일식당,성수,20200622,,성수동2가,서울특별시 성동구 성수이로7길 7,서울특별시 성동구 성수동2가 333-15,37.5398076,127.0544608,0,0,1,0.03333333333333333,0.0010617277256626007
2996,79DB6DBBB4,커피******,커피전문점8,서울 성동구,커피전문점,성수,20171220,,성수동2가,서울특별시 성동구 성수이로7길 7,서울특별시 성동구 성수동2가 333-15,37.5398076,127.0544608,0,0,1,0.03333333333333333,0.0010617277256626007
2997,182C5D1799,이랑****************,,서울 성동구,한식-단품요리일반,성수,20170214,,성수동2가,서울특별시 성동구 성수이로7길 7,서울특별시 성동구 성수동2가 333-15,37.5398076,127.0544608,0,0,1,0.03333333333333333,0.0010617277256626007
2998,D67C0BE6A2,뇨끼*,,서울 성동구,양식,,20230509,,성수동1가,서울특별시 성동구 성수일로1길 8,서울특별시 성동구 성수동1가 656-574,37.54171295,127.0477847,0,1,3,0.16,0.0014239776261273478
2999,A479497AF2,록*,,서울 성동구,일식-우동/소바/라면,성수,20200814,,성수동1가,서울특별시 성동구 성수일로3길 2,서울특별시 성동구 성수동1가 656-58,37.54210944,127.0485508,0,1,3,0.16,0.0014204669929912504
3000,4BBF641656,더카***********,카페2,서울 성동구,카페,성수,20241122,,성수동2가,서울특별시 성동구 성수일로8길 5,서울특별시 성동구 성수동2가 284-55,37.54707463,127.0516163,0,2,3,0.22,0.001535043123130224
3001,10ED44611E,에이***,,서울 성동구,피자,성수,20201030,,성수동2가,서울특별시 성동구 성수일로8길 5,서울특별시 성동구 성수동2가 284-55,37.54707463,127.0516163,0,2,3,0.22,0.001535043123130224
3002,69C8736433,파워*********,,서울 성동구,백반/가정식,성수,20201127,,성수동2가,서울특별시 성동구 성수일로8길 5,서울특별시 성동구 성수동2가 284-55,37.54707463,127.0516163,0,2,3,0.22,0.001535043123130224
3003,5864A763E4,마루***,,서울 성동구,한식-단품요리일반,성수,20211201,,성수동2가,서울특별시 성동구 성수일로8길 5,서울특별시 성동구 성수동2가 284-55,37.54707463,127.0516163,0,2,3,0.22,0.001535043123130224
3004,6B8D1ED40D,온이***,,서울 성동구,양식,,20240717,,송정동,서울특별시 성동구 송정12라길 27,서울특별시 성동구 송정동 73-691,37.55045691,127.067468,0,0,1,0.03333333333333333,0.000970535713481775
3005,FDE93C77D7,대한**,,서울 성동구,식료품,,20200915,,송정동,서울특별시 성동구 송정12마길 23,서울특별시 성동구 송정동 73-655,37.55026823,127.067654,0,0,1,0.03333333333333333,0.0009853944548686806
3006,5386608DEC,아랫***,,서울 성동구,백반/가정식,,20181029,,송정동,서울특별시 성동구 송정14길 14-1,서울특별시 성동구 송정동 73-600,37.55103382,127.0679383,0,0,1,0.03333333333333333,0.0009659989111916291
3007,20B38FBA58,문화*****,,서울 성동구,양식,뚝섬,20220818,,성수동1가,서울특별시 성동구 아차산로1길 9,서울특별시 성동구 성수동1가 656-703,37.54899097,127.0456913,0,1,3,0.16,0.0018024253563018809
3008,9E3A686B70,그리*****,,서울 성동구,베이커리,뚝섬,20230915,,성수동1가,서울특별시 성동구 아차산로1길 9,서울특별시 성동구 성수동1가 656-703,37.54899097,127.0456913,0,1,3,0.16,0.0018024253563018809
3009,77DBEC55AD,카모*****,,서울 성동구,커피전문점,뚝섬,20191216,,성수동1가,서울특별시 성동구 아차산로1길 9,서울특별시 성동구 성수동1가 656-703,37.54899097,127.0456913,0,1,3,0.16,0.0018024253563018809
3010,3A52CE5658,성일*******,,서울 성동구,한식-육류/고기,뚝섬,20170929,,성수동1가,서울특별시 성동구 아차산로3길 9,서울특별시 성동구 성수동1가 656-835,37.54829517,127.0469639,1,1,2,0.29333333333333333,0.0025463599377911665
3011,28A86E02D8,성일*******,,서울 성동구,한식-육류/고기,뚝섬,20171206,,성수동1가,서울특별시 성동구 아차산로3길 9,서울특별시 성동구 성수동1가 656-835,37.54829517,127.0469639,1,1,2,0.29333333333333333,0.0025463599377911665
3012,77CDCFE833,우향******,,서울 성동구,백반/가정식,성수,20220325,,성수동2가,서울특별시 성동구 아차산로7길 4,서울특별시 성동구 성수동2가 300-64,37.5455816,127.0543791,1,1,2,0.29333333333333333,0.0019314139086227002
3013,307DBEB4EC,등*,,서울 성동구,한식-육류/고기,성수,20221024,,성수동2가,서울특별시 성동구 아차산로7길 4,서울특별시 성동구 성수동2가 300-64,37.5455816,127.0543791,1,1,2,0.29333333333333333,0.0019314139086227002
3014,1290AD294E,베스*********,아이스크림/빙수1,서울 성동구,아이스크림/빙수,성수,20230317,,성수동2가,서울특별시 성동구 아차산로7길 4,서울특별시 성동구 성수동2가 300-64,37.5455816,127.0543791,1,1,2,0.29333333333333333,0.0019314139086227002
3015,F3E07DF794,토리***,,서울 성동구,일식당,성수,20201209,,성수동2가,서울특별시 성동구 아차산로7길 7,서울특별시 성동구 성수동2가 289-273,37.54598719,127.0542707,0,1,2,0.12666666666666665,0.0017489751591379364
3016,28EA223BD1,박돼*****,,서울 성동구,축산물,성수,20240226,,성수동2가,서울특별시 성동구 아차산로7길 7,서울특별시 성동구 성수동2가 289-273,37.54598719,127.0542707,0,1,2,0.12666666666666665,0.0017489751591379364
3017,F2119F711A,철길***,,서울 성동구,호프/맥주,성수,20231018,,성수동2가,서울특별시 성동구 아차산로7길 7,서울특별시 성동구 성수동2가 289-273,37.54598719,127.0542707,0,1,2,0.12666666666666665,0.0017489751591379364
3018,AE41AF8C70,북촌********,한식-단품요리일반7,서울 성동구,한식-단품요리일반,성수,20160926,,성수동2가,서울특별시 성동구 아차산로7길 7,서울특별시 성동구 성수동2가 289-273,37.54598719,127.0542707,0,1,2,0.12666666666666665,0.0017489751591379364
3019,C31C533DC4,대구****,,서울 성동구,백반/가정식,성수,20231130,,성수동2가,서울특별시 성동구 아차산로7길 8,서울특별시 성동구 성수동2가 289-15,37.54585744,127.0544821,1,1,2,0.29333333333333333,0.001845473480881309
3020,8B23667254,젠젠****,,서울 성동구,카페,성수,20220613,,성수동2가,서울특별시 성동구 연무장11길 10,서울특별시 성동구 성수동2가 273-61,37.54292854,127.0575629,0,1,1,0.09333333333333332,0.0015849222956485689
3021,FBC56DE125,쁘띠*****************,,서울 성동구,양식,,20220729,20250220.0,성수동2가,서울특별시 성동구 연무장15길 11,서울특별시 성동구 성수동2가 273-13,37.54282174,127.058906,0,1,1,0.09333333333333332,0.0013440256118749552
3022,A29B6BBC99,프렌*******************,,서울 성동구,양식,,20240328,,성수동2가,서울특별시 성동구 연무장15길 11,서울특별시 성동구 성수동2가 273-13,37.54282174,127.058906,0,1,1,0.09333333333333332,0.0013440256118749552
3023,33C513E513,맥코***********************,,서울 성동구,커피전문점,,20230703,,성수동2가,서울특별시 성동구 연무장15길 11,서울특별시 성동구 성수동2가 273-13,37.54282174,127.058906,0,1,1,0.09333333333333332,0.0013440256118749552
3024,8EA61A843E,파리*******,,서울 성동구,아이스크림/빙수,,20240523,,성수동2가,서울특별시 성동구 연무장15길 11,서울특별시 성동구 성수동2가 273-13,37.54282174,127.058906,0,1,1,0.09333333333333332,0.0013440256118749552
3025,B05183195E,밀키*****************,,서울 성동구,한식-단품요리일반,,20240805,,성수동2가,서울특별시 성동구 연무장15길 11,서울특별시 성동구 성수동2가 273-13,37.54282174,127.058906,0,1,1,0.09333333333333332,0.0013440256118749552
3026,26FAE231DB,쏘쏘*****,,서울 성동구,베이커리,,20221012,,성수동2가,서울특별시 성동구 연무장17길 14,서울특별시 성동구 성수동2가 275-29,37.54196854,127.0616519,0,0,2,0.06666666666666667,0.0011849517200436008
3027,A5905A359E,차일******,,서울 성동구,피자,,20211118,,성수동2가,서울특별시 성동구 연무장18길 14,서울특별시 성동구 성수동2가 269-77,37.53942052,127.0618036,0,0,2,0.06666666666666667,0.0011428384948018824
3028,991AACE110,성수**,,서울 성동구,요리주점,,20200309,,성수동2가,서울특별시 성동구 연무장19길 10,서울특별시 성동구 성수동2가 275-71,37.54108005,127.0627109,0,0,3,0.1,0.0012315604647460468
3029,DDA448BE28,윤식*,,서울 성동구,한식뷔페,,20190318,,성수동2가,서울특별시 성동구 연무장19길 12,서울특별시 성동구 성수동2가 275-59,37.54128772,127.0628934,0,0,3,0.1,0.0012445592602353987
3030,B74BDE56CF,호남**,,서울 성동구,식료품,,20190408,,성수동2가,서울특별시 성동구 연무장19길 18,서울특별시 성동구 성수동2가 275-39,37.54173021,127.0630407,0,0,3,0.1,0.0012518356681660576
3031,E20F4A8C30,수상****,,서울 성동구,한식-국밥/설렁탕,,20240131,,성수동2가,서울특별시 성동구 연무장19길 18,서울특별시 성동구 성수동2가 275-39,37.54173021,127.0630407,0,0,3,0.1,0.0012518356681660576
3032,C6C9F3F826,얌샘*******,분식14,서울 성동구,분식,성수,20241029,,성수동2가,서울특별시 성동구 연무장5가길 7,서울특별시 성동구 성수동2가 314-13,37.54408627,127.0536716,0,1,3,0.16,0.0017798712457849947
3033,2B88E8F026,미*,,서울 성동구,양식,성수,20210113,,성수동2가,서울특별시 성동구 연무장5가길 7,서울특별시 성동구 성수동2가 314-13,37.54408627,127.0536716,0,1,3,0.16,0.0017798712457849947
3034,B89447A3C4,성수****,,서울 성동구,중식당,성수,20240904,,성수동2가,서울특별시 성동구 연무장5가길 7,서울특별시 성동구 성수동2가 314-13,37.54408627,127.0536716,0,1,3,0.16,0.0017798712457849947
3035,84768B892E,토메*****,,서울 성동구,이자카야,성수,20220926,,성수동2가,서울특별시 성동구 연무장5가길 7,서울특별시 성동구 성수동2가 314-13,37.54408627,127.0536716,0,1,3,0.16,0.0017798712457849947
3036,03BE2D577F,커피************,,서울 성동구,커피전문점,성수,20230725,,성수동2가,서울특별시 성동구 연무장5가길 7,서울특별시 성동구 성수동2가 314-13,37.54408627,127.0536716,0,1,3,0.16,0.0017798712457849947
3037,A9E4FFF531,부산**,,서울 성동구,한식-국수/만두,성수,20210607,,성수동2가,서울특별시 성동구 연무장5가길 7,서울특별시 성동구 성수동2가 314-13,37.54408627,127.0536716,0,1,3,0.16,0.0017798712457849947
3038,D3CEEC6D94,샐러******,,서울 성동구,한식-단품요리일반,성수,20240206,,성수동2가,서울특별시 성동구 연무장5가길 7,서울특별시 성동구 성수동2가 314-13,37.54408627,127.0536716,0,1,3,0.16,0.0017798712457849947
3039,49D7D6044C,멘노**,,서울 성동구,일식-우동/소바/라면,성수,20240426,,성수동2가,서울특별시 성동구 연무장5가길 7,서울특별시 성동구 성수동2가 314-13,37.54408627,127.0536716,0,1,3,0.16,0.0017798712457849947
3040,A93F318601,대*,,서울 성동구,요리주점,성수,20230405,,성수동2가,서울특별시 성동구 연무장7가길 2,서울특별시 성동구 성수동2가 315-52,37.54311067,127.0546408,0,1,2,0.12666666666666665,0.0017615303362471112
3041,155685F58E,스시**,,서울 성동구,일식-초밥/롤,성수,20241031,,성수동2가,서울특별시 성동구 연무장7가길 2,서울특별시 성동구 성수동2가 315-52,37.54311067,127.0546408,0,1,2,0.12666666666666665,0.0017615303362471112
3042,007BE37BA2,토리******,,서울 성동구,한식-단품요리일반,성수,20211013,,성수동2가,서울특별시 성동구 연무장7가길 2,서울특별시 성동구 성수동2가 315-52,37.54311067,127.0546408,0,1,2,0.12666666666666665,0.0017615303362471112
3043,B72212ED1C,온*,,서울 성동구,요리주점,성수,20210705,,성수동2가,서울특별시 성동구 연무장7가길 5,서울특별시 성동구 성수동2가 315-35,37.54318801,127.0549683,1,1,1,0.26,0.0018802939426783307
3044,652AA8E8C5,유스*************,,서울 성동구,카페,성수,20210420,,성수동2가,서울특별시 성동구 연무장7가길 9,서울특별시 성동구 성수동2가 315-39,37.54303297,127.0554855,1,1,1,0.26,0.0018711305631669
3045,1166DE00E7,블루***,,서울 성동구,와인바,성수,20230103,,성수동2가,서울특별시 성동구 연무장7가길 9,서울특별시 성동구 성수동2가 315-39,37.54303297,127.0554855,1,1,1,0.26,0.0018711305631669
3046,3E5737823F,오늘********,와인바1,서울 성동구,와인바,성수,20240530,,성수동2가,서울특별시 성동구 연무장7길 7-1,서울특별시 성동구 성수동2가 316-1,37.54347188,127.0544513,1,1,2,0.29333333333333333,0.001878198657787224
3047,C93B3BC4D1,스시**,,서울 성동구,일식당,성수,20170713,,성수동2가,서울특별시 성동구 연무장7길 7-1,서울특별시 성동구 성수동2가 316-1,37.54347188,127.0544513,1,1,2,0.29333333333333333,0.001878198657787224
3048,646D7BE313,성수**,,서울 성동구,한식-찌개/전골,성수,20200416,,성수동2가,서울특별시 성동구 연무장7길 7-1,서울특별시 성동구 성수동2가 316-1,37.54347188,127.0544513,1,1,2,0.29333333333333333,0.001878198657787224
3049,57ECFF0227,시옹**,,서울 성동구,동남아/인도음식,성수,20220225,,성수동2가,서울특별시 성동구 연무장7길 7-1,서울특별시 성동구 성수동2가 316-1,37.54347188,127.0544513,1,1,2,0.29333333333333333,0.001878198657787224
3050,63064A8A5C,메가**************,커피전문점2,서울 성동구,커피전문점,성수,20181017,,성수동2가,서울특별시 성동구 연무장7길 8-1,서울특별시 성동구 성수동2가 315-31,37.54341043,127.0546445,1,1,2,0.29333333333333333,0.0019151972766782949
3051,8D7C69A199,커피**********,,서울 성동구,커피전문점,성수,20191028,20230418.0,성수동2가,서울특별시 성동구 연무장7길 8-1,서울특별시 성동구 성수동2가 315-31,37.54341043,127.0546445,1,1,2,0.29333333333333333,0.0019151972766782949
3052,FC1BE5CBBF,태양*****,,서울 성동구,한식-찌개/전골,성수,20240612,,성수동2가,서울특별시 성동구 연무장7길 8-1,서울특별시 성동구 성수동2가 315-31,37.54341043,127.0546445,1,1,2,0.29333333333333333,0.0019151972766782949
3053,D4AA4CAA8D,골든******************,,서울 성동구,중식당,성수,20230621,20250703.0,성수동2가,서울특별시 성동구 연무장9길 8-1,서울특별시 성동구 성수동2가 315-13,37.54290763,127.0560941,1,1,1,0.26,0.0018039764300223932
3054,E74932DE0A,웜브**************,,서울 성동구,베이커리,성수,20230619,20250731.0,성수동1가,서울특별시 성동구 연무장길 16-2,서울특별시 성동구 성수동1가 16-10,37.54359018,127.0512307,0,1,3,0.16,0.0014498118112919376
3055,81920AB1D5,르 ***************,,서울 성동구,베이커리,성수,20221107,,성수동1가,서울특별시 성동구 연무장길 20-1,서울특별시 성동구 성수동1가 16-41,37.54340958,127.051732,0,1,3,0.16,0.0014380631471330966
3056,12C9656088,드렁*******,,서울 성동구,양식,성수,20230120,,성수동2가,서울특별시 성동구 연무장길 29-1,서울특별시 성동구 성수동2가 316-20,37.54334384,127.0526965,0,1,3,0.16,0.001485948085299639
3057,B360E93D13,칠렉******,,서울 성동구,식료품,성수,20240612,,성수동2가,서울특별시 성동구 연무장길 29-1,서울특별시 성동구 성수동2가 316-20,37.54334384,127.0526965,0,1,3,0.16,0.001485948085299639
3058,20B4D65D66,51*******,,서울 성동구,베이커리,성수,20230726,,성수동2가,서울특별시 성동구 연무장길 31-1,서울특별시 성동구 성수동2가 832,37.5432656,127.0529633,0,1,3,0.16,0.0015011143993174756
3059,E781672309,에트**************************,,서울 성동구,베이커리,성수,20241113,,성수동2가,서울특별시 성동구 연무장길 37-5,서울특별시 성동구 성수동2가 316-57,37.54327151,127.053443,0,1,3,0.16,0.0015661514329463708
3060,8B137D6875,키 **,,서울 성동구,일반 유흥주점,성수,20180326,,성수동2가,서울특별시 성동구 연무장길 41-9,서울특별시 성동구 성수동2가 316-34,37.54313522,127.0539606,0,1,2,0.12666666666666665,0.0016266177625268677
3061,E4D0E6B1B0,시브****,,서울 성동구,카페,성수,20241220,,성수동2가,서울특별시 성동구 연무장길 54-1,서울특별시 성동구 성수동2가 321-73,37.5423621,127.0552703,0,1,1,0.09333333333333332,0.001526387536354894
3062,EE28A75CE0,서울****,,서울 성동구,한식-해물/생선,뚝섬,20191112,,성수동1가,서울특별시 성동구 왕십리로 80-1,서울특별시 성동구 성수동1가 656-320,37.54470662,127.0452425,1,2,2,0.3533333333333333,0.0026853692981435155
3063,11BFFCBE83,당*,,서울 성동구,아이스크림/빙수,뚝섬,20240110,,성수동1가,서울특별시 성동구 왕십리로 80-1,서울특별시 성동구 성수동1가 656-320,37.54470662,127.0452425,1,2,2,0.3533333333333333,0.0026853692981435155
3064,5FA82D7B59,공차*****,차1,서울 성동구,차,뚝섬,20190715,,성수동1가,서울특별시 성동구 왕십리로 94-2,서울특별시 성동구 성수동1가 661-2,37.54612285,127.0449154,0,2,2,0.18666666666666665,0.00211790654341651
3065,460FC7898C,미국*********,,서울 성동구,햄버거,뚝섬,20240202,,성수동1가,서울특별시 성동구 왕십리로 96-1,서울특별시 성동구 성수동1가 656-1123,37.54629711,127.0448853,0,2,2,0.18666666666666665,0.0020978052383735027
3066,776F48CD6C,성수*****,,서울 성동구,베이커리,뚝섬,20220922,,성수동1가,서울특별시 성동구 왕십리로 98-1,서울특별시 성동구 성수동1가 656-965,37.54640821,127.0448753,0,2,2,0.18666666666666665,0.0020884005346162512
3067,C12009C4BE,퀴*,,서울 성동구,양식,뚝섬,20210617,,성수동1가,서울특별시 성동구 왕십리로5길 3,서울특별시 성동구 성수동1가 685-580,37.54640255,127.0443497,0,2,2,0.18666666666666665,0.0019563169286701118
3068,F7ED8A9A8C,명가*********,중식당2,서울 성동구,중식당,뚝섬,20200428,,성수동1가,서울특별시 성동구 왕십리로6길 4,서울특별시 성동구 성수동1가 661-2,37.54611114,127.0451328,0,2,2,0.18666666666666665,0.002172013522648207
3069,33EA4BF6E9,고집********,,서울 성동구,한식-육류/고기,뚝섬,20210209,,성수동1가,서울특별시 성동구 왕십리로8길 5,서울특별시 성동구 성수동1가 656-385,37.54653843,127.0452845,1,2,2,0.3533333333333333,0.0022219529662583057
3070,B8F3A35930,도슨***,,서울 성동구,양식,뚝섬,20220413,,성수동1가,서울특별시 성동구 왕십리로8길 7,서울특별시 성동구 성수동1가 656-509,37.54644077,127.0457338,1,2,2,0.3533333333333333,0.0024118953523527185
3071,995D6B6C92,에토******,,서울 성동구,카페,뚝섬,20220622,,성수동1가,서울특별시 성동구 왕십리로8길 8,서울특별시 성동구 성수동1가 656-1965,37.54633846,127.0456103,1,2,2,0.3533333333333333,0.0023365028855406138
3072,283E6BD7FF,봉평******,한식-국수/만두8,서울 성동구,한식-국수/만두,뚝섬,20230407,,성수동1가,서울특별시 성동구 왕십리로8길 8,서울특별시 성동구 성수동1가 656-1965,37.54633846,127.0456103,1,2,2,0.3533333333333333,0.0023365028855406138
3073,2F63B0EE20,서울*******,,서울 성동구,한식-육류/고기,뚝섬,20200827,,성수동1가,서울특별시 성동구 왕십리로8길 8,서울특별시 성동구 성수동1가 656-1965,37.54633846,127.0456103,1,2,2,0.3533333333333333,0.0023365028855406138
3074,9A9F63379E,춘천***,한식-육류/고기25,서울 성동구,한식-육류/고기,뚝섬,20240627,,성수동1가,서울특별시 성동구 왕십리로8길 8,서울특별시 성동구 성수동1가 656-1965,37.54633846,127.0456103,1,2,2,0.3533333333333333,0.0023365028855406138
3075,5ED1A1DEB4,안뜰******,,서울 성동구,한식-해물/생선,뚝섬,20180208,,성수동1가,서울특별시 성동구 왕십리로8길 8,서울특별시 성동구 성수동1가 656-1965,37.54633846,127.0456103,1,2,2,0.3533333333333333,0.0023365028855406138
3076,C7323D89BF,후참*,,서울 성동구,일식-참치회,답십리,20220921,,용답동,서울특별시 성동구 용답19가길 24,서울특별시 성동구 용답동 49-3,37.5638762,127.0525556,0,2,2,0.18666666666666665,0.0020190438641611705
3077,75E3C003BC,봉평**********,,서울 성동구,한식-국수/만두,답십리,20200131,,용답동,서울특별시 성동구 용답19길 11-1,서울특별시 성동구 용답동 49-16,37.56336298,127.0521719,1,2,2,0.3533333333333333,0.0021672251651171314
3078,65EF268E18,육회************,,서울 성동구,한식-단품요리일반,답십리,20241113,,용답동,서울특별시 성동구 용답19길 12-1,서울특별시 성동구 용답동 48-7,37.56321313,127.0524101,1,2,2,0.3533333333333333,0.0021385464788059748
3079,FFE9F1CC6A,김첨*,,서울 성동구,백반/가정식,답십리,20241128,,용답동,서울특별시 성동구 용답19길 13-1,서울특별시 성동구 용답동 49-9,37.56349013,127.0523197,0,2,2,0.18666666666666665,0.0021017799182972306
3080,3AAA1F7B5B,너와*,,서울 성동구,한식-육류/고기,답십리,20171208,,용답동,서울특별시 성동구 용답19길 14-1,서울특별시 성동구 용답동 48-5,37.56333812,127.0525589,0,2,2,0.18666666666666665,0.002070063256046938
3081,373FC35FF2,소풍*******,,서울 성동구,분식,답십리,20230607,,용답동,서울특별시 성동구 용답19길 16-1,서울특별시 성동구 용답동 48-3,37.56345618,127.0527003,0,2,2,0.18666666666666665,0.0020190906929629044
3082,96029D2561,모모*******,,서울 성동구,일식당,답십리,20201104,,용답동,서울특별시 성동구 용답19길 18-1,서울특별시 성동구 용답동 48-1,37.5635999,127.0528776,0,2,2,0.18666666666666665,0.001970245032972739
3083,A6EB992C6A,싱싱****,,서울 성동구,청과물,답십리,20240613,,용답동,서울특별시 성동구 용답19길 18-1,서울특별시 성동구 용답동 48-1,37.5635999,127.0528776,0,2,2,0.18666666666666665,0.001970245032972739
3084,4B3D70F3C7,복음**,,서울 성동구,떡/한과 제조,답십리,20210804,,용답동,서울특별시 성동구 용답19길 18-1,서울특별시 성동구 용답동 48-1,37.5635999,127.0528776,0,2,2,0.18666666666666665,0.001970245032972739
3085,B75F0C155E,현미*****,식품 제조1,서울 성동구,식품 제조,답십리,20171010,,용답동,서울특별시 성동구 용답25나길 24,서울특별시 성동구 용답동 45-25,37.56307826,127.0535882,0,2,2,0.18666666666666665,0.0018202492449443815
3086,E2BDC284DA,푸른******,,서울 성동구,한식-해물/생선,답십리,20180608,20250723.0,용답동,서울특별시 성동구 용답25다길 23,서울특별시 성동구 용답동 46-24,37.563158,127.053254,0,2,2,0.18666666666666665,0.0019019740543618937
3087,58168DBBE0,못말****,,서울 성동구,일식-우동/소바/라면,답십리,20190314,,용답동,서울특별시 성동구 용답25다길 23,서울특별시 성동구 용답동 46-24,37.563158,127.053254,0,2,2,0.18666666666666665,0.0019019740543618937
3088,2A6D92878C,먹거***,,서울 성동구,백반/가정식,답십리,20180322,,용답동,서울특별시 성동구 용답25다길 24,서울특별시 성동구 용답동 46-25,37.56324856,127.0533678,0,2,2,0.18666666666666665,0.001871458733240747
3089,8F839093AF,찐이***,,서울 성동구,한식-육류/고기,답십리,20240517,,용답동,서울특별시 성동구 용답25다길 24,서울특별시 성동구 용답동 46-25,37.56324856,127.0533678,0,2,2,0.18666666666666665,0.001871458733240747
3090,228EDD81BA,행복****,,서울 성동구,한식-국수/만두,답십리,20231017,,용답동,서울특별시 성동구 용답29길 10-1,서울특별시 성동구 용답동 8-10,37.56383166,127.0549833,0,2,2,0.18666666666666665,0.0016033654206351147
3091,756D7DCEEE,커피****,,서울 성동구,카페,답십리,20240509,,용답동,서울특별시 성동구 용답길 157-32,서울특별시 성동구 용답동 16-1,37.56310996,127.054984,0,2,2,0.18666666666666665,0.001556744511390143
3092,3F3922C8C3,본떡**,,서울 성동구,분식,답십리,20200416,,용답동,서울특별시 성동구 용답중앙길 42,서울특별시 성동구 용답동 159-1,37.56509083,127.0509139,0,2,4,0.2533333333333333,0.0021332993540970923
3093,FD69236F45,로맹**,,서울 성동구,카페,답십리,20220302,,용답동,서울특별시 성동구 용답중앙길 50,서울특별시 성동구 용답동 166-4,37.56459806,127.0515633,0,2,4,0.2533333333333333,0.002110572192287343
3094,13C3C13D99,동네**,,서울 성동구,커피전문점,답십리,20181024,,용답동,서울특별시 성동구 용답중앙길 57,서울특별시 성동구 용답동 57-14,37.56424286,127.0524404,0,2,2,0.18666666666666665,0.002043869627655363
3095,66EE334562,용답**,,서울 성동구,한식-국수/만두,답십리,20240105,,용답동,서울특별시 성동구 용답중앙길 58,서울특별시 성동구 용답동 54-1,37.56416902,127.0521414,0,2,2,0.18666666666666665,0.002067850391177635
3096,A66E664F52,막주****,,서울 성동구,한식-단품요리일반,답십리,20240520,,용답동,서울특별시 성동구 용답중앙길 58,서울특별시 성동구 용답동 54-1,37.56416902,127.0521414,0,2,2,0.18666666666666665,0.002067850391177635
3097,554B8B39CF,경원**,,서울 성동구,농산물,답십리,20240520,,용답동,서울특별시 성동구 용답중앙길 69,서울특별시 성동구 용답동 13-22,37.56360156,127.0533796,0,2,2,0.18666666666666665,0.0018692340239882283
3098,90C18D7863,대성**,,서울 성동구,축산물,답십리,20200403,,용답동,서울특별시 성동구 용답중앙길 69,서울특별시 성동구 용답동 13-22,37.56360156,127.0533796,0,2,2,0.18666666666666665,0.0018692340239882283
3099,23E72E19E5,오늘**,,서울 성동구,한식-해물/생선,답십리,20190227,,용답동,서울특별시 성동구 용답중앙길 72,서울특별시 성동구 용답동 45-1,37.56317914,127.0534557,0,2,2,0.18666666666666665,0.0018514734502933113
3100,090DD25F79,기연*,,서울 성동구,중식당,답십리,20200831,,용답동,서울특별시 성동구 용답중앙길 76,서울특별시 성동구 용답동 44-1,37.56302406,127.0536932,0,2,2,0.18666666666666665,0.0017950718371009694
3101,844C36220E,꿀단****,,서울 성동구,한식-육류/고기,답십리,20220427,,용답동,서울특별시 성동구 용답중앙길 78-1,서울특별시 성동구 용답동 44-4,37.56281943,127.0539245,0,2,2,0.18666666666666665,0.0017373484403553057
3102,24AA9CA0A5,(포******,,서울 성동구,중식당,답십리,20240829,,용답동,서울특별시 성동구 용답중앙길 80,서울특별시 성동구 용답동 44-5,37.56276217,127.0540297,0,2,2,0.18666666666666665,0.0017118236984108113
3103,C7A37F14A6,키미***,,서울 성동구,식료품,답십리,20240830,,용답동,서울특별시 성동구 용답중앙길 90,서울특별시 성동구 용답동 21-12,37.56216561,127.0548385,0,1,2,0.12666666666666665,0.0015214506714112419
3104,FCEC2103C8,하동*,,서울 성동구,한식-국밥/설렁탕,왕십리,20180711,,행당동,서울특별시 성동구 행당로17길 17,서울특별시 성동구 행당동 298-42,37.55992579,127.0331577,0,3,5,0.3466666666666667,0.0022294671577573508
3105,E9EA02C4EA,포*,,서울 성동구,동남아/인도음식,왕십리,20230907,,행당동,서울특별시 성동구 행당로17길 18,서울특별시 성동구 행당동 292-8,37.56001952,127.0333773,0,4,5,0.4066666666666667,0.0022874565826506515
3106,1C3EE116AE,노가***,룸살롱/단란주점1,서울 성동구,룸살롱/단란주점,왕십리,20190917,,행당동,서울특별시 성동구 행당로17길 21,서울특별시 성동구 행당동 298-55,37.5602503,127.0329354,0,3,5,0.3466666666666667,0.0022310307376239838
3107,D9A68478F5,굴과***,,서울 성동구,한식-해물/생선,왕십리,20241216,,행당동,서울특별시 성동구 행당로17길 23,서울특별시 성동구 행당동 298-50,37.56035293,127.0329052,0,3,5,0.3466666666666667,0.0022366291796622703
3108,90BB88D55E,찰랑**,,서울 성동구,요리주점,왕십리,20220902,,행당동,서울특별시 성동구 행당로17길 25,서울특별시 성동구 행당동 298-48,37.56051757,127.0328268,0,3,5,0.3466666666666667,0.002237784190231746
3109,DDC5B3DE0C,디저*******,베이커리1,서울 성동구,베이커리,왕십리,20231006,,행당동,서울특별시 성동구 행당로17길 27,서울특별시 성동구 행당동 298-86,37.56060494,127.0325866,0,3,5,0.3466666666666667,0.00219958693780075
3110,84C49C7222,고구***,,서울 성동구,한식-육류/고기,왕십리,20240325,,행당동,서울특별시 성동구 행당로17길 27,서울특별시 성동구 행당동 298-86,37.56060494,127.0325866,0,3,5,0.3466666666666667,0.00219958693780075
3111,DA74E018B2,달항****,,서울 성동구,한식-육류/고기,왕십리,20240408,,행당동,서울특별시 성동구 행당로17길 27,서울특별시 성동구 행당동 298-86,37.56060494,127.0325866,0,3,5,0.3466666666666667,0.00219958693780075
3112,8AA06764E9,나누***,,서울 성동구,반찬,왕십리,20200421,,행당동,서울특별시 성동구 행당로17길 32,서울특별시 성동구 행당동 292-50,37.56110498,127.0326272,0,3,5,0.3466666666666667,0.0022408068705226797
3113,9E3E2C654F,컴포*********,커피전문점11,서울 성동구,커피전문점,왕십리,20241202,,행당동,서울특별시 성동구 행당로17길 32,서울특별시 성동구 행당동 292-50,37.56110498,127.0326272,0,3,5,0.3466666666666667,0.0022408068705226797
3114,7D2B5253F5,에이*****,,서울 성동구,일식당,왕십리,20240415,,행당동,서울특별시 성동구 행당로17길 34,서울특별시 성동구 행당동 292-44,37.56121927,127.0324701,0,3,5,0.3466666666666667,0.0022158284825543224
3115,ADD9CCF7A2,에이***,,서울 성동구,백반/가정식,왕십리,20240415,,행당동,서울특별시 성동구 행당로17길 34,서울특별시 성동구 행당동 292-44,37.56121927,127.0324701,0,3,5,0.3466666666666667,0.0022158284825543224
3116,614B42817C,샘터**,,서울 성동구,백반/가정식,왕십리,20120503,,도선동,서울특별시 성동구 무학로2나길 21-19,서울특별시 성동구 도선동 185-1,37.56443858,127.033601,0,3,4,0.31333333333333335,0.0020668631839008363
3117,162B21238D,해돋***,,서울 성동구,축산물,마장동,20091207,,마장동,서울특별시 성동구 청계천로10나길 77,서울특별시 성동구 마장동 474-6,37.5702721,127.0371373,0,1,2,0.12666666666666665,0.001435961685936123
3118,B5AD8350EE,동대******,,서울 성동구,한식-찌개/전골,장한평자동차,20180516,,용답동,서울특별시 성동구 자동차시장1길 94-15,서울특별시 성동구 용답동 238-2,37.55961689,127.0681229,0,1,1,0.09333333333333332,0.0011955304403164768
3119,79758BA350,청계****,,서울 성동구,한식-국밥/설렁탕,마장동,20240802,,마장동,서울특별시 성동구 청계천로10가길 64-3,서울특별시 성동구 마장동 465-27,37.57127336,127.0357295,0,1,2,0.12666666666666665,0.0014512412525362656
3120,05870C6994,전주**,,서울 성동구,백반/가정식,마장동,20150414,,마장동,서울특별시 성동구 청계천로10나길 82-14,서울특별시 성동구 마장동 478-29,37.56987142,127.0371568,0,1,2,0.12666666666666665,0.0014151448431270633
3121,CC35F3E6A1,가람**,,서울 성동구,축산물,마장동,20090619,,마장동,서울특별시 성동구 청계천로10다길 61-1,서울특별시 성동구 마장동 469-31,37.56994012,127.0367345,0,1,2,0.12666666666666665,0.00138784185591666
3122,99973542B9,달콤***,,서울 성동구,카페,마장동,20170915,,마장동,서울특별시 성동구 고산자로 337-2,서울특별시 성동구 마장동 478-35,37.56985272,127.0373115,0,1,2,0.12666666666666665,0.0014261675201312155
3123,CDAEDB0A25,이디********,커피전문점6,서울 성동구,커피전문점,마장동,20190220,,마장동,서울특별시 성동구 고산자로 339-2,서울특별시 성동구 마장동 478-38,37.57002056,127.0373566,0,1,2,0.12666666666666665,0.0014321310453956758
3124,BFA619CF5E,시대**,,서울 성동구,농산물,왕십리,20211001,,행당동,서울특별시 성동구 고산자로10길 8,서울특별시 성동구 행당동 319-39,37.5586126,127.0349968,0,3,4,0.31333333333333335,0.0021544240435764973
3125,03A4C45CEB,장어**,,서울 성동구,한식-해물/생선,왕십리,20211001,,행당동,서울특별시 성동구 고산자로10길 8,서울특별시 성동구 행당동 319-39,37.5586126,127.0349968,0,3,4,0.31333333333333335,0.0021544240435764973
3126,CF93CCB79E,행당**,,서울 성동구,식료품,왕십리,20181101,,행당동,서울특별시 성동구 고산자로12길 1,서울특별시 성동구 행당동 266-4,37.56031184,127.0348273,0,3,5,0.3466666666666667,0.002910314891167099
3127,F9E3638CA1,만나********,,서울 성동구,농산물,마장동,20210128,,마장동,서울특별시 성동구 고산자로20길 9,서울특별시 성동구 마장동 513-23,37.5679812,127.0380522,0,1,6,0.26,0.0015573931547054887
3128,0E8F0F8410,리안**,,서울 성동구,축산물,마장동,20190530,,마장동,서울특별시 성동구 고산자로20길 9,서울특별시 성동구 마장동 513-23,37.5679812,127.0380522,0,1,6,0.26,0.0015573931547054887
3129,CAF68EC2CB,담*,,서울 성동구,카페,마장동,20221202,,마장동,서울특별시 성동구 고산자로22길 6,서울특별시 성동구 마장동 520-2,37.569061,127.0379323,0,0,3,0.1,0.0014804611088349517
3130,26EBEEFD0A,삼성**,,서울 성동구,축산물,마장동,20240708,,마장동,서울특별시 성동구 고산자로24길 6,서울특별시 성동구 마장동 521-1,37.56990363,127.038153,0,1,3,0.16,0.0014841966845355378
3131,E5B86651F8,구미*,,서울 성동구,한식-육류/고기,마장동,20180919,,마장동,서울특별시 성동구 고산자로26길 5,서울특별시 성동구 마장동 523-2,37.57079769,127.0384054,0,1,3,0.16,0.0015651978193841818
3132,999B6B5297,할머************,,서울 성동구,분식,,20240104,20250822.0,행당동,서울특별시 성동구 고산자로2길 65,서울특별시 성동구 행당동 380,37.55619853,127.0388365,0,1,5,0.22666666666666668,0.0016776366194526343
3133,56072E2ED8,38****,,서울 성동구,한식-육류/고기,,20240530,,행당동,서울특별시 성동구 고산자로2길 65,서울특별시 성동구 행당동 380,37.55619853,127.0388365,0,1,5,0.22666666666666668,0.0016776366194526343
3134,81109044D7,장조*,,서울 성동구,한식-단품요리일반,,20210705,20250804.0,행당동,서울특별시 성동구 고산자로2길 65,서울특별시 성동구 행당동 380,37.55619853,127.0388365,0,1,5,0.22666666666666668,0.0016776366194526343
3135,755CDB3BAB,블랑*****,,서울 성동구,베이커리,,20180910,,행당동,서울특별시 성동구 고산자로2길 67,서울특별시 성동구 행당동 380,37.55629718,127.0380275,0,0,6,0.2,0.0016575826707352255
3136,2D7E5C7167,엄마****,,서울 성동구,백반/가정식,,20220822,,행당동,서울특별시 성동구 고산자로2길 67,서울특별시 성동구 행당동 380,37.55629718,127.0380275,0,0,6,0.2,0.0016575826707352255
3137,A317F15BD9,붐비********,,서울 성동구,한식-단품요리일반,,20211213,,행당동,서울특별시 성동구 고산자로2길 67,서울특별시 성동구 행당동 380,37.55629718,127.0380275,0,0,6,0.2,0.0016575826707352255
3138,46E766EB0A,오브*********,,서울 성동구,양식,,20240205,,행당동,서울특별시 성동구 고산자로6길 22,서울특별시 성동구 행당동 116-1,37.55715544,127.0351995,0,1,5,0.22666666666666668,0.0017740277049197375
3139,8D3B01376B,장가**,,서울 성동구,축산물,,20221107,,행당동,서울특별시 성동구 고산자로6길 40,서울특별시 성동구 행당동 140,37.5582207,127.0354825,0,3,5,0.3466666666666667,0.0020669417457713423
3140,FFEDAC5747,파리**********,베이커리10,서울 성동구,베이커리,,20190110,,행당동,서울특별시 성동구 고산자로6길 40,서울특별시 성동구 행당동 140,37.5582207,127.0354825,0,3,5,0.3466666666666667,0.0020669417457713423
3141,BE9777DE4A,커피******,커피전문점8,서울 성동구,커피전문점,,20240423,,행당동,서울특별시 성동구 고산자로6길 40,서울특별시 성동구 행당동 140,37.5582207,127.0354825,0,3,5,0.3466666666666667,0.0020669417457713423
3142,1545D071D9,토리*****,,서울 성동구,한식뷔페,,20220211,,행당동,서울특별시 성동구 고산자로8길 20,서울특별시 성동구 행당동 117-45,37.55795808,127.0360208,0,3,5,0.3466666666666667,0.002019170596629841
3143,A9EDBF95B0,테트****,한식-육류/고기28,서울 성동구,한식-육류/고기,,20190415,,행당동,서울특별시 성동구 고산자로8길 20,서울특별시 성동구 행당동 117-45,37.55795808,127.0360208,0,3,5,0.3466666666666667,0.002019170596629841
3144,C22422FD12,자담******,치킨26,서울 성동구,치킨,,20240220,,행당동,서울특별시 성동구 고산자로8길 24,서울특별시 성동구 행당동 117-10,37.55812545,127.0364217,0,3,5,0.3466666666666667,0.002100862234722858
3145,4321CFDE5D,왕십****,,서울 성동구,한식-단품요리일반,,20240104,,행당동,서울특별시 성동구 고산자로8길 27,서울특별시 성동구 행당동 138-51,37.55837049,127.03679,0,3,5,0.3466666666666667,0.002221051823488461
3146,4F6748BD4E,복돼******,,서울 성동구,한식-해물/생선,,20180718,,송정동,서울특별시 성동구 광나루로 303-1,서울특별시 성동구 송정동 67-11,37.54830684,127.0632794,0,0,1,0.03333333333333333,0.0009816734112750743
3147,DABAA47F1B,신의*****,,서울 성동구,분식,,20191209,,성수동2가,서울특별시 성동구 광나루로 320-1,서울특별시 성동구 성수동2가 281-12,37.54732664,127.0654288,0,0,0,0.0,0.001061354267355028
3148,8F21F5ED8C,송강***,,서울 성동구,일식당,,20170612,,성수동2가,서울특별시 성동구 광나루로 320-1,서울특별시 성동구 성수동2가 281-12,37.54732664,127.0654288,0,0,0,0.0,0.001061354267355028
3149,E495DA446B,제이******,,서울 성동구,백반/가정식,,20220719,,성수동2가,서울특별시 성동구 광나루로 320-2,서울특별시 성동구 성수동2가 281-8,37.54790553,127.0649453,0,0,0,0.0,0.0010214959631841222
3150,5C2ABD2879,공간***,,서울 성동구,한식-육류/고기,,20240517,,송정동,서울특별시 성동구 광나루로11길 3,서울특별시 성동구 송정동 66-102,37.54852737,127.0653287,0,0,0,0.0,0.001001872835238932
3151,DE6A101DCA,밥묵****,,서울 성동구,백반/가정식,,20200728,,송정동,서울특별시 성동구 광나루로11길 4,서울특별시 성동구 송정동 66-49,37.54863794,127.0656216,0,0,1,0.03333333333333333,0.001003900645513764
3152,F095DE8367,남원********,한식-해물/생선2,서울 성동구,한식-해물/생선,,20170601,,송정동,서울특별시 성동구 광나루로11길 5,서울특별시 성동구 송정동 66-89,37.54878133,127.0653715,0,0,0,0.0,0.0009915626094561683
3153,FCE1F472A0,송림***,,서울 성동구,농산물,,20220215,,송정동,서울특별시 성동구 광나루로11길 6,서울특별시 성동구 송정동 66-82,37.54871139,127.0657452,0,0,1,0.03333333333333333,0.0010036566390675256
3154,391836F1E0,하츠*****************,,서울 성동구,카페,,20230831,,송정동,서울특별시 성동구 광나루로11길 7,서울특별시 성동구 송정동 66-51,37.54897714,127.0656627,0,0,0,0.0,0.000989744752953412
3155,AD0F358619,카페**************,,서울 성동구,카페,성수,20220721,,성수동2가,서울특별시 성동구 광나루로2길 34,서울특별시 성동구 성수동2가 299-220,37.54820923,127.0548744,0,1,2,0.12666666666666665,0.001260739076711385
3156,62DCAD38F6,어커*******,,서울 성동구,카페,성수,20210602,,성수동2가,서울특별시 성동구 광나루로4길 12,서울특별시 성동구 성수동2가 299-129,37.54939008,127.0535056,0,0,2,0.06666666666666667,0.001206053329316487
3157,FEE6966193,유니********,,서울 성동구,카페,,20221222,,성수동2가,서울특별시 성동구 광나루로6길 35,서울특별시 성동구 성수동2가 280-21,37.54679973,127.0632967,0,0,1,0.03333333333333333,0.0010640137929678636
3158,3316D1C001,비원***************,,서울 성동구,한식뷔페,,20170124,,성수동2가,서울특별시 성동구 광나루로6길 35,서울특별시 성동구 성수동2가 280-21,37.54679973,127.0632967,0,0,1,0.03333333333333333,0.0010640137929678636
3159,9FBE5BF7CF,매머****************************,,서울 성동구,커피전문점,,20181206,,성수동2가,서울특별시 성동구 광나루로6길 35,서울특별시 성동구 성수동2가 280-21,37.54679973,127.0632967,0,0,1,0.03333333333333333,0.0010640137929678636
3160,BDC0AED34F,커피**,,서울 성동구,커피전문점,,20230324,,성수동2가,서울특별시 성동구 광나루로6길 35,서울특별시 성동구 성수동2가 280-21,37.54679973,127.0632967,0,0,1,0.03333333333333333,0.0010640137929678636
3161,FA74A080E1,프로*****,,서울 성동구,백반/가정식,,20210813,,성수동2가,서울특별시 성동구 광나루로6길 35,서울특별시 성동구 성수동2가 280-21,37.54679973,127.0632967,0,0,1,0.03333333333333333,0.0010640137929678636
3162,86D332A825,이삭***,샌드위치/토스트3,서울 성동구,샌드위치/토스트,,20180823,,성수동2가,서울특별시 성동구 광나루로6길 35,서울특별시 성동구 성수동2가 280-21,37.54679973,127.0632967,0,0,1,0.03333333333333333,0.0010640137929678636
3163,129DB16365,아토**********,,서울 성동구,샌드위치/토스트,,20240426,,성수동2가,서울특별시 성동구 광나루로6길 35,서울특별시 성동구 성수동2가 280-21,37.54679973,127.0632967,0,0,1,0.03333333333333333,0.0010640137929678636
3164,8B132478F2,토프********,,서울 성동구,한식-단품요리일반,,20191112,,성수동2가,서울특별시 성동구 광나루로6길 35,서울특별시 성동구 성수동2가 280-21,37.54679973,127.0632967,0,0,1,0.03333333333333333,0.0010640137929678636
3165,33630D7FC6,다담****,,서울 성동구,한식-단품요리일반,,20211115,,성수동2가,서울특별시 성동구 광나루로8길 10,서울특별시 성동구 성수동2가 280-15,37.54730952,127.0636157,0,0,1,0.03333333333333333,0.0010372976044815633
3166,0EC92894F0,빙동*****,,서울 성동구,아이스크림/빙수,금남시장,20241007,,금호동4가,서울특별시 성동구 금호로1길 41-1,서울특별시 성동구 금호동4가 504,37.54785109,127.0237345,0,0,1,0.03333333333333333,0.001177914657439669
3167,39E9AADD30,비에***********,치킨3,서울 성동구,치킨,금남시장,20210728,,금호동3가,서울특별시 성동구 금호산2길 11-1,서울특별시 성동구 금호동3가 949,37.54889165,127.0208655,0,1,2,0.12666666666666665,0.001381073863003585
3168,DA66A755A8,담양**********,,서울 성동구,한식-육류/고기,금남시장,20210119,,금호동3가,서울특별시 성동구 금호산2길 15-1,서울특별시 성동구 금호동3가 452,37.54892813,127.0214199,0,1,2,0.12666666666666665,0.001321795495117599
3169,1829BF330D,원조***,,서울 성동구,반찬,금남시장,20190313,,금호동3가,서울특별시 성동구 금호산2길 17-1,서울특별시 성동구 금호동3가 456,37.54889133,127.0216705,0,0,2,0.06666666666666667,0.0013002703996268835
3170,263A2454D1,란*,,서울 성동구,호프/맥주,금남시장,20170913,,금호동3가,서울특별시 성동구 금호산2길 17-1,서울특별시 성동구 금호동3가 456,37.54889133,127.0216705,0,0,2,0.06666666666666667,0.0013002703996268835
3171,BA69E3CDB0,화락***********,,서울 성동구,치킨,금남시장,20240326,,금호동3가,서울특별시 성동구 금호산2길 18-1,서울특별시 성동구 금호동3가 449,37.54878142,127.0216005,0,0,2,0.06666666666666667,0.0013063908630633388
3172,0C52600659,금호***,,서울 성동구,건강원,금남시장,20240717,,금호동3가,서울특별시 성동구 금호산2길 25-1,서울특별시 성동구 금호동3가 533-1,37.54894854,127.0226043,0,0,2,0.06666666666666667,0.0012379082782113051
3173,B03818B768,스시**,,서울 성동구,일식당,금남시장,20210308,,금호동3가,서울특별시 성동구 금호산2길 26-3,서울특별시 성동구 금호동3가 347,37.54885468,127.0225072,0,0,2,0.06666666666666667,0.0012440802319163065
3174,6F534D5C41,콩나******,,서울 성동구,백반/가정식,금남시장,20180115,,금호동3가,서울특별시 성동구 금호산2길 28-2,서울특별시 성동구 금호동3가 344,37.54884059,127.0226636,0,0,2,0.06666666666666667,0.0012345068186132898
3175,0DE3499749,카페*********,,서울 성동구,카페,옥수,20170828,,옥수동,서울특별시 성동구 독서당로 194-1,서울특별시 성동구 옥수동 244-11,37.54277493,127.0127622,0,1,4,0.19333333333333333,0.0015853065931939838
3176,A306307EAE,노리*,,서울 성동구,백반/가정식,옥수,20160825,,옥수동,서울특별시 성동구 독서당로 194-1,서울특별시 성동구 옥수동 244-11,37.54277493,127.0127622,0,1,4,0.19333333333333333,0.0015853065931939838
3177,FD00BD4D69,고찌****,,서울 성동구,일식-덮밥/돈가스,옥수,20220307,,옥수동,서울특별시 성동구 독서당로 216-1,서울특별시 성동구 옥수동 285-24,37.54362179,127.0149675,0,3,3,0.28,0.0018845343386076044
3178,BC2FFDF526,산청**,,서울 성동구,한식-육류/고기,금남시장,20190318,,금호동4가,서울특별시 성동구 독서당로 267-6,서울특별시 성동구 금호동4가 1044,37.54704048,127.0191588,0,1,3,0.16,0.0016614026073890585
3179,97F13CDA75,야키******,,서울 성동구,일식당,금남시장,20240419,,금호동4가,서울특별시 성동구 독서당로 274-1,서울특별시 성동구 금호동4가 630,37.54700297,127.0198613,0,1,3,0.16,0.001539221590261185
3180,F1A467E06E,한마*******,,서울 성동구,한식-육류/고기,금남시장,20241202,,금호동3가,서울특별시 성동구 독서당로 293-8,서울특별시 성동구 금호동3가 406,37.54854711,127.0218429,0,0,2,0.06666666666666667,0.0012906242292684373
3181,A8934A6565,얌*,분식14,서울 성동구,분식,금남시장,20221006,,금호동3가,서울특별시 성동구 독서당로 295-1,서울특별시 성동구 금호동3가 412,37.54838915,127.021959,0,0,2,0.06666666666666667,0.0012836972225711897
3182,F72B20D757,타탄*****************,,서울 성동구,한식-단품요리일반,금남시장,20230525,,금호동3가,서울특별시 성동구 독서당로 295-1,서울특별시 성동구 금호동3가 412,37.54838915,127.021959,0,0,2,0.06666666666666667,0.0012836972225711897
3183,1B13E9E623,무수*,,서울 성동구,양식,금남시장,20240513,,금호동3가,서울특별시 성동구 독서당로 295-5,서울특별시 성동구 금호동3가 408,37.54846736,127.021895,0,0,2,0.06666666666666667,0.001287581516871584
3184,078E739D39,골목**,,서울 성동구,포장마차,금남시장,20231010,,금호동3가,서울특별시 성동구 독서당로 295-5,서울특별시 성동구 금호동3가 408,37.54846736,127.021895,0,0,2,0.06666666666666667,0.001287581516871584
3185,C9FF8B2E0B,엄마*****,,서울 성동구,한식-찌개/전골,금남시장,20231025,,금호동3가,서울특별시 성동구 독서당로 295-5,서울특별시 성동구 금호동3가 408,37.54846736,127.021895,0,0,2,0.06666666666666667,0.001287581516871584
3186,A730AA5039,맘스******,햄버거2,서울 성동구,햄버거,금남시장,20200218,,금호동4가,서울특별시 성동구 독서당로 296-1,서울특별시 성동구 금호동4가 561-2,37.54803479,127.0218978,0,0,2,0.06666666666666667,0.0012920770548173002
3187,1AB3F0C3B0,진숙**,,서울 성동구,백반/가정식,금남시장,20181214,,금호동4가,서울특별시 성동구 독서당로 296-1,서울특별시 성동구 금호동4가 561-2,37.54803479,127.0218978,0,0,2,0.06666666666666667,0.0012920770548173002
3188,EFB11372BE,호호***,,서울 성동구,분식,금남시장,20240829,,금호동3가,서울특별시 성동구 독서당로 297-2,서울특별시 성동구 금호동3가 374-1,37.54836693,127.0222546,0,0,2,0.06666666666666667,0.0012632062839228798
3189,F0879D5E1E,금대***,,서울 성동구,축산물,금남시장,20201202,,금호동3가,서울특별시 성동구 독서당로 297-2,서울특별시 성동구 금호동3가 374-1,37.54836693,127.0222546,0,0,2,0.06666666666666667,0.0012632062839228798
3190,CA81C3788D,반도***,,서울 성동구,농산물,금남시장,20190129,,금호동3가,서울특별시 성동구 독서당로 297-3,서울특별시 성동구 금호동3가 411-3,37.54840281,127.0221093,0,0,2,0.06666666666666667,0.0012729069125962526
3191,7D0EEB730E,돈가********,,서울 성동구,한식-단품요리일반,금남시장,20201204,,금호동3가,서울특별시 성동구 독서당로 297-3,서울특별시 성동구 금호동3가 411-3,37.54840281,127.0221093,0,0,2,0.06666666666666667,0.0012729069125962526
3192,46B7CF90B2,홍가*****,,서울 성동구,한식-단품요리일반,금남시장,20231024,,금호동3가,서울특별시 성동구 독서당로 297-8,서울특별시 성동구 금호동3가 377,37.54850487,127.0222689,0,0,2,0.06666666666666667,0.001261194512981378
3193,50FB1F6C45,정광**,,서울 성동구,농산물,금남시장,20171201,,금호동3가,서울특별시 성동구 독서당로 297-9,서울특별시 성동구 금호동3가 404,37.54853931,127.0221291,0,0,2,0.06666666666666667,0.0012704271444475518
3194,E7BA575772,은성**,,서울 성동구,한식-육류/고기,금남시장,20180904,,금호동3가,서울특별시 성동구 독서당로 299-5,서울특별시 성동구 금호동3가 375,37.54844467,127.0223288,0,0,2,0.06666666666666667,0.0012576256478196526
3195,B6660D3A83,매우*,,서울 성동구,한식-육류/고기,금남시장,20200713,,금호동3가,서울특별시 성동구 독서당로 299-6,서울특별시 성동구 금호동3가 372,37.54843798,127.0224571,0,0,2,0.06666666666666667,0.0012492490366581884
3196,7.83E+09,청주*****,,서울 성동구,도너츠,금남시장,20210701,,금호동3가,서울특별시 성동구 독서당로 301-1,서울특별시 성동구 금호동3가 369-1,37.54835272,127.0225643,0,0,2,0.06666666666666667,0.0012429187675738536
3197,B9FFD4B49A,풍천**,한식-해물/생선6,서울 성동구,한식-해물/생선,금남시장,20220620,,금호동3가,서울특별시 성동구 독서당로 303-2,서울특별시 성동구 금호동3가 320,37.54832446,127.0228716,0,0,2,0.06666666666666667,0.0012240269545010438
3198,72AC62D037,금호**,,서울 성동구,식료품,금남시장,20230524,,금호동3가,서울특별시 성동구 독서당로 303-5,서울특별시 성동구 금호동3가 324,37.54841594,127.0227077,0,0,2,0.06666666666666667,0.0012335182795955187
3199,B683D261A6,금남************,,서울 성동구,치킨,금남시장,20221107,,금호동3가,서울특별시 성동구 독서당로 303-7,서울특별시 성동구 금호동3가 326,37.54845297,127.0227128,0,0,2,0.06666666666666667,0.0012330005307573497
3200,673E2D3411,갈비*****,,서울 성동구,한식-국밥/설렁탕,금남시장,20230728,,금호동4가,서울특별시 성동구 독서당로 312-1,서울특별시 성동구 금호동4가 506,37.54799597,127.0237346,0,0,2,0.06666666666666667,0.0011772434496975716
3201,6A584E1D14,미니**,,서울 성동구,카페,금남시장,20200805,,금호동4가,서울특별시 성동구 독서당로48길 4,서울특별시 성동구 금호동4가 588,37.54767985,127.0216098,0,0,3,0.1,0.0013195660007296974
3202,1B8A35EA99,하이****************,,서울 성동구,양식,금남시장,20210428,,금호동4가,서울특별시 성동구 독서당로48길 6,서울특별시 성동구 금호동4가 676,37.54758259,127.0218491,0,0,3,0.1,0.0013018586767047642
3203,1D20FA334E,간지******,,서울 성동구,요리주점,금남시장,20241206,,금호동4가,서울특별시 성동구 독서당로48길 9,서울특별시 성동구 금호동4가 554,37.54779815,127.0221257,0,0,2,0.06666666666666667,0.0012781130429733115
3204,DF32149DAD,키라***,,서울 성동구,호프/맥주,금남시장,20201217,,금호동4가,서울특별시 성동구 독서당로50길 1,서울특별시 성동구 금호동4가 507,37.54790111,127.0236616,0,0,2,0.06666666666666667,0.0011815260818326663
3205,00DA1813DE,망고***,,서울 성동구,청과물,,20190905,,응봉동,서울특별시 성동구 독서당로60길 2,서울특별시 성동구 응봉동 193-79,37.54972218,127.0307856,0,1,1,0.09333333333333332,0.0013278612640441052
3206,026EBC2ED1,티엔************,,서울 성동구,동남아/인도음식,,20230403,,응봉동,서울특별시 성동구 독서당로60길 2,서울특별시 성동구 응봉동 193-79,37.54972218,127.0307856,0,1,1,0.09333333333333332,0.0013278612640441052
3207,AC6E8AC491,한남*****,,서울 성동구,축산물,,20221031,20250730.0,응봉동,서울특별시 성동구 독서당로60길 4,서울특별시 성동구 응봉동 193-78,37.54959981,127.0308365,0,1,1,0.09333333333333332,0.0013273406469326277
3208,5F4D724ED3,가온*,,서울 성동구,백반/가정식,,20190812,,응봉동,서울특별시 성동구 독서당로62길 4,서울특별시 성동구 응봉동 193-120,37.54965479,127.0311258,0,1,1,0.09333333333333332,0.0013769211511172612
3209,DE2D4A4E86,광명**,,서울 성동구,식료품,금남시장,20211206,,금호동4가,서울특별시 성동구 동호로2길 28-1,서울특별시 성동구 금호동4가 1204,37.5481197,127.0190896,0,1,3,0.16,0.0016787630312724167
3210,C1B6121B9C,치카*****************,,서울 성동구,베이커리,,20221222,,성수동1가,서울특별시 성동구 뚝섬로1가길 14,서울특별시 성동구 성수동1가 656-1002,37.54233128,127.0471736,0,1,2,0.12666666666666665,0.0016592716662345336
3211,9371F76478,샐러*******,,서울 성동구,백반/가정식,뚝섬,20230613,,성수동1가,서울특별시 성동구 뚝섬로1길 55-1,서울특별시 성동구 성수동1가 656-1030,37.54618462,127.0475523,1,2,3,0.3866666666666666,0.0029025638641861098
3212,D5F0182675,정*,,서울 성동구,카페,성수,20240424,,성수동1가,서울특별시 성동구 뚝섬로3나길 11,서울특별시 성동구 성수동1가 31-30,37.54173603,127.0499438,0,0,3,0.1,0.00127246101497029
3213,F59ADB02C2,문문*,,서울 성동구,백반/가정식,성수,20240716,,성수동2가,서울특별시 성동구 뚝섬로9길 11-1,서울특별시 성동구 성수동2가 328-27,37.5393119,127.0565073,0,0,1,0.03333333333333333,0.0010200079781469192
3214,7001FF8251,팬톤****,,서울 성동구,양식,성수,20230605,,성수동2가,서울특별시 성동구 뚝섬로9길 13-1,서울특별시 성동구 성수동2가 328-25,37.53949431,127.0564016,0,0,1,0.03333333333333333,0.0010343946548398537
3215,AAA80B422A,호감*,,서울 성동구,이자카야,성수,20220330,,성수동2가,서울특별시 성동구 뚝섬로9길 13-1,서울특별시 성동구 성수동2가 328-25,37.53949431,127.0564016,0,0,1,0.03333333333333333,0.0010343946548398537
3216,8934C5353C,자매**,,서울 성동구,백반/가정식,마장동,20171017,,마장동,서울특별시 성동구 마장로31가길 2,서울특별시 성동구 마장동 511-17,37.56949254,127.0383223,0,0,3,0.1,0.0014977579565605198
3217,386397E23E,동명**,,서울 성동구,축산물,마장동,20210621,,마장동,서울특별시 성동구 마장로31가길 5,서울특별시 성동구 마장동 510-10,37.56978121,127.0386108,0,1,3,0.16,0.001513215294905251
3218,C525E44DDB,희망**,,서울 성동구,축산물,마장동,20211220,,마장동,서울특별시 성동구 마장로31가길 5,서울특별시 성동구 마장동 510-10,37.56978121,127.0386108,0,1,3,0.16,0.001513215294905251
3219,289FECEDF1,동명**,,서울 성동구,축산물,마장동,20211222,,마장동,서울특별시 성동구 마장로31가길 5,서울특별시 성동구 마장동 510-10,37.56978121,127.0386108,0,1,3,0.16,0.001513215294905251
3220,A5252A18CF,선광**,,서울 성동구,축산물,마장동,20220504,,마장동,서울특별시 성동구 마장로31가길 5,서울특별시 성동구 마장동 510-10,37.56978121,127.0386108,0,1,3,0.16,0.001513215294905251
3221,33B68F414D,수정**,,서울 성동구,식료품,마장동,20220803,,마장동,서울특별시 성동구 마장로31가길 6,서울특별시 성동구 마장동 511-12,37.56945835,127.0384479,0,0,3,0.1,0.0015071895445719855
3222,E569E14F36,길모****,,서울 성동구,커피전문점,마장동,20170629,,마장동,서울특별시 성동구 마장로35나길 4,서울특별시 성동구 마장동 487-54,37.56872655,127.0395704,0,1,5,0.22666666666666668,0.0016345973101921942
3223,1EC413BB05,신호**,,서울 성동구,축산물,마장동,20201013,,마장동,서울특별시 성동구 마장로35나길 5,서울특별시 성동구 마장동 481-5,37.56876733,127.0399358,0,1,4,0.19333333333333333,0.0016653824109518704
3224,C08E57AC76,남문******,,서울 성동구,한식-찌개/전골,마장동,20240314,,마장동,서울특별시 성동구 마장로35나길 9,서울특별시 성동구 마장동 481-12,37.56867521,127.0403276,0,1,4,0.19333333333333333,0.0017145969484557357
3225,1FD34CB47A,세원**,,서울 성동구,축산물,마장동,20210121,,마장동,서울특별시 성동구 마장로35다길 7,서울특별시 성동구 마장동 480-18,37.56955825,127.0403915,0,1,3,0.16,0.0016363450529353056
3226,48A2E5A7D3,대성****,,서울 성동구,축산물,마장동,20230802,,마장동,서울특별시 성동구 마장로35다길 8,서울특별시 성동구 마장동 481-23,37.5694344,127.04028,0,1,3,0.16,0.0016372227896434427
3227,4069628130,OM***,,서울 성동구,축산물,마장동,20170424,,마장동,서울특별시 성동구 마장로35다길 9,서울특별시 성동구 마장동 480-13,37.56972903,127.0405205,0,1,3,0.16,0.0016335032278995503
3228,61E9DEEBD7,마천**,,서울 성동구,축산물,마장동,20230914,,마장동,서울특별시 성동구 마장로35다길 9,서울특별시 성동구 마장동 480-13,37.56972903,127.0405205,0,1,3,0.16,0.0016335032278995503
3229,3DFABAA899,예농***,,서울 성동구,축산물,마장동,20240327,,마장동,서울특별시 성동구 마장로35다길 9,서울특별시 성동구 마장동 480-13,37.56972903,127.0405205,0,1,3,0.16,0.0016335032278995503
3230,07048B6141,한남**,,서울 성동구,백반/가정식,마장동,20200610,,마장동,서울특별시 성동구 마장로35라길 9,서울특별시 성동구 마장동 439-9,37.57023025,127.0410715,0,3,3,0.28,0.0016351827209345206
3231,C99550815C,쏘앤**************,,서울 성동구,농산물,,20231211,,마장동,서울특별시 성동구 마조로16길 3-6,서울특별시 성동구 마장동 793-24,37.56450577,127.0423461,1,2,5,0.4533333333333333,0.002478561892795098
3232,6B57A63A62,왕십*****************,,서울 성동구,포장마차,한양대,20241202,,행당동,서울특별시 성동구 마조로1가길 11,서울특별시 성동구 행당동 4-6,37.56049885,127.0400641,0,3,5,0.3466666666666667,0.0028931937905030485
3233,2A74299DD1,도담*******,치킨13,서울 성동구,치킨,한양대,20230911,20250407.0,행당동,서울특별시 성동구 마조로1가길 14,서울특별시 성동구 행당동 4-24,37.56029855,127.0400817,0,3,5,0.3466666666666667,0.0027767769726230406
3234,3531297CCD,한신*******,포장마차1,서울 성동구,포장마차,한양대,20220203,,행당동,서울특별시 성동구 마조로1가길 16,서울특별시 성동구 행당동 4-28,37.56029309,127.0402268,0,3,5,0.3466666666666667,0.002700114046431183
3235,E9CC23245B,싼(***********,,서울 성동구,피자,한양대,20220106,20240305.0,행당동,서울특별시 성동구 마조로1길 26-5,서울특별시 성동구 행당동 19-64,37.55970421,127.0396773,0,3,5,0.3466666666666667,0.0026257166294617494
3236,1023E7B792,주*,,서울 성동구,요리주점,한양대,20240619,,행당동,서울특별시 성동구 마조로1길 40-1,서울특별시 성동구 행당동 1-16,37.56100984,127.0394221,1,3,5,0.5133333333333334,0.0038775071454804034
3237,EE79357E42,미미**********,,서울 성동구,꼬치구이,한양대,20210319,,행당동,서울특별시 성동구 마조로3가길 10,서울특별시 성동구 행당동 19-94,37.55893337,127.0400556,0,3,4,0.31333333333333335,0.002197354258503111
3238,BABA730F00,생마*****,,서울 성동구,이자카야,한양대,20231128,,행당동,서울특별시 성동구 마조로3가길 10,서울특별시 성동구 행당동 19-94,37.55893337,127.0400556,0,3,4,0.31333333333333335,0.002197354258503111
3239,9B4EED47A6,마장**,,서울 성동구,한식-육류/고기,한양대,20171110,,행당동,서울특별시 성동구 마조로3가길 11,서울특별시 성동구 행당동 19-89,37.55909616,127.0398309,0,3,4,0.31333333333333335,0.002296641213421251
3240,E79BB5C3F3,포차*,,서울 성동구,포장마차,한양대,20240411,,행당동,서울특별시 성동구 마조로3가길 12,서울특별시 성동구 행당동 19-93,37.55901985,127.0400852,0,3,4,0.31333333333333335,0.0022210945677006025
3241,EC8D405566,계맛*****,,서울 성동구,한식-육류/고기,한양대,20221104,,행당동,서울특별시 성동구 마조로3가길 12,서울특별시 성동구 행당동 19-93,37.55901985,127.0400852,0,3,4,0.31333333333333335,0.0022210945677006025
3242,2743897872,용용*******,,서울 성동구,요리주점,한양대,20191210,,행당동,서울특별시 성동구 마조로3가길 15,서울특별시 성동구 행당동 19-7,37.55928472,127.0398992,0,3,4,0.31333333333333335,0.0023586484771878436
3243,AB9C75D921,무지********,,서울 성동구,호프/맥주,한양대,20200904,,행당동,서울특별시 성동구 마조로3가길 18,서울특별시 성동구 행당동 19-43,37.55928544,127.040166,0,3,5,0.3466666666666667,0.0022976181709196226
3244,FEA22C8CC8,92******,,서울 성동구,한식-육류/고기,한양대,20241127,,행당동,서울특별시 성동구 마조로3가길 18,서울특별시 성동구 행당동 19-43,37.55928544,127.040166,0,3,5,0.3466666666666667,0.0022976181709196226
3245,FCBE9BD039,달*,,서울 성동구,한식-단품요리일반,한양대,20200701,,행당동,서울특별시 성동구 마조로3가길 21,서울특별시 성동구 행당동 19-60,37.55950706,127.039974,0,3,5,0.3466666666666667,0.0024345616476192204
3246,90AFF4E6B1,김복*************,,서울 성동구,호프/맥주,한양대,20220722,20250408.0,행당동,서울특별시 성동구 마조로3가길 25,서울특별시 성동구 행당동 19-57,37.55965255,127.040022,0,3,5,0.3466666666666667,0.0024849541145776552
3247,6A405B55C3,몽*,,서울 성동구,백반/가정식,한양대,20240219,,행당동,서울특별시 성동구 마조로3가길 25,서울특별시 성동구 행당동 19-57,37.55965255,127.040022,0,3,5,0.3466666666666667,0.0024849541145776552
3248,70B13460CE,오*,,서울 성동구,이자카야,한양대,20200717,,행당동,서울특별시 성동구 마조로3가길 30,서울특별시 성동구 행당동 19-45,37.55981166,127.040307,0,3,5,0.3466666666666667,0.0024590133333070724
3249,FEFBDB41EA,수세*,,서울 성동구,한식-단품요리일반,한양대,20210531,,행당동,서울특별시 성동구 마조로3가길 30,서울특별시 성동구 행당동 19-45,37.55981166,127.040307,0,3,5,0.3466666666666667,0.0024590133333070724
3250,D438843206,춘*,,서울 성동구,일식당,한양대,20180702,,행당동,서울특별시 성동구 마조로3나길 20,서울특별시 성동구 행당동 19-69,37.55950667,127.039799,0,3,5,0.3466666666666667,0.00248414545965136
3251,5E8B3A9C0F,곱분*********,,서울 성동구,한식-육류/고기,한양대,20160819,,행당동,서울특별시 성동구 마조로3나길 26,서울특별시 성동구 행당동 19-56,37.55964702,127.0398669,0,3,5,0.3466666666666667,0.0025319403803257543
3252,5FE888BC65,메종****,,서울 성동구,백반/가정식,한양대,20240422,,행당동,서울특별시 성동구 마조로3나길 27,서울특별시 성동구 행당동 19-63,37.5598216,127.0397118,0,3,5,0.3466666666666667,0.002680102731641704
3253,9E304D405E,본참*,일식당1,서울 성동구,일식당,한양대,20211203,,행당동,서울특별시 성동구 마조로3나길 28,서울특별시 성동구 행당동 19-55,37.55977171,127.0398985,0,3,5,0.3466666666666667,0.0025835498349661753
3254,E1D3268137,은현******,,서울 성동구,요리주점,한양대,20230803,,행당동,서울특별시 성동구 마조로5길 4-10,서울특별시 성동구 행당동 3-21,37.56038253,127.0408501,0,3,5,0.3466666666666667,0.002451460969225281
3255,C8E76C194D,칠구**************,,서울 성동구,한식-단품요리일반,한양대,20171130,,행당동,서울특별시 성동구 마조로5길 4-11,서울특별시 성동구 행당동 3-19,37.56049271,127.0406302,0,3,5,0.3466666666666667,0.002582766264496249
3256,98ACFD8C28,왕십****,,서울 성동구,한식-해물/생선,한양대,20231005,,행당동,서울특별시 성동구 마조로5길 4-12,서울특별시 성동구 행당동 3-22,37.56049335,127.0408621,0,3,5,0.3466666666666667,0.00247788604270655
3257,3D8F0EC508,완미********,,서울 성동구,한식-육류/고기,한양대,20230829,,행당동,서울특별시 성동구 마조로5길 4-16,서울특별시 성동구 행당동 3-23,37.56063804,127.0408891,0,3,5,0.3466666666666667,0.0025054055574165596
3258,5196197266,삼목*,,서울 성동구,한식-육류/고기,한양대,20190712,,행당동,서울특별시 성동구 마조로7길 12-1,서울특별시 성동구 행당동 1-48,37.56089002,127.0399082,1,3,5,0.5133333333333334,0.0032376913888698894
3259,F5FA25FE2A,홍대****,,서울 성동구,식료품,신금호,20230530,,금호동2가,서울특별시 성동구 무수막18길 6-2,서울특별시 성동구 금호동2가 517-1,37.55282881,127.0210136,0,1,2,0.12666666666666665,0.001920756698124548
3260,158A1920D0,레몬*,,서울 성동구,카페,신금호,20190429,,금호동2가,서울특별시 성동구 무수막길 89-31,서울특별시 성동구 금호동2가 477,37.553682,127.0197432,1,1,2,0.29333333333333333,0.0027952680397790733
3261,832EC92421,비비***********,치킨2,서울 성동구,치킨,신금호,20230405,,금호동2가,서울특별시 성동구 무수막길 89-38,서울특별시 성동구 금호동2가 435,37.55380979,127.0195796,1,1,2,0.29333333333333333,0.0028733540429512327
3262,D52B8311A4,푸른**,,서울 성동구,한식-해물/생선,왕십리,20181120,,도선동,서울특별시 성동구 무학로2나길 28,서울특별시 성동구 도선동 185-28,37.56418387,127.0342045,0,4,4,0.3733333333333333,0.002199281385895189
3263,B50F3C905B,소점**,,서울 성동구,백반/가정식,왕십리,20220609,,도선동,서울특별시 성동구 무학로4길 29-1,서울특별시 성동구 도선동 169,37.56460346,127.0342164,0,4,5,0.4066666666666667,0.002086727081295063
3264,E2A8F11930,꼬숩*************,,서울 성동구,백반/가정식,왕십리,20241029,,도선동,서울특별시 성동구 무학로6길 36-2,서울특별시 성동구 도선동 181,37.56486366,127.0339562,0,3,4,0.31333333333333335,0.001997633203560108
3265,0961D33241,까페*****************,,서울 성동구,카페,왕십리,20190910,,홍익동,서울특별시 성동구 무학로8길 28-1,서울특별시 성동구 홍익동 278-12,37.56534389,127.0339477,0,2,5,0.2866666666666667,0.0018845955697349697
3266,727C56F5CD,달*,,서울 성동구,동남아/인도음식,,20230503,,하왕십리동,서울특별시 성동구 무학봉15가길 4,서울특별시 성동구 하왕십리동 985,37.56146024,127.0306181,0,2,5,0.2866666666666667,0.002009580072313325
3267,33E070A5FE,한국**,,서울 성동구,청과물,,20180907,,하왕십리동,서울특별시 성동구 무학봉15가길 7,서울특별시 성동구 하왕십리동 985-9,37.56109777,127.0302788,0,2,5,0.2866666666666667,0.001955107562466516
3268,1ADFDEE86A,왕십***,,서울 성동구,치킨,왕십리,20181224,,하왕십리동,서울특별시 성동구 무학봉15다길 2,서울특별시 성동구 하왕십리동 989-15,37.56244421,127.0306493,0,1,5,0.22666666666666668,0.0021637882436930317
3269,9B74A58D26,스멜*,,서울 성동구,베이커리,왕십리,20210813,,하왕십리동,서울특별시 성동구 무학봉15다길 4,서울특별시 성동구 하왕십리동 989-25,37.56231459,127.0305477,0,1,5,0.22666666666666668,0.002133085964792035
3270,6FB12F3636,째깐********,,서울 성동구,커피전문점,왕십리,20230328,,하왕십리동,서울특별시 성동구 무학봉15다길 4,서울특별시 성동구 하왕십리동 989-25,37.56231459,127.0305477,0,1,5,0.22666666666666668,0.002133085964792035
3271,1678DC823A,수컷**,,서울 성동구,요리주점,왕십리,20220414,,하왕십리동,서울특별시 성동구 무학봉28길 3-1,서울특별시 성동구 하왕십리동 966-19,37.56241872,127.0326673,0,3,5,0.3466666666666667,0.0022675034116391717
3272,2AD96F80A2,버텍***************,,서울 성동구,양식,왕십리,20230428,,하왕십리동,서울특별시 성동구 무학봉28길 4-1,서울특별시 성동구 하왕십리동 966-22,37.56221451,127.0324735,0,3,5,0.3466666666666667,0.0022407501253332096
3273,0B36DDFB1B,우마***********,,서울 성동구,이자카야,왕십리,20231017,,하왕십리동,서울특별시 성동구 무학봉28길 4-1,서울특별시 성동구 하왕십리동 966-22,37.56221451,127.0324735,0,3,5,0.3466666666666667,0.0022407501253332096
3274,34CF430710,프로******,,서울 성동구,백반/가정식,왕십리,20230818,,하왕십리동,서울특별시 성동구 무학봉28길 4-1,서울특별시 성동구 하왕십리동 966-22,37.56221451,127.0324735,0,3,5,0.3466666666666667,0.0022407501253332096
3275,9F71F05B15,팔공**,,서울 성동구,한식-단품요리일반,왕십리,20220106,,하왕십리동,서울특별시 성동구 무학봉28길 4-1,서울특별시 성동구 하왕십리동 966-22,37.56221451,127.0324735,0,3,5,0.3466666666666667,0.0022407501253332096
3276,03A581D873,원조*******,,서울 성동구,한식-단품요리일반,한양대,20170830,,사근동,서울특별시 성동구 사근동12길 7-1,서울특별시 성동구 사근동 188-4,37.56040382,127.0484099,0,1,3,0.16,0.0017280172217907165
3277,A6A47A48A2,틴토*******,,서울 성동구,양식,한양대,20221018,,행당동,서울특별시 성동구 살곶이8길 18-1,서울특별시 성동구 행당동 37-24,37.55649106,127.0425677,1,1,4,0.36,0.0022300130172187853
3278,FBBAC0BE34,두마***********,한식-육류/고기7,서울 성동구,한식-육류/고기,,20220407,,행당동,서울특별시 성동구 살곶이길 346-1,서울특별시 성동구 행당동 39-3,37.55631068,127.0410161,0,1,4,0.19333333333333333,0.0018786280192511183
3279,C70D8E86E1,웨스***,,서울 성동구,베이커리,,20230607,,성수동1가,서울특별시 성동구 서울숲2길 12-8,서울특별시 성동구 성수동1가 685-498,37.54716626,127.0397278,0,0,3,0.1,0.0013414078860084307
3280,A4A1BC46DF,고스****,,서울 성동구,카페,,20241202,,성수동1가,서울특별시 성동구 서울숲2길 14-8,서울특별시 성동구 성수동1가 685-509,37.54709877,127.0400231,0,0,3,0.1,0.001353347274463562
3281,098BA50B44,온*,,서울 성동구,백반/가정식,,20230511,,성수동1가,서울특별시 성동구 서울숲2길 14-8,서울특별시 성동구 성수동1가 685-509,37.54709877,127.0400231,0,0,3,0.1,0.001353347274463562
3282,1938F6377B,븨브*****,,서울 성동구,양식,,20240716,,성수동1가,서울특별시 성동구 서울숲2길 16-9,서울특별시 성동구 성수동1가 685-458,37.54701757,127.0403555,0,0,3,0.1,0.0013721629039010756
3283,203E53DC61,오일**********,,서울 성동구,백반/가정식,,20220404,,성수동1가,서울특별시 성동구 서울숲2길 20-8,서울특별시 성동구 성수동1가 685-448,37.54690715,127.0407508,0,0,3,0.1,0.0014004110827041069
3284,125C6AE5AF,섬타*****,,서울 성동구,베이커리,,20231219,,성수동1가,서울특별시 성동구 서울숲2길 24-8,서울특별시 성동구 성수동1가 685-484,37.54681542,127.0410354,0,1,3,0.16,0.0014252061583641667
3285,1AC1527C9A,프롬**********,,서울 성동구,베이커리,뚝섬,20240520,,성수동1가,서울특별시 성동구 서울숲2길 46-9,서울특별시 성동구 성수동1가 668-109,37.54604727,127.0436801,0,2,2,0.18666666666666665,0.001866702575940369
3286,AF1096FAF2,도우****,,서울 성동구,일식-덮밥/돈가스,뚝섬,20240806,,성수동1가,서울특별시 성동구 서울숲4길 18-8,서울특별시 성동구 성수동1가 668-79,37.54705171,127.0426738,0,2,3,0.22,0.0015925694883165622
3287,794735AD42,이리**************,,서울 성동구,카페,뚝섬,20240520,,성수동1가,서울특별시 성동구 서울숲4길 20-1,서울특별시 성동구 성수동1가 668-63,37.54715389,127.0431596,0,2,2,0.18666666666666665,0.0016529721053066882
3288,3D4F4809F0,훈*,,서울 성동구,일식당,뚝섬,20220622,20231113.0,성수동1가,서울특별시 성동구 서울숲4길 22-7,서울특별시 성동구 성수동1가 668-53,37.54698256,127.0432847,0,2,2,0.18666666666666665,0.001687267585430936
3289,9.22E+12,훈*,,서울 성동구,일식당,뚝섬,20231113,,성수동1가,서울특별시 성동구 서울숲4길 22-7,서울특별시 성동구 성수동1가 668-53,37.54698256,127.0432847,0,2,2,0.18666666666666665,0.001687267585430936
3290,39975534D9,봉땅*********,,서울 성동구,도너츠,뚝섬,20240103,,성수동1가,서울특별시 성동구 서울숲6길 16-1,서울특별시 성동구 성수동1가 668-17,37.54741239,127.0433826,0,2,2,0.18666666666666665,0.0016647360850466759
3291,D402962627,우리******,,서울 성동구,한식-국수/만두,성수,20190625,,성수동2가,서울특별시 성동구 성덕정15길 2-5,서울특별시 성동구 성수동2가 335-107,37.53781586,127.0538604,0,0,1,0.03333333333333333,0.0009142619433994746
3292,92319F9F84,울보**,,서울 성동구,분식,성수,20240708,,성수동2가,서울특별시 성동구 성덕정15길 2-9,서울특별시 성동구 성수동2가 335-109,37.53788785,127.0538592,0,0,1,0.03333333333333333,0.0009184922892394342
3293,33FFBE73C4,락*,,서울 성동구,한식-해물/생선,성수,20200410,,성수동2가,서울특별시 성동구 성덕정15길 4-3,서울특별시 성동구 성수동2가 335-112,37.53805255,127.053857,0,0,1,0.03333333333333333,0.000928396151478242
3294,A5DA4E1003,섬 ***,,서울 성동구,양식,성수,20230428,,성수동2가,서울특별시 성동구 성덕정15길 4-7,서울특별시 성동구 성수동2가 335-102,37.53805395,127.0539555,0,0,1,0.03333333333333333,0.0009289952355174904
3295,90D9F5AEB2,성수***,,서울 성동구,와인바,성수,20220502,,성수동2가,서울특별시 성동구 성덕정15길 5-1,서울특별시 성동구 성수동2가 339-122,37.53819274,127.0536669,0,0,1,0.03333333333333333,0.0009361359802833432
3296,D401EA47BD,꿈*,,서울 성동구,양식,성수,20241025,,성수동2가,서울특별시 성동구 성덕정15길 6-1,서울특별시 성동구 성수동2가 335-116,37.5381607,127.0538001,0,0,1,0.03333333333333333,0.0009347942399243407
3297,640F63B1EB,성수**,,서울 성동구,이자카야,성수,20240909,,성수동2가,서울특별시 성동구 성덕정17길 3-1,서울특별시 성동구 성수동2가 565-19,37.53765622,127.0551786,0,0,1,0.03333333333333333,0.0009128810832648106
3298,39ADC0C466,오늘*****,,서울 성동구,일식-참치회,성수,20210520,,성수동2가,서울특별시 성동구 성덕정17길 7-1,서울특별시 성동구 성수동2가 565-16,37.53794906,127.0551562,0,0,1,0.03333333333333333,0.0009289625779374084
3299,2EBD1956DE,성수******,,서울 성동구,분식,성수,20220221,,성수동1가,서울특별시 성동구 성덕정3길 10-1,서울특별시 성동구 성수동1가 72-33,37.53983026,127.0476897,0,1,1,0.09333333333333332,0.0011231639086672716
3300,ABD0A001AF,꺅*,,서울 성동구,요리주점,성수,20240816,,성수동2가,서울특별시 성동구 성덕정길 101-2,서울특별시 성동구 성수동2가 565-4,37.53753581,127.0548663,0,0,1,0.03333333333333333,0.0009045478573067117
3301,5217838A3C,대포*,,서울 성동구,포장마차,성수,20180807,,성수동2가,서울특별시 성동구 성덕정길 111-1,서울특별시 성동구 성수동2가 570-2,37.53712096,127.0558929,0,0,0,0.0,0.0008910716852599101
3302,46F5D36BCA,더 *****,,서울 성동구,한식-국밥/설렁탕,성수,20230710,,성수동2가,서울특별시 성동구 성덕정길 95-13,서울특별시 성동구 성수동2가 335-93,37.53795805,127.0540184,0,0,1,0.03333333333333333,0.0009235352436289633
3303,B05164E417,호랑***,,서울 성동구,백반/가정식,성수,20180226,,성수동2가,서울특별시 성동구 성수이로 32-10,서울특별시 성동구 성수동2가 335-21,37.53796971,127.0547154,0,0,1,0.03333333333333333,0.000927902692733605
3304,4E4F418B9C,라무*,,서울 성동구,일식당,성수,20220919,,성수동2가,서울특별시 성동구 성수이로12길 8,서울특별시 성동구 성수동2가 328-74,37.53981004,127.0559906,0,0,1,0.03333333333333333,0.001062834616813283
3305,F0B6F6E0EA,노이*****,,서울 성동구,동남아/인도음식,성수,20220810,,성수동2가,서울특별시 성동구 성수이로12길 8,서울특별시 성동구 성수동2가 328-74,37.53981004,127.0559906,0,0,1,0.03333333333333333,0.001062834616813283
3306,2FC5FFC0AA,라무***********,꼬치구이1,서울 성동구,꼬치구이,성수,20190712,,성수동2가,서울특별시 성동구 성수이로14길 1,서울특별시 성동구 성수동2가 322-18,37.54113435,127.0561356,0,1,1,0.09333333333333332,0.0012317420430106745
3307,8EF97B1238,구아*,,서울 성동구,일반 유흥주점,성수,20220418,,성수동2가,서울특별시 성동구 성수이로14길 7,서울특별시 성동구 성수동2가 322-20,37.54106115,127.0564105,0,1,1,0.09333333333333332,0.0012165016649229698
3308,EC4263AD5F,세스***,,서울 성동구,샌드위치/토스트,성수,20210714,,성수동2가,서울특별시 성동구 성수이로14길 7,서울특별시 성동구 성수동2가 322-20,37.54106115,127.0564105,0,1,1,0.09333333333333332,0.0012165016649229698
3309,44EEDD0526,성수*****,아이스크림/빙수4,서울 성동구,아이스크림/빙수,성수,20210527,,성수동2가,서울특별시 성동구 성수이로3길 23,서울특별시 성동구 성수동2가 499,37.5377084,127.052187,0,0,0,0.0,0.0008985684328503775
3310,FCE9571860,어페***,,서울 성동구,커피전문점,성수,20191125,,성수동2가,서울특별시 성동구 성수이로6길 11,서울특별시 성동구 성수동2가 559-4,37.536696,127.0550458,0,0,0,0.0,0.0008646398980626683
3311,BF9955B7C9,코스****,,서울 성동구,카페,성수,20220414,,성수동2가,서울특별시 성동구 성수이로7길 27,서울특별시 성동구 성수동2가 333-140,37.54157394,127.0534386,0,1,1,0.09333333333333332,0.0012607195520502761
3312,9AFEF6448B,버터*,,서울 성동구,카페,성수,20220713,,성수동2가,서울특별시 성동구 성수이로7길 27,서울특별시 성동구 성수동2가 333-140,37.54157394,127.0534386,0,1,1,0.09333333333333332,0.0012607195520502761
3313,882C56DA42,보배******,,서울 성동구,중식당,성수,20230407,,성수동2가,서울특별시 성동구 성수이로7길 27,서울특별시 성동구 성수동2가 333-140,37.54157394,127.0534386,0,1,1,0.09333333333333332,0.0012607195520502761
3314,9F3DC019F2,조이**,,서울 성동구,한정식,성수,20190527,,성수동2가,서울특별시 성동구 성수이로7길 27,서울특별시 성동구 성수동2가 333-140,37.54157394,127.0534386,0,1,1,0.09333333333333332,0.0012607195520502761
3315,85265A7A7A,천하*****,,서울 성동구,한식-육류/고기,성수,20211208,,성수동2가,서울특별시 성동구 성수이로7길 27,서울특별시 성동구 성수동2가 333-140,37.54157394,127.0534386,0,1,1,0.09333333333333332,0.0012607195520502761
3316,0E1F126D2B,헤이**********,,서울 성동구,양식,성수,20230921,,성수동2가,서울특별시 성동구 성수이로7길 38,서울특별시 성동구 성수동2가 310-67,37.54250078,127.0534689,0,1,3,0.16,0.001417382523401147
3317,7AF854D0D5,에이********,,서울 성동구,피자,성수,20210414,,성수동2가,서울특별시 성동구 성수이로7길 46,서울특별시 성동구 성수동2가 310-3,37.54297798,127.0532172,0,1,3,0.16,0.0014801367955904247
3318,296E11B196,유어******,,서울 성동구,와인샵,,20190509,,성수동1가,서울특별시 성동구 성수일로1길 10,서울특별시 성동구 성수동1가 656-1872,37.54189468,127.0475707,0,1,3,0.16,0.0014869247647931435
3319,8939E02566,성수***,,서울 성동구,일식당,,20220210,20250814.0,성수동1가,서울특별시 성동구 성수일로1길 10,서울특별시 성동구 성수동1가 656-1872,37.54189468,127.0475707,0,1,3,0.16,0.0014869247647931435
3320,80498D20B0,아이********,,서울 성동구,한식-단품요리일반,,20220516,,성수동1가,서울특별시 성동구 성수일로1길 13,서울특별시 성동구 성수동1가 656-1582,37.54193446,127.0469976,0,1,2,0.12666666666666665,0.0015757480271987837
3321,19FD619523,오카*****,,서울 성동구,카페,,20220509,,성수동1가,서울특별시 성동구 성수일로1길 18,서울특별시 성동구 성수동1가 656-1214,37.54218844,127.0468063,0,1,2,0.12666666666666665,0.0016890830844923884
3322,CED054F322,퀴바*,,서울 성동구,와인바,,20200617,,성수동1가,서울특별시 성동구 성수일로1길 18,서울특별시 성동구 성수동1가 656-1214,37.54218844,127.0468063,0,1,2,0.12666666666666665,0.0016890830844923884
3323,66FCF97ECE,찬마**,,서울 성동구,이자카야,,20230619,,성수동1가,서울특별시 성동구 성수일로3길 12,서울특별시 성동구 성수동1가 656-126,37.54250418,127.0478728,0,1,3,0.16,0.0015767884189663282
3324,5653B531F7,라스*******,,서울 성동구,카페,성수,20211125,,성수동2가,서울특별시 성동구 성수일로4길 25,서울특별시 성동구 성수동2가 308-4,37.54250501,127.0518658,0,1,3,0.16,0.0013360544651436182
3325,4F4288168A,매머****************,,서울 성동구,커피전문점,성수,20220831,,성수동2가,서울특별시 성동구 성수일로4길 25,서울특별시 성동구 성수동2가 308-4,37.54250501,127.0518658,0,1,3,0.16,0.0013360544651436182
3326,1E8F8916F6,스윗**,,서울 성동구,카페,성수,20240425,,성수동2가,서울특별시 성동구 성수일로4길 37,서울특별시 성동구 성수동2가 333-123,37.54214017,127.0529367,0,1,3,0.16,0.0013237421195097826
3327,9C38AF2E2C,본죽******************,한식-죽2,서울 성동구,한식-죽,성수,20200811,,성수동2가,서울특별시 성동구 성수일로4길 37,서울특별시 성동구 성수동2가 333-123,37.54214017,127.0529367,0,1,3,0.16,0.0013237421195097826
3328,D9A86A4A3C,하루*,,서울 성동구,일식-덮밥/돈가스,성수,20170323,,성수동2가,서울특별시 성동구 성수일로4길 37,서울특별시 성동구 성수동2가 333-123,37.54214017,127.0529367,0,1,3,0.16,0.0013237421195097826
3329,69C015926E,성수******,,서울 성동구,한식-육류/고기,성수,20220126,20250820.0,성수동2가,서울특별시 성동구 성수일로4길 45,서울특별시 성동구 성수동2가 310-21,37.54231448,127.0538225,0,1,2,0.12666666666666665,0.0014090228758136748
3330,738376575C,문화**,,서울 성동구,한식-단품요리일반,성수,20230421,,성수동2가,서울특별시 성동구 성수일로4길 45,서울특별시 성동구 성수동2가 310-21,37.54231448,127.0538225,0,1,2,0.12666666666666665,0.0014090228758136748
3331,42C1209E01,우리***,,서울 성동구,한식-국수/만두,성수,20200629,,성수동2가,서울특별시 성동구 성수일로4길 46,서울특별시 성동구 성수동2가 321-19,37.54214641,127.0538917,0,1,1,0.09333333333333332,0.00137971838426093
3332,7B78BDBDBA,도담***,,서울 성동구,한식-국밥/설렁탕,성수,20200701,,성수동2가,서울특별시 성동구 성수일로4길 46,서울특별시 성동구 성수동2가 321-19,37.54214641,127.0538917,0,1,1,0.09333333333333332,0.00137971838426093
3333,EC9F8C60ED,성수****,,서울 성동구,백반/가정식,성수,20230306,,성수동2가,서울특별시 성동구 성수일로4길 48,서울특별시 성동구 성수동2가 321-39,37.54225437,127.0540499,0,1,1,0.09333333333333332,0.0014131921152258193
3334,358F65FE30,글리*,,서울 성동구,일반 유흥주점,성수,20200225,,성수동2가,서울특별시 성동구 성수일로6길 47,서울특별시 성동구 성수동2가 315-74,37.54429863,127.0552432,1,1,2,0.29333333333333333,0.0035585700533088695
3335,EAD0ED7E79,백정***,,서울 성동구,한식-육류/고기,성수,20230406,,성수동2가,서울특별시 성동구 성수일로8길 16,서울특별시 성동구 성수동2가 300-15,37.54628528,127.0522003,0,2,3,0.22,0.0015379139505976003
3336,F4F3149034,미*,,서울 성동구,중식당,성수,20180418,,성수동2가,서울특별시 성동구 성수일로8길 39,서울특별시 성동구 성수동2가 289-14,37.54578269,127.0548022,1,1,2,0.29333333333333333,0.0019760387769622717
3337,53893756B9,명가******,,서울 성동구,백반/가정식,성수,20180424,,성수동2가,서울특별시 성동구 성수일로8길 39,서울특별시 성동구 성수동2가 289-14,37.54578269,127.0548022,1,1,2,0.29333333333333333,0.0019760387769622717
3338,BF8AD0410C,호랑***,,서울 성동구,분식,성수,20231101,,성수동2가,서울특별시 성동구 성수일로8길 40,서울특별시 성동구 성수동2가 300-63,37.54555394,127.0545937,1,1,2,0.29333333333333333,0.0020308959642492278
3339,9F5031D2E1,아웃*****************,,서울 성동구,일반 유흥주점,성수,20220608,,성수동2가,서울특별시 성동구 성수일로8길 40,서울특별시 성동구 성수동2가 300-63,37.54555394,127.0545937,1,1,2,0.29333333333333333,0.0020308959642492278
3340,52F11D88C1,어부*,,서울 성동구,한식-해물/생선,성수,20241002,,성수동2가,서울특별시 성동구 성수일로8길 40,서울특별시 성동구 성수동2가 300-63,37.54555394,127.0545937,1,1,2,0.29333333333333333,0.0020308959642492278
3341,5725D7EE5E,우야*,,서울 성동구,한식-단품요리일반,성수,20230210,,성수동2가,서울특별시 성동구 성수일로8길 41,서울특별시 성동구 성수동2가 289-69,37.54561889,127.0550001,1,1,2,0.29333333333333333,0.0021694419315020563
3342,F8A8FD6F7C,깐부******,치킨8,서울 성동구,치킨,성수,20241217,,성수동2가,서울특별시 성동구 성수일로8길 42,서울특별시 성동구 성수동2가 300-6,37.54535271,127.0550448,1,1,2,0.29333333333333333,0.002460259303359045
3343,09A3BB12CC,성수**,,서울 성동구,베이커리,성수,20220622,,성수동2가,서울특별시 성동구 성수일로8길 42,서울특별시 성동구 성수동2가 300-6,37.54535271,127.0550448,1,1,2,0.29333333333333333,0.002460259303359045
3344,5A13DDE2D6,란 ***,,서울 성동구,한식-국수/만두,성수,20220504,,성수동2가,서울특별시 성동구 성수일로8길 42,서울특별시 성동구 성수동2가 300-6,37.54535271,127.0550448,1,1,2,0.29333333333333333,0.002460259303359045
3345,5DD265DF51,오한**********,,서울 성동구,중식당,성수,20220908,,성수동2가,서울특별시 성동구 성수일로8길 53,서울특별시 성동구 성수동2가 289-13,37.54528429,127.0564497,1,1,1,0.26,0.0029514204945565873
3346,36ABF21B6F,다모***,,서울 성동구,요리주점,성수,20190702,,성수동2가,서울특별시 성동구 성수일로8길 53,서울특별시 성동구 성수동2가 289-13,37.54528429,127.0564497,1,1,1,0.26,0.0029514204945565873
3347,169ABB9060,팔각*****,,서울 성동구,한식-육류/고기,성수,20240318,,성수동2가,서울특별시 성동구 성수일로8길 53,서울특별시 성동구 성수동2가 289-13,37.54528429,127.0564497,1,1,1,0.26,0.0029514204945565873
3348,13A08DED0C,교대*******,백반/가정식3,서울 성동구,백반/가정식,성수,20211109,,성수동2가,서울특별시 성동구 성수일로8길 60,서울특별시 성동구 성수동2가 300-39,37.54487533,127.0568179,1,1,1,0.26,0.003131306863644257
3349,4C8487EFAE,코트***,,서울 성동구,카페,,20220526,,성수동2가,서울특별시 성동구 아차산로13길 2,서울특별시 성동구 성수동2가 277-138,37.54342389,127.0606683,0,1,1,0.09333333333333332,0.0012203367509334882
3350,ED5C02F6B2,재즈****,,서울 성동구,일반 유흥주점,,20240521,,성수동2가,서울특별시 성동구 아차산로13길 2,서울특별시 성동구 성수동2가 277-138,37.54342389,127.0606683,0,1,1,0.09333333333333332,0.0012203367509334882
3351,46401389CA,호랭***,,서울 성동구,카페,뚝섬,20240820,,성수동1가,서울특별시 성동구 아차산로1길 10,서울특별시 성동구 성수동1가 7-16,37.54885234,127.0458414,0,1,3,0.16,0.001873872648981506
3352,10FA1CC7BC,성수**,,서울 성동구,백반/가정식,성수,20220802,,성수동2가,서울특별시 성동구 아차산로5길 26,서울특별시 성동구 성수동2가 289-290,37.54776358,127.0535286,0,1,2,0.12666666666666665,0.0013595156150425299
3353,44A595A22B,미듬**,,서울 성동구,한식뷔페,성수,20240718,,성수동2가,서울특별시 성동구 아차산로5길 33,서울특별시 성동구 성수동2가 299-191,37.54844819,127.0538677,0,1,2,0.12666666666666665,0.0012721232794826705
3354,ECAA46191A,피잇**********,,서울 성동구,피자,성수,20201215,,성수동2가,서울특별시 성동구 아차산로7길 11,서울특별시 성동구 성수동2가 289-101,37.54624067,127.0544107,0,1,2,0.12666666666666665,0.0016870435589445565
3355,4C102E76F9,호랑****,,서울 성동구,한식-단품요리일반,성수,20170405,,성수동2가,서울특별시 성동구 아차산로7길 14,서울특별시 성동구 성수동2가 289-92,37.54632286,127.0547681,0,1,2,0.12666666666666665,0.0017019999567263015
3356,D09E2B3D82,본죽*******,한식-죽1,서울 성동구,한식-죽,성수,20170828,,성수동2가,서울특별시 성동구 아차산로7길 15,서울특별시 성동구 성수동2가 289-76,37.54661882,127.0546138,0,1,2,0.12666666666666665,0.001586807400206398
3357,AC38610082,글*,,서울 성동구,일반 유흥주점,성수,20170329,20250729.0,성수동2가,서울특별시 성동구 아차산로7길 15,서울특별시 성동구 성수동2가 289-76,37.54661882,127.0546138,0,1,2,0.12666666666666665,0.001586807400206398
3358,6EA068280B,강다*****,,서울 성동구,분식,성수,20230816,,성수동2가,서울특별시 성동구 아차산로7길 18,서울특별시 성동구 성수동2가 289-237,37.54668491,127.054896,0,1,2,0.12666666666666665,0.0015817573494471358
3359,6FD5401343,노을***,,서울 성동구,한식-육류/고기,성수,20220622,,성수동2가,서울특별시 성동구 아차산로7길 18,서울특별시 성동구 성수동2가 289-237,37.54668491,127.054896,0,1,2,0.12666666666666665,0.0015817573494471358
3360,0BE7C060B5,성수***,,서울 성동구,중식당,성수,20190617,,성수동2가,서울특별시 성동구 아차산로7길 20,서울특별시 성동구 성수동2가 289-236,37.54682382,127.0549457,0,1,2,0.12666666666666665,0.0015403790536375893
3361,A55F21CAF1,움(*****,,서울 성동구,백반/가정식,성수,20230509,,성수동2가,서울특별시 성동구 아차산로7길 20,서울특별시 성동구 성수동2가 289-236,37.54682382,127.0549457,0,1,2,0.12666666666666665,0.0015403790536375893
3362,C229B393D6,씨탑******,,서울 성동구,인삼제품,성수,20230919,,성수동2가,서울특별시 성동구 아차산로7길 21,서울특별시 성동구 성수동2가 289-20,37.54720213,127.0547971,0,1,2,0.12666666666666665,0.0014403432464553715
3363,3C54A75A81,멍텅*********,,서울 성동구,한식-해물/생선,성수,20240607,,성수동2가,서울특별시 성동구 아차산로7길 21,서울특별시 성동구 성수동2가 289-20,37.54720213,127.0547971,0,1,2,0.12666666666666665,0.0014403432464553715
3364,494DCC4C5F,피자*********,피자8,서울 성동구,피자,성수,20191101,,성수동2가,서울특별시 성동구 아차산로7길 22,서울특별시 성동구 성수동2가 289-230,37.54705794,127.0550584,0,1,2,0.12666666666666665,0.0014764365914848206
3365,D1AD4D966E,코코*****,베이커리9,서울 성동구,베이커리,성수,20191213,,성수동2가,서울특별시 성동구 아차산로7길 22,서울특별시 성동구 성수동2가 289-230,37.54705794,127.0550584,0,1,2,0.12666666666666665,0.0014764365914848206
3366,B4F160AD97,성수**,,서울 성동구,와인바,성수,20201113,20250821.0,성수동2가,서울특별시 성동구 아차산로7길 28,서울특별시 성동구 성수동2가 289-4,37.54754415,127.0553768,0,1,2,0.12666666666666665,0.0013589492733755003
3367,0C579C8DE3,그린****,,서울 성동구,한식뷔페,성수,20170518,,성수동2가,서울특별시 성동구 아차산로7길 28,서울특별시 성동구 성수동2가 289-4,37.54754415,127.0553768,0,1,2,0.12666666666666665,0.0013589492733755003
3368,882533C9E4,서울**,,서울 성동구,백반/가정식,성수,20221004,,성수동2가,서울특별시 성동구 아차산로7길 29,서울특별시 성동구 성수동2가 299-200,37.54790679,127.0552102,0,1,2,0.12666666666666665,0.0012966606234608071
3369,C948BD5C50,김뚜**********,,서울 성동구,한식-찌개/전골,성수,20221012,,성수동2가,서울특별시 성동구 아차산로7길 29,서울특별시 성동구 성수동2가 299-200,37.54790679,127.0552102,0,1,2,0.12666666666666665,0.0012966606234608071
3370,0BD77C00B4,코쿤****,,서울 성동구,식료품,성수,20230621,,성수동2가,서울특별시 성동구 아차산로7길 36,서울특별시 성동구 성수동2가 289-39,37.54823239,127.0556374,0,1,2,0.12666666666666665,0.0012306930715108605
3371,78B4B81E3F,이키*****,,서울 성동구,일식당,성수,20200828,,성수동2가,서울특별시 성동구 아차산로7길 36,서울특별시 성동구 성수동2가 289-39,37.54823239,127.0556374,0,1,2,0.12666666666666665,0.0012306930715108605
3372,3A0FA79FF3,아카**,,서울 성동구,이자카야,성수,20220816,,성수동2가,서울특별시 성동구 아차산로7길 36,서울특별시 성동구 성수동2가 289-39,37.54823239,127.0556374,0,1,2,0.12666666666666665,0.0012306930715108605
3373,CC1114DFB5,정든*,,서울 성동구,백반/가정식,성수,20181214,,성수동2가,서울특별시 성동구 아차산로7길 36,서울특별시 성동구 성수동2가 289-39,37.54823239,127.0556374,0,1,2,0.12666666666666665,0.0012306930715108605
3374,7D81241546,돼지*****,,서울 성동구,한식-육류/고기,성수,20240319,,성수동2가,서울특별시 성동구 아차산로7길 36,서울특별시 성동구 성수동2가 289-39,37.54823239,127.0556374,0,1,2,0.12666666666666665,0.0012306930715108605
3375,E9BFE7C269,더양*********,,서울 성동구,한식-국밥/설렁탕,성수,20240103,,성수동2가,서울특별시 성동구 아차산로7길 36,서울특별시 성동구 성수동2가 289-39,37.54823239,127.0556374,0,1,2,0.12666666666666665,0.0012306930715108605
3376,4D639B5299,레드***,,서울 성동구,양식,성수,20220705,,성수동2가,서울특별시 성동구 아차산로7길 41,서울특별시 성동구 성수동2가 299-11,37.54886651,127.0556357,0,1,2,0.12666666666666665,0.0011501954599170618
3377,AAC0448147,호담****,,서울 성동구,한식-국밥/설렁탕,성수,20240802,,성수동2가,서울특별시 성동구 아차산로7길 41,서울특별시 성동구 성수동2가 299-11,37.54886651,127.0556357,0,1,2,0.12666666666666665,0.0011501954599170618
3378,F8BB3FFD0D,슈퍼**,,서울 성동구,한식-육류/고기,성수,20210719,,성수동2가,서울특별시 성동구 아차산로7길 43,서울특별시 성동구 성수동2가 299-3,37.54898341,127.0557477,0,1,2,0.12666666666666665,0.0011334708718208522
3379,DC1615940E,르베**,,서울 성동구,한식-단품요리일반,성수,20210727,,성수동2가,서울특별시 성동구 연무장1길 15-1,서울특별시 성동구 성수동2가 301-27,37.54448869,127.0511558,0,2,3,0.22,0.0015336600080697062
3380,798CF98A22,이와**,,서울 성동구,요리주점,성수,20230424,,성수동2가,서울특별시 성동구 연무장3길 9-14,서울특별시 성동구 성수동2가 301-12,37.54483576,127.0515627,0,2,3,0.22,0.0015483354216693688
3381,E8D1233979,해*,,서울 성동구,백반/가정식,성수,20241119,,성수동2가,서울특별시 성동구 연무장3길 9-14,서울특별시 성동구 성수동2가 301-12,37.54483576,127.0515627,0,2,3,0.22,0.0015483354216693688
3382,D83C7B324D,까사*********,,서울 성동구,양식,성수,20170905,,성수동2가,서울특별시 성동구 연무장5가길 20,서울특별시 성동구 성수동2가 315-30,37.54337001,127.0547821,1,1,2,0.29333333333333333,0.0019391147599139107
3383,1CFE4CFBFB,성수**,,서울 성동구,양식,성수,20210831,,성수동2가,서울특별시 성동구 연무장5가길 20,서울특별시 성동구 성수동2가 315-30,37.54337001,127.0547821,1,1,2,0.29333333333333333,0.0019391147599139107
3384,0328418F66,솔솥****,,서울 성동구,백반/가정식,성수,20211208,,성수동2가,서울특별시 성동구 연무장5가길 24,서울특별시 성동구 성수동2가 315-25,37.54319929,127.0553094,1,1,1,0.26,0.0019663290513830243
3385,2CFE1C6776,루루******,,서울 성동구,와인바,성수,20230523,,성수동2가,서울특별시 성동구 연무장5가길 25,서울특별시 성동구 성수동2가 315-61,37.54355108,127.0556139,1,1,1,0.26,0.0024247046093527824
3386,88D02E190E,멘야*******,,서울 성동구,일식당,성수,20201020,,성수동2가,서울특별시 성동구 연무장5가길 25,서울특별시 성동구 성수동2가 315-61,37.54355108,127.0556139,1,1,1,0.26,0.0024247046093527824
3387,231E0650F8,하오**,,서울 성동구,중식당,성수,20191017,,성수동2가,서울특별시 성동구 연무장5가길 25,서울특별시 성동구 성수동2가 315-61,37.54355108,127.0556139,1,1,1,0.26,0.0024247046093527824
3388,F0082429E9,투썸***************,커피전문점13,서울 성동구,커피전문점,성수,20180913,,성수동2가,서울특별시 성동구 연무장5가길 25,서울특별시 성동구 성수동2가 315-61,37.54355108,127.0556139,1,1,1,0.26,0.0024247046093527824
3389,CC6E68F51E,효자**********,,서울 성동구,한식-육류/고기,성수,20220628,,성수동2가,서울특별시 성동구 연무장5가길 25,서울특별시 성동구 성수동2가 315-61,37.54355108,127.0556139,1,1,1,0.26,0.0024247046093527824
3390,F34A09F515,마시***********,,서울 성동구,한식-찌개/전골,성수,20241031,,성수동2가,서울특별시 성동구 연무장5가길 25,서울특별시 성동구 성수동2가 315-61,37.54355108,127.0556139,1,1,1,0.26,0.0024247046093527824
3391,B1AD8ED803,성수****,,서울 성동구,한식-해물/생선,성수,20231207,,성수동2가,서울특별시 성동구 연무장5가길 25,서울특별시 성동구 성수동2가 315-61,37.54355108,127.0556139,1,1,1,0.26,0.0024247046093527824
3392,20EF59F929,신선*******,,서울 성동구,한식-단품요리일반,성수,20220324,,성수동2가,서울특별시 성동구 연무장5가길 25,서울특별시 성동구 성수동2가 315-61,37.54355108,127.0556139,1,1,1,0.26,0.0024247046093527824
3393,FD52FCDA1B,리파*****,,서울 성동구,한식-단품요리일반,성수,20230419,,성수동2가,서울특별시 성동구 연무장5가길 25,서울특별시 성동구 성수동2가 315-61,37.54355108,127.0556139,1,1,1,0.26,0.0024247046093527824
3394,7FB3EF9274,탐*,,서울 성동구,일식당,성수,20200409,,성수동2가,서울특별시 성동구 연무장5가길 26,서울특별시 성동구 성수동2가 315-24,37.54317536,127.0554196,1,1,1,0.26,0.0019680668230206725
3395,1F514EF208,탄스****,,서울 성동구,일식당,성수,20220519,,성수동2가,서울특별시 성동구 연무장5가길 26,서울특별시 성동구 성수동2가 315-24,37.54317536,127.0554196,1,1,1,0.26,0.0019680668230206725
3396,4074003379,베커*****,,서울 성동구,베이커리,성수,20240523,,성수동2가,서울특별시 성동구 연무장5가길 32,서울특별시 성동구 성수동2가 315-21,37.54306454,127.0557952,1,1,1,0.26,0.0019179388245608626
3397,01744C5370,성수*****,,서울 성동구,한식-단품요리일반,성수,20220111,,성수동2가,서울특별시 성동구 연무장5길 9-16,서울특별시 성동구 성수동2가 302-8,37.54443911,127.0526591,0,1,3,0.16,0.0015937340623496579
3398,CA54464181,케익*****,,서울 성동구,카페,성수,20240603,,성수동2가,서울특별시 성동구 연무장9길 10-1,서울특별시 성동구 성수동2가 315-15,37.5431294,127.0562035,1,1,1,0.26,0.0019583369207291377
3399,AE0203735E,한돈*****,,서울 성동구,한식-육류/고기,,20211129,,성수동2가,서울특별시 성동구 연무장길 109-1,서울특별시 성동구 성수동2가 275-88,37.54093723,127.0613463,0,0,2,0.06666666666666667,0.0011575556461436143
3400,B6CBC8DA9A,오우*,,서울 성동구,이자카야,성수,20240513,,성수동2가,서울특별시 성동구 연무장길 37-17,서울특별시 성동구 성수동2가 316-55,37.54341694,127.0536293,0,1,3,0.16,0.0016314420731017771
3401,DC3C4F794B,리호********,,서울 성동구,와인바,성수,20230403,,성수동2가,서울특별시 성동구 연무장길 37-18,서울특별시 성동구 성수동2가 316-47,37.54337929,127.0537977,0,1,2,0.12666666666666665,0.001658929976337882
3402,607010FDDB,샤베*,,서울 성동구,이자카야,성수,20240220,,성수동2가,서울특별시 성동구 연무장길 37-22,서울특별시 성동구 성수동2가 316-48,37.54345595,127.0538264,0,1,2,0.12666666666666665,0.0016855223806215296
3403,C83AA6A77D,성수***,,서울 성동구,요리주점,성수,20230920,,성수동2가,서울특별시 성동구 연무장길 39-13,서울특별시 성동구 성수동2가 316-41,37.54325799,127.0538516,0,1,2,0.12666666666666665,0.0016387693101519115
3404,53F2CA13C6,목*,,서울 성동구,이자카야,성수,20231123,,성수동2가,서울특별시 성동구 연무장길 39-13,서울특별시 성동구 성수동2가 316-41,37.54325799,127.0538516,0,1,2,0.12666666666666665,0.0016387693101519115
3405,32B3B5A4E4,소바******,,서울 성동구,일식-우동/소바/라면,성수,20230809,,성수동2가,서울특별시 성동구 연무장길 39-15,서울특별시 성동구 성수동2가 316-40,37.54334077,127.0538899,0,1,2,0.12666666666666665,0.0016695567830767688
3406,71C2A58868,요이****,,서울 성동구,일식당,성수,20241206,,성수동2가,서울특별시 성동구 연무장길 39-21,서울특별시 성동구 성수동2가 316-39,37.54342392,127.0539312,0,1,2,0.12666666666666665,0.001702904757806625
3407,6C347DBCB1,레이********,,서울 성동구,카페,성수,20191128,,성수동2가,서울특별시 성동구 연무장길 39-29,서울특별시 성동구 성수동2가 316-37,37.54361687,127.054021,0,1,2,0.12666666666666665,0.001786032175190928
3408,C5DBF39698,아가*******,,서울 성동구,아이스크림/빙수,성수,20230417,,성수동2가,서울특별시 성동구 연무장길 41-19,서울특별시 성동구 성수동2가 316-31,37.54338069,127.0540799,0,1,2,0.12666666666666665,0.0017282252299203199
3409,C3EB37225E,37***********,,서울 성동구,한식-단품요리일반,성수,20230512,,성수동2가,서울특별시 성동구 연무장길 41-19,서울특별시 성동구 성수동2가 316-31,37.54338069,127.0540799,0,1,2,0.12666666666666665,0.0017282252299203199
3410,11C88CAEC4,굿갓**********,,서울 성동구,양식,성수,20200227,,성수동2가,서울특별시 성동구 연무장길 41-22,서울특별시 성동구 성수동2가 316-23,37.54333521,127.0542333,0,1,2,0.12666666666666665,0.0017535057354790076
3411,36BADF35EC,텐*,,서울 성동구,일식당,성수,20211209,,성수동2가,서울특별시 성동구 연무장길 41-22,서울특별시 성동구 성수동2가 316-23,37.54333521,127.0542333,0,1,2,0.12666666666666665,0.0017535057354790076
3412,8DD2137D28,청주**,,서울 성동구,요리주점,성수,20200407,20250814.0,성수동2가,서울특별시 성동구 연무장길 41-22,서울특별시 성동구 성수동2가 316-23,37.54333521,127.0542333,0,1,2,0.12666666666666665,0.0017535057354790076
3413,BCC0F33208,금*,,서울 성동구,백반/가정식,성수,20230504,,성수동2가,서울특별시 성동구 연무장길 41-26,서울특별시 성동구 성수동2가 316-22,37.54341926,127.0542727,1,1,2,0.29333333333333333,0.0017967483718893558
3414,D612EC720C,성수**,,서울 성동구,한식-해물/생선,성수,20191218,,성수동2가,서울특별시 성동구 연무장길 41-26,서울특별시 성동구 성수동2가 316-22,37.54341926,127.0542727,1,1,2,0.29333333333333333,0.0017967483718893558
3415,42F4442B86,포유***,,서울 성동구,동남아/인도음식,성수,20240216,,성수동2가,서울특별시 성동구 연무장길 41-26,서울특별시 성동구 성수동2가 316-22,37.54341926,127.0542727,1,1,2,0.29333333333333333,0.0017967483718893558
3416,5D0C1CAA5E,라밥******,,서울 성동구,분식,왕십리,20200925,,행당동,서울특별시 성동구 왕십리광장로 6,서울특별시 성동구 행당동 196-23,37.56095,127.0360619,2,3,5,0.6799999999999999,0.005283071285564721
3417,3DE56E2069,방배********,,서울 성동구,분식,왕십리,20240503,,행당동,서울특별시 성동구 왕십리광장로 6,서울특별시 성동구 행당동 196-23,37.56095,127.0360619,2,3,5,0.6799999999999999,0.005283071285564721
3418,D47A773B8E,스시****,,서울 성동구,일식당,왕십리,20200428,,행당동,서울특별시 성동구 왕십리광장로 6,서울특별시 성동구 행당동 196-23,37.56095,127.0360619,2,3,5,0.6799999999999999,0.005283071285564721
3419,5654DA6B2C,써브*******,샌드위치/토스트2,서울 성동구,샌드위치/토스트,뚝섬,20170908,,성수동1가,서울특별시 성동구 왕십리로 108-1,서울특별시 성동구 성수동1가 656-1066,37.54734673,127.0447728,0,2,2,0.18666666666666665,0.0019785271600417844
3420,26ACE594E8,플랏*********,,서울 성동구,카페,한양대,20211130,,행당동,서울특별시 성동구 왕십리로 215-2,서울특별시 성동구 행당동 32-21,37.55679089,127.0428654,1,1,4,0.36,0.0021411548282670233
3421,87D1FC164F,피자**********,피자8,서울 성동구,피자,한양대,20170315,,행당동,서울특별시 성동구 왕십리로 217-1,서울특별시 성동구 행당동 32-17,37.55688094,127.0427399,1,1,4,0.36,0.002082924376478881
3422,4EF5BD22BD,제이*****,,서울 성동구,양식,한양대,20240202,,행당동,서울특별시 성동구 왕십리로 219-1,서울특별시 성동구 행당동 32-13,37.55699052,127.0427062,0,1,4,0.19333333333333333,0.002037932544915222
3423,26DE9DB5A2,묵사*,,서울 성동구,한식-단품요리일반,한양대,20200602,,행당동,서울특별시 성동구 왕십리로 221-5,서울특별시 성동구 행당동 32-14,37.55696318,127.0425624,0,1,4,0.19333333333333333,0.0020304832589191487
3424,79D27C8940,세나*****,,서울 성동구,백반/가정식,,20240726,,행당동,서울특별시 성동구 왕십리로 273-1,서울특별시 성동구 행당동 133-6,37.55883396,127.0371171,0,3,5,0.3466666666666667,0.0024836477624803352
3425,D267FDAB6F,배달****,동남아/인도음식3,서울 성동구,동남아/인도음식,,20200306,,행당동,서울특별시 성동구 왕십리로 273-1,서울특별시 성동구 행당동 133-6,37.55883396,127.0371171,0,3,5,0.3466666666666667,0.0024836477624803352
3426,97BB136954,고기****,,서울 성동구,한식-육류/고기,왕십리,20200630,20240426.0,행당동,서울특별시 성동구 왕십리로 291-2,서울특별시 성동구 행당동 267-17,37.56018329,127.0359467,1,3,5,0.5133333333333334,0.003590630532468767
3427,43397BFE31,고기****,,서울 성동구,한식-육류/고기,왕십리,20240426,,행당동,서울특별시 성동구 왕십리로 291-2,서울특별시 성동구 행당동 267-17,37.56018329,127.0359467,1,3,5,0.5133333333333334,0.003590630532468767
3428,677DAF15F8,에프******,,서울 성동구,햄버거,왕십리,20210924,,행당동,서울특별시 성동구 왕십리로 294-2,서울특별시 성동구 행당동 212-5,37.56045636,127.0363155,2,3,5,0.6799999999999999,0.004500299385301987
3429,D573756B9C,프란****,,서울 성동구,요리주점,왕십리,20180417,,행당동,서울특별시 성동구 왕십리로 311-1,서울특별시 성동구 행당동 286-64,37.56157513,127.0345024,0,3,5,0.3466666666666667,0.0030414131887224567
3430,D85CD85462,낭만*********,,서울 성동구,한식뷔페,왕십리,20221124,,행당동,서울특별시 성동구 왕십리로 311-1,서울특별시 성동구 행당동 286-64,37.56157513,127.0345024,0,3,5,0.3466666666666667,0.0030414131887224567
3431,BA7F9E4F9A,돈카**********,,서울 성동구,일식-덮밥/돈가스,왕십리,20200508,,행당동,서울특별시 성동구 왕십리로 311-1,서울특별시 성동구 행당동 286-64,37.56157513,127.0345024,0,3,5,0.3466666666666667,0.0030414131887224567
3432,CAD1383581,사파*,,서울 성동구,룸살롱/단란주점,왕십리,20231220,,도선동,서울특별시 성동구 왕십리로 330-6,서울특별시 성동구 도선동 253-9,37.56293594,127.0334515,0,4,5,0.4066666666666667,0.0023662122129638153
3433,36A38785F3,동글**,,서울 성동구,분식,,20200709,,하왕십리동,서울특별시 성동구 왕십리로 381-1,서울특별시 성동구 하왕십리동 893-3,37.56460596,127.0277823,1,1,2,0.29333333333333333,0.002374528121189415
3434,40057A0E5A,벨라***,,서울 성동구,양식,,20220126,,성수동1가,서울특별시 성동구 왕십리로 66-10,서울특별시 성동구 성수동1가 656-462,37.54321755,127.0449779,1,2,2,0.3533333333333333,0.004817902285520254
3435,8BD25C78F3,한냄*,,서울 성동구,일식당,,20191217,,성수동1가,서울특별시 성동구 왕십리로 66-26,서울특별시 성동구 성수동1가 656-461,37.54304409,127.0450246,1,1,2,0.29333333333333333,0.003745739932060687
3436,EC4C74B567,혁신***********,,서울 성동구,한식-해물/생선,,20190711,,성수동1가,서울특별시 성동구 왕십리로 66-26,서울특별시 성동구 성수동1가 656-461,37.54304409,127.0450246,1,1,2,0.29333333333333333,0.003745739932060687
3437,6186386DED,역삼***,,서울 성동구,한식-국수/만두,,20200820,,성수동1가,서울특별시 성동구 왕십리로 66-29,서울특별시 성동구 성수동1가 656-472,37.5430892,127.0453548,1,2,2,0.3533333333333333,0.0033418863407194974
3438,21B52E1F0F,단일**,,서울 성동구,카페,,20200615,,성수동1가,서울특별시 성동구 왕십리로 66-33,서울특별시 성동구 성수동1가 656-471,37.5430313,127.0455015,1,2,2,0.3533333333333333,0.0029971404557338267
3439,65D60A05BA,온리******,,서울 성동구,카페,뚝섬,20240321,,성수동1가,서울특별시 성동구 왕십리로 83-21,서울특별시 성동구 성수동1가 685-700,37.54415475,127.0433578,1,2,2,0.3533333333333333,0.0024389893580408434
3440,4A347AF852,라이****,,서울 성동구,베이커리,뚝섬,20240605,,성수동1가,서울특별시 성동구 왕십리로10길 6,서울특별시 성동구 성수동1가 656-439,37.5466833,127.0453099,1,2,2,0.3533333333333333,0.002236407192307519
3441,9287BD85F2,역전**************,호프/맥주5,서울 성동구,호프/맥주,뚝섬,20231110,,성수동1가,서울특별시 성동구 왕십리로10길 6,서울특별시 성동구 성수동1가 656-439,37.5466833,127.0453099,1,2,2,0.3533333333333333,0.002236407192307519
3442,623E90D289,커피**************,,서울 성동구,커피전문점,뚝섬,20241010,,성수동1가,서울특별시 성동구 왕십리로10길 6,서울특별시 성동구 성수동1가 656-439,37.5466833,127.0453099,1,2,2,0.3533333333333333,0.002236407192307519
3443,0BFA50A379,성수*********,,서울 성동구,포장마차,뚝섬,20241018,,성수동1가,서울특별시 성동구 왕십리로10길 8,서울특별시 성동구 성수동1가 656-483,37.5468509,127.0455129,1,2,2,0.3533333333333333,0.0023442633050997845
3444,692F6314A6,스시***,,서울 성동구,일식당,뚝섬,20180504,,성수동1가,서울특별시 성동구 왕십리로14길 8,서울특별시 성동구 성수동1가 656-971,37.54940675,127.0448298,0,1,3,0.16,0.0016090426560616572
3445,33E3AC210C,크라********,요리주점2,서울 성동구,요리주점,왕십리,20240827,,도선동,서울특별시 성동구 왕십리로20길 8,서울특별시 성동구 도선동 29,37.56248137,127.0350514,1,3,5,0.5133333333333334,0.0032551258212639004
3446,5CAFB11F16,슈엔*,,서울 성동구,일반 유흥주점,왕십리,20181015,,도선동,서울특별시 성동구 왕십리로20길 8,서울특별시 성동구 도선동 29,37.56248137,127.0350514,1,3,5,0.5133333333333334,0.0032551258212639004
3447,E63D672DD1,오렌*,,서울 성동구,일반 유흥주점,왕십리,20221110,,도선동,서울특별시 성동구 왕십리로20길 8,서울특별시 성동구 도선동 29,37.56248137,127.0350514,1,3,5,0.5133333333333334,0.0032551258212639004
3448,7656BE5765,왕십****,,서울 성동구,한식-육류/고기,왕십리,20190918,,도선동,서울특별시 성동구 왕십리로20길 8,서울특별시 성동구 도선동 29,37.56248137,127.0350514,1,3,5,0.5133333333333334,0.0032551258212639004
3449,FDFE021BDE,땡*,,서울 성동구,일반 유흥주점,왕십리,20211005,,도선동,서울특별시 성동구 왕십리로22길 3,서울특별시 성동구 도선동 50,37.56262054,127.034237,0,4,5,0.4066666666666667,0.0026902755404261645
3450,F05B47B74E,스시***,,서울 성동구,일식당,왕십리,20211210,,도선동,서울특별시 성동구 왕십리로22길 6,서울특별시 성동구 도선동 65,37.56256254,127.0344606,0,4,5,0.4066666666666667,0.0028185025611305167
3451,3E82760740,감성**,,서울 성동구,호프/맥주,왕십리,20200824,,도선동,서울특별시 성동구 왕십리로22길 6,서울특별시 성동구 도선동 65,37.56256254,127.0344606,0,4,5,0.4066666666666667,0.0028185025611305167
3452,D23184A6DD,인*,,서울 성동구,한식-육류/고기,왕십리,20240625,,도선동,서울특별시 성동구 왕십리로22길 8,서울특별시 성동구 도선동 88,37.56277961,127.0347136,0,3,5,0.3466666666666667,0.0028701999953231754
3453,BB958EC353,육*,,서울 성동구,한식-육류/고기,왕십리,20230328,,도선동,서울특별시 성동구 왕십리로24길 3,서울특별시 성동구 도선동 253-5,37.56295869,127.0336053,0,4,5,0.4066666666666667,0.002397503171774107
3454,26DA5D7B15,안동*,,서울 성동구,룸살롱/단란주점,왕십리,20191002,,도선동,서울특별시 성동구 왕십리로24길 3,서울특별시 성동구 도선동 253-5,37.56295869,127.0336053,0,4,5,0.4066666666666667,0.002397503171774107
3455,D7FE7C347D,강금****,,서울 성동구,한식-해물/생선,왕십리,20210804,,도선동,서울특별시 성동구 왕십리로24길 5,서울특별시 성동구 도선동 253-4,37.56301091,127.0337337,0,4,5,0.4066666666666667,0.002418665506810492
3456,AD98FC8B76,테*,,서울 성동구,룸살롱/단란주점,왕십리,20200403,,도선동,서울특별시 성동구 왕십리로24길 5,서울특별시 성동구 도선동 253-4,37.56301091,127.0337337,0,4,5,0.4066666666666667,0.002418665506810492
3457,D6745235EA,왕도*,,서울 성동구,요리주점,왕십리,20230919,,도선동,서울특별시 성동구 왕십리로24길 7,서울특별시 성동구 도선동 210,37.56317071,127.0338599,0,4,5,0.4066666666666667,0.00241282893863689
3458,91BC1C6D21,페라*,,서울 성동구,일반 유흥주점,왕십리,20240603,,도선동,서울특별시 성동구 왕십리로24길 8,서울특별시 성동구 도선동 151-1,37.56306947,127.034083,0,4,5,0.4066666666666667,0.002502048608167674
3459,E68971A4E9,토메*****,,서울 성동구,일식당,왕십리,20240223,,도선동,서울특별시 성동구 왕십리로24길 9,서울특별시 성동구 도선동 201-6,37.56335725,127.0340571,0,4,5,0.4066666666666667,0.002410018727177852
3460,8BD86B08D1,오뚜***,,서울 성동구,백반/가정식,왕십리,20171011,,도선동,서울특별시 성동구 왕십리로26길 8,서울특별시 성동구 도선동 185-3,37.56370069,127.0328758,0,3,5,0.3466666666666667,0.002178023331077112
3461,097459D735,대원****,,서울 성동구,한식-육류/고기,왕십리,20240321,,도선동,서울특별시 성동구 왕십리로28길 8,서울특별시 성동구 도선동 311-6,37.56420728,127.0316684,0,1,5,0.22666666666666668,0.0022518781978427436
3462,2E4CDEA048,라플***********,,서울 성동구,카페,뚝섬,20231102,,성수동1가,서울특별시 성동구 왕십리로2길 30,서울특별시 성동구 성수동1가 656-1659,37.54278963,127.0480555,0,2,3,0.22,0.0016037155066700236
3463,9149125725,목*,,서울 성동구,양식,성수,20200313,,성수동1가,서울특별시 성동구 왕십리로2길 34,서울특별시 성동구 성수동1가 656-1661,37.54266558,127.0484469,0,1,3,0.16,0.001525757167663002
3464,BBE9114104,희*,,서울 성동구,양식,성수,20210607,,성수동1가,서울특별시 성동구 왕십리로2길 34,서울특별시 성동구 성수동1가 656-1661,37.54266558,127.0484469,0,1,3,0.16,0.001525757167663002
3465,19DDC941DD,나능******,한식-육류/고기4,서울 성동구,한식-육류/고기,,20231122,,도선동,서울특별시 성동구 왕십리로30길 1,서울특별시 성동구 도선동 398-2,37.56456684,127.0307571,1,1,4,0.36,0.0027111798475297063
3466,360AF1A8EC,국수**,,서울 성동구,한식-국수/만두,왕십리,20200623,,도선동,서울특별시 성동구 왕십리로30길 4,서울특별시 성동구 도선동 343-12,37.56468328,127.0309752,1,1,4,0.36,0.0024909124410824554
3467,3F6CA06921,술래**,,서울 성동구,한식-단품요리일반,,20180523,,하왕십리동,서울특별시 성동구 왕십리로31길 4,서울특별시 성동구 하왕십리동 891-44,37.56431265,127.0279572,1,1,3,0.32666666666666666,0.0025967177422785265
3468,D78D9659F1,메이***,,서울 성동구,카페,,20230208,,하왕십리동,서울특별시 성동구 왕십리로31길 6,서울특별시 성동구 하왕십리동 891-45,37.56418841,127.027904,1,1,3,0.32666666666666666,0.0025284621110930206
3469,9.97E+102,오루********,,서울 성동구,카페,,20220826,,하왕십리동,서울특별시 성동구 왕십리로31길 8,서울특별시 성동구 하왕십리동 890-381,37.56406301,127.0278487,1,1,3,0.32666666666666666,0.0024502397445980107
3470,E36F634F38,상왕**,,서울 성동구,한식-육류/고기,,20230227,,하왕십리동,서울특별시 성동구 왕십리로33길 3,서울특별시 성동구 하왕십리동 890-2,37.56442406,127.0273571,1,1,2,0.29333333333333333,0.0021012935199058104
3471,730914BE0E,상왕**,,서울 성동구,카페,,20211231,,하왕십리동,서울특별시 성동구 왕십리로33길 8,서울특별시 성동구 하왕십리동 889-1,37.56427059,127.0270838,0,1,2,0.12666666666666665,0.0019697250049047097
3472,755DCC736B,술래***,,서울 성동구,한식-감자탕,뚝섬,20190905,,성수동1가,서울특별시 성동구 왕십리로4길 13,서울특별시 성동구 성수동1가 656-1229,37.54599031,127.0458505,1,2,2,0.3533333333333333,0.002355775982587236
3473,2996AB4D5A,야몽**,,서울 성동구,양식,뚝섬,20240919,,성수동1가,서울특별시 성동구 왕십리로4길 16,서울특별시 성동구 성수동1가 656-1076,37.54618949,127.0461606,1,2,2,0.3533333333333333,0.0025313698010963385
3474,025B95F178,짬뽕**,,서울 성동구,중식당,뚝섬,20170816,,성수동1가,서울특별시 성동구 왕십리로4길 16,서울특별시 성동구 성수동1가 656-1076,37.54618949,127.0461606,1,2,2,0.3533333333333333,0.0025313698010963385
3475,7149E85111,맛닭*,치킨18,서울 성동구,치킨,뚝섬,20210427,,성수동1가,서울특별시 성동구 왕십리로4길 19,서울특별시 성동구 성수동1가 656-1057,37.5464999,127.046128,1,2,2,0.3533333333333333,0.002677495771458184
3476,7C472E221F,오와***,,서울 성동구,요리주점,뚝섬,20241104,,성수동1가,서울특별시 성동구 왕십리로4길 24,서울특별시 성동구 성수동1가 8-9,37.54677177,127.0464924,1,2,2,0.3533333333333333,0.0033376835952642417
3477,092717B584,나나**,,서울 성동구,한식-해물/생선,뚝섬,20200723,,성수동1가,서울특별시 성동구 왕십리로4길 26,서울특별시 성동구 성수동1가 8-8,37.54694491,127.0465796,1,2,2,0.3533333333333333,0.0037647731625619955
3478,2D956479FE,서울********,,서울 성동구,치킨,뚝섬,20190419,,성수동1가,서울특별시 성동구 왕십리로5길 10,서울특별시 성동구 성수동1가 656-940,37.54696745,127.0444179,0,2,2,0.18666666666666665,0.001917333811749336
3479,5712EA8578,배치*********,,서울 성동구,일반 유흥주점,뚝섬,20221230,,성수동1가,서울특별시 성동구 왕십리로5길 11,서울특별시 성동구 성수동1가 668-20,37.54722511,127.0440031,0,2,2,0.18666666666666665,0.0017942303650894816
3480,C04EA4122D,홍성*,,서울 성동구,백반/가정식,뚝섬,20240509,,성수동1가,서울특별시 성동구 왕십리로5길 12,서울특별시 성동구 성수동1가 656-939,37.54700703,127.0443646,0,2,2,0.18666666666666665,0.001899762307400236
3481,ECCBAE7ACB,앳 **,,서울 성동구,카페,뚝섬,20230120,,성수동1가,서울특별시 성동구 왕십리로5길 19,서울특별시 성동구 성수동1가 685-201,37.54773439,127.043683,0,2,2,0.18666666666666665,0.001681911697050777
3482,FF329A450D,에빠******,,서울 성동구,한식-단품요리일반,뚝섬,20230210,,성수동1가,서울특별시 성동구 왕십리로5길 19,서울특별시 성동구 성수동1가 685-201,37.54773439,127.043683,0,2,2,0.18666666666666665,0.001681911697050777
3483,4774C089CA,이*,,서울 성동구,백반/가정식,뚝섬,20230630,,성수동1가,서울특별시 성동구 왕십리로6길 16,서울특별시 성동구 성수동1가 656-621,37.54574146,127.0463093,1,2,2,0.3533333333333333,0.002387927042806852
3484,FB93D1F30E,고*,,서울 성동구,한식-육류/고기,뚝섬,20180503,,성수동1가,서울특별시 성동구 왕십리로8길 10,서울특별시 성동구 성수동1가 656-1940,37.54628476,127.0458391,1,2,2,0.3533333333333333,0.002423057239552132
3485,A864979D3D,까까**,,서울 성동구,양식,뚝섬,20201125,,성수동1가,서울특별시 성동구 왕십리로8길 21,서울특별시 성동구 성수동1가 656-1016,37.54611744,127.0470036,1,2,2,0.3533333333333333,0.0027999722124942067
3486,A0ECC5DBE5,바타********,,서울 성동구,샌드위치/토스트,뚝섬,20240108,,성수동1가,서울특별시 성동구 왕십리로8길 21,서울특별시 성동구 성수동1가 656-1016,37.54611744,127.0470036,1,2,2,0.3533333333333333,0.0027999722124942067
3487,268A868E38,이곳**********,,서울 성동구,카페,뚝섬,20211224,,성수동1가,서울특별시 성동구 왕십리로8길 24,서울특별시 성동구 성수동1가 10-4,37.54580199,127.047257,1,2,3,0.3866666666666666,0.0024956953526890603
3488,AA00E76A54,블레****,,서울 성동구,베이커리,,20220916,,용답동,서울특별시 성동구 용답19길 1,서울특별시 성동구 용답동 51-9,37.56264739,127.0513883,1,2,2,0.3533333333333333,0.003188269102936158
3489,A5D4128C49,소*,,서울 성동구,한식-단품요리일반,답십리,20190108,,용답동,서울특별시 성동구 용답중앙11길 2,서울특별시 성동구 용답동 85-5,37.56519569,127.0511612,0,2,4,0.2533333333333333,0.0021866983680661053
3490,CDD05905F4,코뚜***,,서울 성동구,축산물,답십리,20230411,,용답동,서울특별시 성동구 용답중앙11길 8,서울특별시 성동구 용답동 81-1,37.56559095,127.0515843,1,2,4,0.41999999999999993,0.0024304720113658153
3491,82B3D8ED9E,송화**,,서울 성동구,호프/맥주,답십리,20170524,,용답동,서울특별시 성동구 용답중앙13길 1,서울특별시 성동구 용답동 83-10,37.56460474,127.0519549,0,2,3,0.22,0.0021158635527224823
3492,3AD2A5FE6A,써니******,,서울 성동구,백반/가정식,답십리,20191021,,용답동,서울특별시 성동구 용답중앙13길 1,서울특별시 성동구 용답동 83-10,37.56460474,127.0519549,0,2,3,0.22,0.0021158635527224823
3493,3D85779307,안가****,,서울 성동구,한식-육류/고기,답십리,20161226,,용답동,서울특별시 성동구 용답중앙13길 3,서울특별시 성동구 용답동 82-18,37.56470577,127.052089,0,2,3,0.22,0.0021346084265542525
3494,96A6277F2E,사계*****,,서울 성동구,한식-냉면,답십리,20221103,,용답동,서울특별시 성동구 용답중앙13길 7,서울특별시 성동구 용답동 81-11,37.56496989,127.0524156,1,2,3,0.3866666666666666,0.0022150467158279065
3495,0041E4E5AE,엄마****,,서울 성동구,한식-찌개/전골,답십리,20180115,,용답동,서울특별시 성동구 용답중앙15길 1,서울특별시 성동구 용답동 57-20,37.56393229,127.0528438,0,2,2,0.18666666666666665,0.001974058896808486
3496,47C8C40086,그릴******************,,서울 성동구,양식,답십리,20240610,,용답동,서울특별시 성동구 용답중앙15길 2,서울특별시 성동구 용답동 14-20,37.56380559,127.0530957,0,2,2,0.18666666666666665,0.0019276498142616824
3497,162D2613BC,도네*,한식-육류/고기6,서울 성동구,한식-육류/고기,답십리,20190401,,용답동,서울특별시 성동구 용답중앙15길 2,서울특별시 성동구 용답동 14-20,37.56380559,127.0530957,0,2,2,0.18666666666666665,0.0019276498142616824
3498,EE056F4A46,진고***********,,서울 성동구,한식-해물/생선,답십리,20221122,,용답동,서울특별시 성동구 용답중앙15길 2,서울특별시 성동구 용답동 14-20,37.56380559,127.0530957,0,2,2,0.18666666666666665,0.0019276498142616824
3499,20AFB06A43,땅스***********,,서울 성동구,한식-단품요리일반,답십리,20220602,,용답동,서울특별시 성동구 용답중앙15길 2,서울특별시 성동구 용답동 14-20,37.56380559,127.0530957,0,2,2,0.18666666666666665,0.0019276498142616824
3500,2FE9A7B0B7,족팔*,,서울 성동구,한식-단품요리일반,답십리,20230103,,용답동,서울특별시 성동구 용답중앙15길 2,서울특별시 성동구 용답동 14-20,37.56380559,127.0530957,0,2,2,0.18666666666666665,0.0019276498142616824
3501,6B3AA25B77,한국**,,서울 성동구,치킨,답십리,20200612,,용답동,서울특별시 성동구 용답중앙15길 3,서울특별시 성동구 용답동 57-13,37.56406065,127.0529255,0,2,2,0.18666666666666665,0.0019679567588604943
3502,433F5BCED5,용답**,,서울 성동구,식료품,답십리,20230915,,용답동,서울특별시 성동구 용답중앙15길 3,서울특별시 성동구 용답동 57-13,37.56406065,127.0529255,0,2,2,0.18666666666666665,0.0019679567588604943
3503,81789768D6,하오*******,,서울 성동구,중식당,답십리,20211220,,용답동,서울특별시 성동구 용답중앙15길 3,서울특별시 성동구 용답동 57-13,37.56406065,127.0529255,0,2,2,0.18666666666666665,0.0019679567588604943
3504,45AFE0281E,죠스********,,서울 성동구,아이스크림/빙수,답십리,20191108,,용답동,서울특별시 성동구 용답중앙15길 3,서울특별시 성동구 용답동 57-13,37.56406065,127.0529255,0,2,2,0.18666666666666665,0.0019679567588604943
3505,6A8CEC476E,싱싱*****,한식-해물/생선5,서울 성동구,한식-해물/생선,답십리,20170913,,용답동,서울특별시 성동구 용답중앙15길 6,서울특별시 성동구 용답동 14-15,37.56396119,127.053297,0,2,2,0.18666666666666665,0.0019007594530732238
3506,F290935883,이디*********,커피전문점6,서울 성동구,커피전문점,답십리,20241216,,용답동,서울특별시 성동구 용답중앙15길 8,서울특별시 성동구 용답동 14-13,37.56410844,127.0534322,0,2,2,0.18666666666666665,0.001891719559436725
3507,C432317FC6,자연**,,서울 성동구,한식-해물/생선,답십리,20200730,,용답동,서울특별시 성동구 용답중앙21길 1,서울특별시 성동구 용답동 12-23,37.56331772,127.0536452,0,2,2,0.18666666666666665,0.0018095479587245517
3508,439035A9EB,미순**,,서울 성동구,한식-단품요리일반,답십리,20220112,,용답동,서울특별시 성동구 용답중앙21길 1,서울특별시 성동구 용답동 12-23,37.56331772,127.0536452,0,2,2,0.18666666666666665,0.0018095479587245517
3509,9B97EB469A,통영*****,,서울 성동구,분식,답십리,20240926,,용답동,서울특별시 성동구 용답중앙21길 2,서울특별시 성동구 용답동 11-41,37.56324224,127.0537886,0,2,2,0.18666666666666665,0.001777685789574677
3510,4E34EC1776,서울**,,서울 성동구,떡/한과 제조,답십리,20190412,,용답동,서울특별시 성동구 용답중앙23길 1,서울특별시 성동구 용답동 11-43,37.56316048,127.053873,0,2,2,0.18666666666666665,0.0017578353033102386
3511,5FAF6E0F7F,주당*****,,서울 성동구,한식-단품요리일반,답십리,20210315,,용답동,서울특별시 성동구 용답중앙23길 1,서울특별시 성동구 용답동 11-43,37.56316048,127.053873,0,2,2,0.18666666666666665,0.0017578353033102386
3512,D4B36C76C4,온*,,서울 성동구,카페,답십리,20241015,,용답동,서울특별시 성동구 용답중앙25길 2,서울특별시 성동구 용답동 9-24,37.56291445,127.0542089,0,2,2,0.18666666666666665,0.0016802528000552455
3513,C980A72248,숭아**,,서울 성동구,농산물,답십리,20240902,,용답동,서울특별시 성동구 용답중앙25길 2,서울특별시 성동구 용답동 9-24,37.56291445,127.0542089,0,2,2,0.18666666666666665,0.0016802528000552455
3514,D0E89E2812,원아*********,,서울 성동구,아이스크림/빙수,답십리,20231005,,용답동,서울특별시 성동구 용답중앙27길 3,서울특별시 성동구 용답동 9-21,37.56294299,127.0544538,0,2,2,0.18666666666666665,0.0016350918897149375
3515,650886D9B9,인바**,,서울 성동구,테이크아웃커피,답십리,20240528,,용답동,서울특별시 성동구 용답중앙27길 7,서울특별시 성동구 용답동 9-12,37.56322605,127.0547055,0,2,2,0.18666666666666665,0.0016071817302454497
3516,2EAE67C0B4,바나********,카페5,서울 성동구,카페,장한평자동차,20231110,,용답동,서울특별시 성동구 천호대로 380-7,서울특별시 성동구 용답동 229-1,37.56156088,127.0612219,0,1,1,0.09333333333333332,0.001338226944595735
3517,1CA14FB122,정동*,,서울 성동구,한식-해물/생선,옥수,20200327,,옥수동,서울특별시 성동구 한림말1길 15-2,서울특별시 성동구 옥수동 298,37.54269739,127.0161744,1,2,3,0.3866666666666666,0.0026249848325525143
3518,712C4A96BB,만수**********,,서울 성동구,백반/가정식,옥수,20200511,,옥수동,서울특별시 성동구 한림말3길 21-1,서울특별시 성동구 옥수동 291,37.54288904,127.0154052,0,2,3,0.22,0.002164085692062612
3519,82951B7A54,스탠*********************,,서울 성동구,양식,옥수,20180323,,옥수동,서울특별시 성동구 한림말3길 27-1,서울특별시 성동구 옥수동 285-60,37.54345606,127.015231,0,2,3,0.22,0.0019634559065719124
3520,82383253D7,옥수***********,,서울 성동구,피자,옥수,20240620,,옥수동,서울특별시 성동구 한림말3길 27-1,서울특별시 성동구 옥수동 285-60,37.54345606,127.015231,0,2,3,0.22,0.0019634559065719124
3521,E6D2D191A3,옥수***,,서울 성동구,축산물,옥수,20180129,,옥수동,서울특별시 성동구 한림말5길 15-1,서울특별시 성동구 옥수동 364-2,37.54260975,127.0165983,1,2,3,0.3866666666666666,0.003000523764997008
3522,A7C2991F57,뜨돈*****,,서울 성동구,일식-덮밥/돈가스,,20240202,,금호동1가,서울특별시 성동구 행당로1길 14-1,서울특별시 성동구 금호동1가 167-56,37.55679733,127.023933,0,2,2,0.18666666666666665,0.0015136064321718795
3523,F2B2CFC24F,샐러*****,,서울 성동구,샌드위치/토스트,,20230811,20250806.0,행당동,서울특별시 성동구 행당로8길 41-2,서울특별시 성동구 행당동 322-100,37.55604884,127.0339567,0,1,5,0.22666666666666668,0.0016353252216165695
3524,DA38CBD132,너디******,,서울 성동구,카페,왕십리,20210423,,행당동,서울특별시 성동구 고산자로12길 15,서울특별시 성동구 행당동 253-1,37.55970521,127.0359705,1,3,5,0.5133333333333334,0.0030227448912652976
3525,8DF11B2C5A,곤스******,,서울 성동구,양식,왕십리,20220714,,행당동,서울특별시 성동구 고산자로14길 26,서울특별시 성동구 행당동 387,37.56340496,127.0377678,2,3,5,0.6799999999999999,0.0035870013267446056
3526,AAA62C4412,손 ****,,서울 성동구,햄버거,왕십리,20211012,,행당동,서울특별시 성동구 고산자로14길 26,서울특별시 성동구 행당동 387,37.56340496,127.0377678,2,3,5,0.6799999999999999,0.0035870013267446056
3527,5BAB073DB1,주 ***,,서울 성동구,백반/가정식,왕십리,20210929,,행당동,서울특별시 성동구 고산자로14길 26,서울특별시 성동구 행당동 387,37.56340496,127.0377678,2,3,5,0.6799999999999999,0.0035870013267446056
3528,052FDFE33E,샐러***,,서울 성동구,샌드위치/토스트,왕십리,20210910,,행당동,서울특별시 성동구 고산자로14길 26,서울특별시 성동구 행당동 387,37.56340496,127.0377678,2,3,5,0.6799999999999999,0.0035870013267446056
3529,DC2433C636,유현**,,서울 성동구,축산물,마장동,20191002,,마장동,서울특별시 성동구 고산자로24길 11,서울특별시 성동구 마장동 509-11,37.57001497,127.0387518,0,1,3,0.16,0.0015213999533484725
3530,5ED6A6D25C,미트************,,서울 성동구,축산물,마장동,20220627,,마장동,서울특별시 성동구 고산자로24길 11,서울특별시 성동구 마장동 509-11,37.57001497,127.0387518,0,1,3,0.16,0.0015213999533484725
3531,BD97D048D7,소오**,,서울 성동구,축산물,마장동,20240911,,마장동,서울특별시 성동구 고산자로24길 12,서울특별시 성동구 마장동 510-5,37.56981999,127.0387767,0,1,3,0.16,0.00152324216517302
3532,6744E203FD,양지**,,서울 성동구,축산물,마장동,20191104,,마장동,서울특별시 성동구 고산자로24길 15,서울특별시 성동구 마장동 509-12,37.56996323,127.0393823,0,1,3,0.16,0.0015568839181053693
3533,1109D8FCC5,양지**,,서울 성동구,축산물,마장동,20240221,,마장동,서울특별시 성동구 고산자로24길 15,서울특별시 성동구 마장동 509-12,37.56996323,127.0393823,0,1,3,0.16,0.0015568839181053693
3534,2A28E1D01A,생생**,,서울 성동구,한식-육류/고기,마장동,20170801,,마장동,서울특별시 성동구 고산자로24길 15,서울특별시 성동구 마장동 509-12,37.56996323,127.0393823,0,1,3,0.16,0.0015568839181053693
3535,B8A531489A,풍원****,,서울 성동구,축산물,마장동,20240701,,마장동,서울특별시 성동구 고산자로24길 16,서울특별시 성동구 마장동 510-1,37.56972269,127.0393135,0,1,3,0.16,0.0015579526809371535
3536,186E12F013,남양**,,서울 성동구,축산물,마장동,20180508,,마장동,서울특별시 성동구 고산자로24길 17,서울특별시 성동구 마장동 509-1,37.56986433,127.0395593,0,1,3,0.16,0.0015688941391175898
3537,A75CE5A018,팔팔**,,서울 성동구,축산물,마장동,20201104,,마장동,서울특별시 성동구 고산자로24길 18,서울특별시 성동구 마장동 510-29,37.56963742,127.0394046,0,0,3,0.1,0.0015663501925523965
3538,9476AD97B9,동백******,,서울 성동구,축산물,마장동,20211103,,마장동,서울특별시 성동구 고산자로24길 18,서울특별시 성동구 마장동 510-29,37.56963742,127.0394046,0,0,3,0.1,0.0015663501925523965
3539,40C78A09A2,형제**,,서울 성동구,축산물,마장동,20221207,,마장동,서울특별시 성동구 고산자로24길 18,서울특별시 성동구 마장동 510-29,37.56963742,127.0394046,0,0,3,0.1,0.0015663501925523965
3540,D488494DEF,경원**,,서울 성동구,축산물,마장동,20181001,20240402.0,마장동,서울특별시 성동구 고산자로26길 12,서울특별시 성동구 마장동 507-3,37.57038582,127.0390479,0,1,3,0.16,0.0015492892712098865
3541,F4013DE365,심재**,,서울 성동구,카페,,20210719,,응봉동,서울특별시 성동구 고산자로2길 4-1,서울특별시 성동구 응봉동 228-22,37.55200032,127.0357143,0,1,2,0.12666666666666665,0.001669524975862226
3542,801E357409,잎새**,,서울 성동구,식료품,뚝섬,20200226,,성수동1가,서울특별시 성동구 광나루로 142-46,서울특별시 성동구 성수동1가 656-1175,37.55103994,127.0458968,0,1,2,0.12666666666666665,0.0014497330221065476
3543,94B04233D8,군산**,,서울 성동구,한식-해물/생선,,20181008,,송정동,서울특별시 성동구 광나루로 303-13,서울특별시 성동구 송정동 67-8,37.54851999,127.0634987,0,0,1,0.03333333333333333,0.000970517455467984
3544,D8D358541B,해*,,서울 성동구,한식-국밥/설렁탕,,20231215,,송정동,서울특별시 성동구 광나루로11길 12,서울특별시 성동구 송정동 66-45,37.54901596,127.0660121,0,0,1,0.03333333333333333,0.0009967167689658924
3545,CD0C6BA93A,위아***,,서울 성동구,양식,,20240502,,송정동,서울특별시 성동구 광나루로11길 14,서울특별시 성동구 송정동 66-42,37.54919263,127.066203,0,0,1,0.03333333333333333,0.0009937518125170135
3546,EB785F92A9,우리***,,서울 성동구,청과물,,20190823,,송정동,서울특별시 성동구 광나루로11길 15,서울특별시 성동구 송정동 66-32,37.54947509,127.0662001,0,0,1,0.03333333333333333,0.00098110297095619
3547,F810BEFDDE,뛰뚜**,,서울 성동구,양식,,20230705,,송정동,서울특별시 성동구 광나루로11길 20,서울특별시 성동구 송정동 73-579,37.54964772,127.0666794,0,0,1,0.03333333333333333,0.0009860325586719164
3548,19BD32B8E8,베이****,,서울 성동구,베이커리,,20220524,,송정동,서울특별시 성동구 광나루로11길 23,서울특별시 성동구 송정동 73-573,37.55001136,127.0666916,0,0,1,0.03333333333333333,0.0009700979063811182
3549,5393B95278,키노****,,서울 성동구,한식-단품요리일반,,20231117,,송정동,서울특별시 성동구 광나루로11길 26,서울특별시 성동구 송정동 73-609,37.55002867,127.0669916,0,0,1,0.03333333333333333,0.0009772656911472576
3550,9D398728FE,텍사***********,,서울 성동구,한식-단품요리일반,,20241119,,송정동,서울특별시 성동구 광나루로11길 30,서울특별시 성동구 송정동 73-602,37.55037388,127.0672475,0,0,1,0.03333333333333333,0.000968427608597071
3551,856F0FE484,송정****,,서울 성동구,한식-국수/만두,,20170403,,송정동,서울특별시 성동구 광나루로11길 32,서울특별시 성동구 송정동 73-645,37.55055175,127.0673704,0,0,1,0.03333333333333333,0.0009635451495340829
3552,F3C9F5931D,연이*,,서울 성동구,한식-단품요리일반,,20181010,,송정동,서울특별시 성동구 광나루로11길 41,서울특별시 성동구 송정동 73-881,37.55139549,127.0677701,0,0,1,0.03333333333333333,0.0009499949400628942
3553,8CA0382A69,카페****,,서울 성동구,카페,,20240802,,송정동,서울특별시 성동구 광나루로11길 45,서울특별시 성동구 송정동 73-964,37.55168232,127.0680175,0,0,1,0.03333333333333333,0.0009606550826652026
3554,F02766AB0A,참참**,치킨29,서울 성동구,치킨,,20230803,,송정동,서울특별시 성동구 광나루로11길 47,서울특별시 성동구 송정동 73-966,37.5518472,127.0681626,0,0,1,0.03333333333333333,0.0009668503333523336
3555,56D6494E4A,토마*********,,서울 성동구,피자,,20210407,20250704.0,송정동,서울특별시 성동구 광나루로11길 50,서울특별시 성동구 송정동 73-967,37.55194467,127.0685208,0,0,1,0.03333333333333333,0.0009839925505423556
3556,0B575BF47C,삼삼***,,서울 성동구,한식-육류/고기,,20171109,,송정동,서울특별시 성동구 광나루로11길 50,서울특별시 성동구 송정동 73-967,37.55194467,127.0685208,0,0,1,0.03333333333333333,0.0009839925505423556
3557,2831DB3C04,원아*********,,서울 성동구,아이스크림/빙수,,20231005,,송정동,서울특별시 성동구 광나루로11길 52,서울특별시 성동구 송정동 73-13,37.55202782,127.0685319,0,0,1,0.03333333333333333,0.0009839417820062119
3558,0B209E8E8B,미쳐****,치킨22,서울 성동구,치킨,,20180207,,송정동,서울특별시 성동구 광나루로11길 54,서울특별시 성동구 송정동 1-48,37.55213729,127.0686988,0,0,1,0.03333333333333333,0.0009914576806344993
3559,80839BC327,윕W****,,서울 성동구,와인바,성수,20200917,,성수동2가,서울특별시 성동구 광나루로4가길 5,서울특별시 성동구 성수동2가 299-63,37.54960637,127.054362,0,0,2,0.06666666666666667,0.0011468039640865112
3560,019E31E4C6,엔엠*,,서울 성동구,양식,성수,20220325,,성수동2가,서울특별시 성동구 광나루로4길 4-1,서울특별시 성동구 성수동2가 299-81,37.54984305,127.0540076,0,0,2,0.06666666666666667,0.0011466504991133868
3561,DDB19C2E90,소버***,,서울 성동구,요리주점,금남시장,20231102,,금호동4가,서울특별시 성동구 독서당로 296-11,서울특별시 성동구 금호동4가 565-1,37.54779938,127.0218034,0,0,3,0.1,0.0013023505999847636
3562,9656D883D6,소설*,,서울 성동구,한식-육류/고기,금남시장,20191212,,금호동4가,서울특별시 성동구 독서당로 296-11,서울특별시 성동구 금호동4가 565-1,37.54779938,127.0218034,0,0,3,0.1,0.0013023505999847636
3563,DFE96F9825,제일**,,서울 성동구,식품 제조,금남시장,20200420,,금호동3가,서울특별시 성동구 독서당로 297-12,서울특별시 성동구 금호동3가 381,37.54859397,127.0222861,0,0,2,0.06666666666666667,0.0012594572782470797
3564,97583174C1,사랑******,,서울 성동구,포장마차,금남시장,20210930,,금호동3가,서울특별시 성동구 독서당로 297-20,서울특별시 성동구 금호동3가 387,37.54873397,127.0223584,0,0,2,0.06666666666666667,0.0012539650248583143
3565,CC2F434D9D,양씨*,,서울 성동구,농산물,금남시장,20201027,,금호동3가,서울특별시 성동구 독서당로 301-61,서울특별시 성동구 금호동3가 349,37.54868665,127.0224606,0,0,2,0.06666666666666667,0.001247630647541815
3566,6B92298A76,두찜*****,한식-육류/고기7,서울 성동구,한식-육류/고기,금남시장,20190731,,금호동3가,서울특별시 성동구 독서당로 303-10,서울특별시 성동구 금호동3가 312,37.54850511,127.0229004,0,0,2,0.06666666666666667,0.0012214195726474918
3567,CB2533B6A3,아구***********,,서울 성동구,한식-해물/생선,금남시장,20240507,,금호동3가,서울특별시 성동구 독서당로 303-12,서울특별시 성동구 금호동3가 311,37.54853394,127.0229044,0,0,2,0.06666666666666667,0.001221065202981625
3568,8710E5DDEE,목포***,,서울 성동구,포장마차,금남시장,20220706,,금호동3가,서울특별시 성동구 독서당로 303-19,서울특별시 성동구 금호동3가 337,37.54873326,127.0227724,0,0,2,0.06666666666666667,0.0012282305495281936
3569,2485494277,센서*********************************,,서울 성동구,카페,금남시장,20201222,,금호동3가,서울특별시 성동구 독서당로 315-13,서울특별시 성동구 금호동3가 244,37.54852018,127.0241127,0,0,2,0.06666666666666667,0.0011573346634694778
3570,F64AF24030,89**,,서울 성동구,한식-해물/생선,옥수,20200507,,옥수동,서울특별시 성동구 독서당로39길 39,서울특별시 성동구 옥수동 450-22,37.54104299,127.0104339,0,0,3,0.1,0.001317053954885632
3571,FD0DB1E115,와이****,,서울 성동구,양식,옥수,20230404,,옥수동,서울특별시 성동구 독서당로39길 42,서울특별시 성동구 옥수동 450-19,37.54084368,127.0105138,0,0,3,0.1,0.0013114664466336154
3572,93BD9DB8F1,페리**,치킨37,서울 성동구,치킨,옥수,20170927,,옥수동,서울특별시 성동구 독서당로39길 48,서울특별시 성동구 옥수동 471-2,37.54055892,127.0109752,0,0,2,0.06666666666666667,0.0013239627574198835
3573,F05842A4EB,옥수************************,,서울 성동구,카페,옥수,20240826,,옥수동,서울특별시 성동구 독서당로39길 48,서울특별시 성동구 옥수동 471-2,37.54055892,127.0109752,0,0,2,0.06666666666666667,0.0013239627574198835
3574,4206032C42,미스********,,서울 성동구,한식-해물/생선,옥수,20240208,,옥수동,서울특별시 성동구 독서당로39길 48,서울특별시 성동구 옥수동 471-2,37.54055892,127.0109752,0,0,2,0.06666666666666667,0.0013239627574198835
3575,EA46925A64,반백*************,,서울 성동구,백반/가정식,옥수,20230320,,옥수동,서울특별시 성동구 독서당로40길 11,서울특별시 성동구 옥수동 336-6,37.5441303,127.0170873,0,3,3,0.28,0.002009099137919061
3576,46B8E61C45,스윗*****,,서울 성동구,식품 제조,옥수,20190412,,옥수동,서울특별시 성동구 독서당로40길 25,서울특별시 성동구 옥수동 4,37.5433496,127.0193024,0,2,3,0.22,0.00203991764665577
3577,F05E581558,일품***,,서울 성동구,한식-육류/고기,옥수,20161121,,옥수동,서울특별시 성동구 독서당로40길 29,서울특별시 성동구 옥수동 384,37.54244178,127.0173641,1,2,3,0.3866666666666666,0.0037724334841982747
3578,1D9B20B1B9,투썸*********,커피전문점13,서울 성동구,커피전문점,옥수,20170607,,옥수동,서울특별시 성동구 독서당로40길 37,서울특별시 성동구 옥수동 560,37.54185074,127.0178878,2,2,3,0.5533333333333333,0.005166865458129592
3579,ACD79FDC67,한촌********,한식-국밥/설렁탕14,서울 성동구,한식-국밥/설렁탕,옥수,20181101,,옥수동,서울특별시 성동구 독서당로40길 37,서울특별시 성동구 옥수동 560,37.54185074,127.0178878,2,2,3,0.5533333333333333,0.005166865458129592
3580,086AA2377D,갑부***,,서울 성동구,분식,옥수,20240523,,옥수동,서울특별시 성동구 독서당로40길 39,서울특별시 성동구 옥수동 560,37.54170891,127.017975,2,2,3,0.5533333333333333,0.00503637794882956
3581,79F7BABD3E,하이**,카페15,서울 성동구,카페,옥수,20160621,,옥수동,서울특별시 성동구 독서당로40길 39,서울특별시 성동구 옥수동 560,37.54170891,127.017975,2,2,3,0.5533333333333333,0.00503637794882956
3582,DE4BA13DEE,와인*,,서울 성동구,와인바,옥수,20240621,,옥수동,서울특별시 성동구 독서당로40길 39,서울특별시 성동구 옥수동 560,37.54170891,127.017975,2,2,3,0.5533333333333333,0.00503637794882956
3583,B3628DE20B,와인***,,서울 성동구,와인샵,옥수,20221221,,옥수동,서울특별시 성동구 독서당로40길 39,서울특별시 성동구 옥수동 560,37.54170891,127.017975,2,2,3,0.5533333333333333,0.00503637794882956
3584,86167864F2,백소*****,,서울 성동구,일식당,옥수,20240307,,옥수동,서울특별시 성동구 독서당로40길 39,서울특별시 성동구 옥수동 560,37.54170891,127.017975,2,2,3,0.5533333333333333,0.00503637794882956
3585,A60B207360,옥수*******,,서울 성동구,한식-국수/만두,옥수,20230310,,옥수동,서울특별시 성동구 독서당로40길 39,서울특별시 성동구 옥수동 560,37.54170891,127.017975,2,2,3,0.5533333333333333,0.00503637794882956
3586,BCCC2086A0,등촌*********,한식-국수/만두4,서울 성동구,한식-국수/만두,옥수,20230619,,옥수동,서울특별시 성동구 독서당로40길 39,서울특별시 성동구 옥수동 560,37.54170891,127.017975,2,2,3,0.5533333333333333,0.00503637794882956
3587,B1B6F5EE0C,멘야*,,서울 성동구,일식당,,20201112,,금호동1가,서울특별시 성동구 독서당로51길 15,서울특별시 성동구 금호동1가 1794,37.54945825,127.0264447,0,0,2,0.06666666666666667,0.001133304244134223
3588,E7299FA225,파르*****,,서울 성동구,양식,,20221111,,금호동1가,서울특별시 성동구 독서당로51길 29,서울특별시 성동구 금호동1가 1767,37.55056159,127.0261475,0,0,2,0.06666666666666667,0.0011803219293256761
3589,7C36D7F09A,수미*,,서울 성동구,떡/한과,,20200928,,금호동1가,서울특별시 성동구 독서당로51길 34,서울특별시 성동구 금호동1가 1758,37.5508903,127.0260461,0,0,3,0.1,0.0011955795163647652
3590,08D893CAA8,응봉**,,서울 성동구,카페,,20210413,,응봉동,서울특별시 성동구 독서당로57길 48,서울특별시 성동구 응봉동 265-308,37.55259716,127.0290635,0,0,3,0.1,0.0013106651832370637
3591,777CA00C62,키치**,,서울 성동구,일식-덮밥/돈가스,성수,20240306,,성수동2가,서울특별시 성동구 뚝섬로13길 32-1,서울특별시 성동구 성수동2가 271-18,37.54109955,127.0578629,0,1,1,0.09333333333333332,0.0011864379380400187
3592,B437763A97,브루********,,서울 성동구,카페,,20240612,,성수동2가,서울특별시 성동구 뚝섬로15길 29-1,서울특별시 성동구 성수동2가 256-4,37.53921868,127.0618465,0,0,2,0.06666666666666667,0.0011397856913528946
3593,869B2C170B,바 ***,,서울 성동구,일반 유흥주점,,20240923,,성수동2가,서울특별시 성동구 뚝섬로15길 29-1,서울특별시 성동구 성수동2가 256-4,37.53921868,127.0618465,0,0,2,0.06666666666666667,0.0011397856913528946
3594,58FE1BFE3D,지티******,,서울 성동구,햄버거,,20230227,,성수동2가,서울특별시 성동구 뚝섬로17가길 48,서울특별시 성동구 성수동2가 269-63,37.54073904,127.0595237,0,0,1,0.03333333333333333,0.0011289587640023583
3595,97D87E3C1B,프로******************,,서울 성동구,백반/가정식,,20221020,,성수동2가,서울특별시 성동구 뚝섬로17가길 48,서울특별시 성동구 성수동2가 269-63,37.54073904,127.0595237,0,0,1,0.03333333333333333,0.0011289587640023583
3596,5E93D0267B,영희***,,서울 성동구,양식,왕십리,20240201,,홍익동,서울특별시 성동구 마장로26길 16-1,서울특별시 성동구 홍익동 128,37.56546301,127.036046,0,3,5,0.3466666666666667,0.0019995193896232104
3597,7E8F21B9A8,수상**********,,서울 성동구,한식-육류/고기,왕십리,20240614,,홍익동,서울특별시 성동구 마장로26길 16-1,서울특별시 성동구 홍익동 128,37.56546301,127.036046,0,3,5,0.3466666666666667,0.0019995193896232104
3598,B33DBE6CAA,원조*****,,서울 성동구,한식-찌개/전골,왕십리,20170619,,홍익동,서울특별시 성동구 마장로26길 16-1,서울특별시 성동구 홍익동 128,37.56546301,127.036046,0,3,5,0.3466666666666667,0.0019995193896232104
3599,216590EA3B,빙고**,,서울 성동구,백반/가정식,왕십리,20170914,,마장동,서울특별시 성동구 마장로27가길 28,서울특별시 성동구 마장동 574,37.56636622,127.0361748,0,0,5,0.16666666666666669,0.001753364784893766
3600,975CAF71FE,용궁**,,서울 성동구,축산물,마장동,20170518,,마장동,서울특별시 성동구 마장로35길 48-9,서울특별시 성동구 마장동 480-20,37.56977734,127.0404787,0,1,3,0.16,0.001627758033022662
3601,DFCD699E8D,해솔**,,서울 성동구,축산물,,20211027,,마장동,서울특별시 성동구 마장로35나길 39,서울특별시 성동구 마장동 768-5,37.56740359,127.0434966,1,2,3,0.3866666666666666,0.0025557987197295387
3602,256B5CE947,또와**,,서울 성동구,분식,,20190211,,마장동,서울특별시 성동구 마장로35나길 40,서울특별시 성동구 마장동 770-3,37.56718835,127.0432172,1,2,3,0.3866666666666666,0.002838591656387597
3603,B602E6FF55,트리***,,서울 성동구,인삼제품,,20180620,,마장동,서울특별시 성동구 마장로35나길 40,서울특별시 성동구 마장동 770-3,37.56718835,127.0432172,1,2,3,0.3866666666666666,0.002838591656387597
3604,FF8A45E182,뼈마*******,,서울 성동구,한식-감자탕,,20230605,,마장동,서울특별시 성동구 마장로35나길 40,서울특별시 성동구 마장동 770-3,37.56718835,127.0432172,1,2,3,0.3866666666666666,0.002838591656387597
3605,CE4E66121E,혜인**,,서울 성동구,축산물,마장동,20240126,,마장동,서울특별시 성동구 마장로35다길 10,서울특별시 성동구 마장동 481-25,37.56937038,127.0404231,0,1,3,0.16,0.001652982231843152
3606,16FF61FF49,영주**,,서울 성동구,축산물,마장동,20230106,,마장동,서울특별시 성동구 마장로35다길 12,서울특별시 성동구 마장동 481-32,37.56932124,127.0405318,0,1,3,0.16,0.0016656816502343928
3607,5507C4D8DB,착한**,,서울 성동구,축산물,마장동,20190819,,마장동,서울특별시 성동구 마장로35다길 16,서울특별시 성동구 마장동 481-34,37.56920525,127.0406266,0,1,3,0.16,0.0016843639346751608
3608,3521453C6F,오성**,,서울 성동구,축산물,마장동,20230425,,마장동,서울특별시 성동구 마장로35다길 16,서울특별시 성동구 마장동 481-34,37.56920525,127.0406266,0,1,3,0.16,0.0016843639346751608
3609,BCEE2D09FD,영동**,,서울 성동구,축산물,마장동,20211007,,마장동,서울특별시 성동구 마장로35다길 18,서울특별시 성동구 마장동 481-64,37.56905135,127.0406585,0,1,3,0.16,0.0017033150684967122
3610,14AAED5A5C,마장****,,서울 성동구,축산물,마장동,20231228,,마장동,서울특별시 성동구 마장로35다길 18,서울특별시 성동구 마장동 481-64,37.56905135,127.0406585,0,1,3,0.16,0.0017033150684967122
3611,0624A8697D,지선**,,서울 성동구,축산물,마장동,20180206,,마장동,서울특별시 성동구 마장로35라길 16,서울특별시 성동구 마장동 762-1,37.56984694,127.0411385,0,2,3,0.22,0.0016657995634224536
3612,BC1CC776B0,웅이***,,서울 성동구,축산물,마장동,20240221,,마장동,서울특별시 성동구 마장로35라길 16,서울특별시 성동구 마장동 762-1,37.56984694,127.0411385,0,2,3,0.22,0.0016657995634224536
3613,FD83D6880D,중앙***,,서울 성동구,축산물,마장동,20230404,,마장동,서울특별시 성동구 마장로35라길 17,서울특별시 성동구 마장동 761-28,37.5699503,127.0413591,0,2,3,0.22,0.0016724113269605705
3614,E5D4A2B7C3,정일**,,서울 성동구,축산물,마장동,20220214,,마장동,서울특별시 성동구 마장로37길 35-1,서울특별시 성동구 마장동 763-6,37.56883466,127.0406475,0,1,3,0.16,0.0017277955669922546
3615,B7BCECAB53,임가*******,,서울 성동구,한식-육류/고기,마장동,20240912,,마장동,서울특별시 성동구 마장로37길 35-1,서울특별시 성동구 마장동 763-6,37.56883466,127.0406475,0,1,3,0.16,0.0017277955669922546
3616,E672DE0773,영일**,,서울 성동구,축산물,,20200605,,마장동,서울특별시 성동구 마장로37길 36-1,서울특별시 성동구 마장동 766-10,37.56867334,127.0407819,0,1,4,0.19333333333333333,0.0017635773681559078
3617,6634FE5F13,다복**,,서울 성동구,축산물,마장동,20180531,,마장동,서울특별시 성동구 마장로37길 37-1,서울특별시 성동구 마장동 763-3,37.56899392,127.0407628,0,1,3,0.16,0.0017195400187774695
3618,B7277086F3,호수****,,서울 성동구,축산물,마장동,20200902,,마장동,서울특별시 성동구 마장로37길 45-1,서울특별시 성동구 마장동 762-16,37.5694399,127.0410507,0,2,3,0.22,0.0016956715566679107
3619,935994591A,동남**,,서울 성동구,축산물,마장동,20211231,,마장동,서울특별시 성동구 마장로37길 45-2,서울특별시 성동구 마장동 762-27,37.56964823,127.041245,0,2,3,0.22,0.0016905820820487863
3620,75AC755E3E,동남**,,서울 성동구,축산물,마장동,20200528,,마장동,서울특별시 성동구 마장로37길 45-6,서울특별시 성동구 마장동 762-4,37.56967801,127.0411355,0,2,3,0.22,0.0016797662044621576
3621,93D9B9CC54,삼성***,,서울 성동구,축산물,마장동,20240904,,마장동,서울특별시 성동구 마장로37길 47-1,서울특별시 성동구 마장동 762-3,37.56977826,127.0412161,0,2,3,0.22,0.0016768425640009109
3622,02826B57BE,다정**,,서울 성동구,축산물,마장동,20230404,,마장동,서울특별시 성동구 마장로37길 51-1,서울특별시 성동구 마장동 761-26,37.57000035,127.0414755,0,2,3,0.22,0.001676246255674216
3623,E76E810A77,삼화***,,서울 성동구,축산물,마장동,20170919,,마장동,서울특별시 성동구 마장로37길 53-2,서울특별시 성동구 마장동 761-17,37.57022969,127.0416319,0,2,3,0.22,0.0016682468117546578
3624,5B2E4E2454,한*,,서울 성동구,축산물,마장동,20171124,,마장동,서울특별시 성동구 마장로37길 53-2,서울특별시 성동구 마장동 761-17,37.57022969,127.0416319,0,2,3,0.22,0.0016682468117546578
3625,73ACE2A1BF,삼*,,서울 성동구,축산물,마장동,20190903,,마장동,서울특별시 성동구 마장로37길 53-2,서울특별시 성동구 마장동 761-17,37.57022969,127.0416319,0,2,3,0.22,0.0016682468117546578
3626,D7F0860579,대은**,,서울 성동구,축산물,마장동,20210429,,마장동,서울특별시 성동구 마장로37길 53-2,서울특별시 성동구 마장동 761-17,37.57022969,127.0416319,0,2,3,0.22,0.0016682468117546578
3627,1890D657AD,경기**,,서울 성동구,축산물,,20170703,,마장동,서울특별시 성동구 마장로39가길 32,서울특별시 성동구 마장동 771,37.56678341,127.0430679,1,2,4,0.41999999999999993,0.0038011367782956294
3628,C2F9610A34,픽미**********,,서울 성동구,아이스크림/빙수,,20241223,20250710.0,마장동,서울특별시 성동구 마장로39가길 40,서울특별시 성동구 마장동 771-5,37.56700918,127.043372,1,2,4,0.41999999999999993,0.0030779081105668177
3629,F3413EEBA2,신호**,,서울 성동구,축산물,,20240923,,마장동,서울특별시 성동구 마장로39나길 14,서울특별시 성동구 마장동 768-16,37.56792912,127.0442804,0,2,3,0.22,0.00223432776103803
3630,CECDA06CB5,가보***,,서울 성동구,백반/가정식,,20190304,,마장동,서울특별시 성동구 마장로40길 11-1,서울특별시 성동구 마장동 790-4,37.565185,127.043505,1,1,6,0.42666666666666664,0.0030111636888338167
3631,95C390B637,꼬*,,서울 성동구,카페,한양대,20240129,,행당동,서울특별시 성동구 마조로11길 11-1,서울특별시 성동구 행당동 1-56,37.56170806,127.0401096,1,3,5,0.5133333333333334,0.0033411778677674294
3632,139D3C21E3,모뇨**,,서울 성동구,식료품,,20240703,,마장동,서울특별시 성동구 마조로15가길 23,서울특별시 성동구 마장동 831,37.56463719,127.0403884,0,4,4,0.3733333333333333,0.0023920886242321743
3633,A3729FF322,순자******,,서울 성동구,한식-해물/생선,,20220525,,마장동,서울특별시 성동구 마조로15가길 27,서울특별시 성동구 마장동 797-1,37.56492811,127.0409526,0,3,5,0.3466666666666667,0.002431094337229141
3634,E2157F524A,안녕****,,서울 성동구,분식,왕십리,20211118,,홍익동,서울특별시 성동구 무학로10길 29-1,서울특별시 성동구 홍익동 215,37.56589559,127.0341771,0,1,5,0.22666666666666668,0.0017694923391593175
3635,B34F7214E8,감*,,서울 성동구,요리주점,왕십리,20231010,,하왕십리동,서울특별시 성동구 무학봉15길 10-1,서울특별시 성동구 하왕십리동 973-8,37.5620532,127.0309373,0,1,5,0.22666666666666668,0.002098488996565951
3636,36A2BCEFD8,비노**,,서울 성동구,주류,왕십리,20230612,,하왕십리동,서울특별시 성동구 무학봉15길 17-1,서울특별시 성동구 하왕십리동 989-1,37.56286723,127.0306367,0,1,5,0.22666666666666668,0.0022893068887508876
3637,D57855D6EF,르미**,,서울 성동구,카페,왕십리,20220705,,하왕십리동,서울특별시 성동구 무학봉15길 17-1,서울특별시 성동구 하왕십리동 989-1,37.56286723,127.0306367,0,1,5,0.22666666666666668,0.0022893068887508876
3638,D2863D50C7,혼밥**,,서울 성동구,백반/가정식,왕십리,20211209,,하왕십리동,서울특별시 성동구 무학봉15길 26-1,서울특별시 성동구 하왕십리동 955-1,37.56355681,127.0304752,1,1,5,0.3933333333333333,0.0027038090056268576
3639,BFD597B479,한사**********,,서울 성동구,한식-국밥/설렁탕,왕십리,20230417,,하왕십리동,서울특별시 성동구 무학봉15길 26-1,서울특별시 성동구 하왕십리동 955-1,37.56355681,127.0304752,1,1,5,0.3933333333333333,0.0027038090056268576
3640,099CBF2425,한사**********,,서울 성동구,한식-단품요리일반,왕십리,20190925,20230417.0,하왕십리동,서울특별시 성동구 무학봉15길 26-1,서울특별시 성동구 하왕십리동 955-1,37.56355681,127.0304752,1,1,5,0.3933333333333333,0.0027038090056268576
3641,6BE89B7997,모두*******,,서울 성동구,한식-단품요리일반,왕십리,20240924,,하왕십리동,서울특별시 성동구 무학봉15길 26-1,서울특별시 성동구 하왕십리동 955-1,37.56355681,127.0304752,1,1,5,0.3933333333333333,0.0027038090056268576
3642,5D9E2372B7,너찜**,,서울 성동구,한식-단품요리일반,,20220114,,하왕십리동,서울특별시 성동구 무학봉15길 27-3,서울특별시 성동구 하왕십리동 954-6,37.56343941,127.0301347,1,1,5,0.3933333333333333,0.0027976432274050807
3643,222AB6560E,겸*,,서울 성동구,일식당,,20220602,,하왕십리동,서울특별시 성동구 무학봉15길 28-1,서울특별시 성동구 하왕십리동 955-15,37.56360666,127.0303648,1,1,5,0.3933333333333333,0.0028195616144433147
3644,338FA09E06,전과**,,서울 성동구,요리주점,,20200608,,하왕십리동,서울특별시 성동구 무학봉15길 28-1,서울특별시 성동구 하왕십리동 955-15,37.56360666,127.0303648,1,1,5,0.3933333333333333,0.0028195616144433147
3645,AD016521BB,향산******,치킨41,서울 성동구,치킨,왕십리,20230915,,행당동,서울특별시 성동구 무학봉16길 24-2,서울특별시 성동구 행당동 298-29,37.55981111,127.033086,0,3,5,0.3466666666666667,0.0022009619096277893
3646,DDA2B18650,모이**,,서울 성동구,백반/가정식,왕십리,20210527,,행당동,서울특별시 성동구 무학봉16길 24-2,서울특별시 성동구 행당동 298-29,37.55981111,127.033086,0,3,5,0.3466666666666667,0.0022009619096277893
3647,11DA529896,크레**********************,,서울 성동구,백반/가정식,왕십리,20230323,,행당동,서울특별시 성동구 무학봉16길 26-9,서울특별시 성동구 행당동 309-1,37.55966074,127.0330689,0,3,5,0.3466666666666667,0.0021773503595908855
3648,C7E3B6D61A,크레*********,,서울 성동구,한식-단품요리일반,왕십리,20231019,,행당동,서울특별시 성동구 무학봉16길 26-9,서울특별시 성동구 행당동 309-1,37.55966074,127.0330689,0,3,5,0.3466666666666667,0.0021773503595908855
3649,0F17B95A3C,세키*,,서울 성동구,일식당,왕십리,20210415,,행당동,서울특별시 성동구 무학봉26길 10-1,서울특별시 성동구 행당동 290-10,37.56159138,127.0328184,0,4,5,0.4066666666666667,0.002302817033052031
3650,63D56CEF99,곱순**,,서울 성동구,한식-육류/고기,왕십리,20200529,,행당동,서울특별시 성동구 무학봉26길 12-1,서울특별시 성동구 행당동 290-22,37.5615106,127.0329912,0,4,5,0.4066666666666667,0.0023434681045689685
3651,4916AD88E4,그린****,,서울 성동구,동남아/인도음식,,20220419,,성수동1가,서울특별시 성동구 서울숲2길 11-12,서울특별시 성동구 성수동1가 685-337,37.54756068,127.0401206,0,0,3,0.1,0.0013619854782197659
3652,1D76CBF64B,부우*,,서울 성동구,양식,,20241002,,성수동1가,서울특별시 성동구 서울숲2길 16-12,서울특별시 성동구 성수동1가 685-463,37.54697033,127.0401582,0,0,3,0.1,0.001359850558106259
3653,808E997108,글루*,,서울 성동구,카페,,20240724,,성수동1가,서울특별시 성동구 서울숲2길 16-12,서울특별시 성동구 성수동1가 685-463,37.54697033,127.0401582,0,0,3,0.1,0.001359850558106259
3654,EDDF492971,서울****,,서울 성동구,양식,,20170622,20250715.0,성수동1가,서울특별시 성동구 서울숲2길 18-14,서울특별시 성동구 성수동1가 685-456,37.54690519,127.0404249,0,0,3,0.1,0.0013767346891658187
3655,78C040B05F,구스***,,서울 성동구,양식,,20210507,,성수동1가,서울특별시 성동구 서울숲2길 19-13,서울특별시 성동구 성수동1가 685-420,37.54736109,127.0409528,0,0,3,0.1,0.001409222677521315
3656,37B095C0EA,버틀*********,,서울 성동구,양식,,20230127,,성수동1가,서울특별시 성동구 서울숲2길 19-13,서울특별시 성동구 성수동1가 685-420,37.54736109,127.0409528,0,0,3,0.1,0.001409222677521315
3657,8DDCE4944D,피리**,,서울 성동구,카페,,20220816,,성수동1가,서울특별시 성동구 서울숲2길 19-17,서울특별시 성동구 성수동1가 685-417,37.54745451,127.0409978,0,0,3,0.1,0.0014107938392325975
3658,FEAAE06C47,블랙********,,서울 성동구,카페,,20240514,,성수동1가,서울특별시 성동구 서울숲2길 19-18,서울특별시 성동구 성수동1가 685-325,37.54743355,127.0411686,0,0,3,0.1,0.0014232461955530707
3659,18139EA68D,매머***************,,서울 성동구,커피전문점,뚝섬,20230724,,성수동1가,서울특별시 성동구 서울숲2길 32-14,서울특별시 성동구 성수동1가 685-696,37.54567733,127.0429147,0,2,2,0.18666666666666665,0.0017708299497504504
3660,B7AFE65713,포메*****,동남아/인도음식4,서울 성동구,동남아/인도음식,뚝섬,20170124,,성수동1가,서울특별시 성동구 서울숲2길 32-14,서울특별시 성동구 성수동1가 685-696,37.54567733,127.0429147,0,2,2,0.18666666666666665,0.0017708299497504504
3661,EE7D3593F6,더포*******,동남아/인도음식1,서울 성동구,동남아/인도음식,뚝섬,20230914,,성수동1가,서울특별시 성동구 서울숲2길 32-14,서울특별시 성동구 성수동1가 685-696,37.54567733,127.0429147,0,2,2,0.18666666666666665,0.0017708299497504504
3662,1D97BD1F6F,도나********,,서울 성동구,한식-단품요리일반,뚝섬,20201020,,성수동1가,서울특별시 성동구 서울숲2길 32-14,서울특별시 성동구 성수동1가 685-696,37.54567733,127.0429147,0,2,2,0.18666666666666665,0.0017708299497504504
3663,C970710431,핍스*******,,서울 성동구,양식,뚝섬,20221124,,성수동1가,서울특별시 성동구 서울숲4길 16-25,서울특별시 성동구 성수동1가 668-84,37.54688592,127.0424409,0,2,3,0.22,0.001573507852336877
3664,3115CB8448,샌드**,,서울 성동구,카페,뚝섬,20220210,,성수동1가,서울특별시 성동구 서울숲4길 22-18,서울특별시 성동구 성수동1가 668-70,37.5468294,127.0430047,0,2,2,0.18666666666666665,0.0016568857866194665
3665,7C767063D2,온*,,서울 성동구,양식,뚝섬,20180622,,성수동1가,서울특별시 성동구 서울숲4길 26-10,서울특별시 성동구 성수동1가 668-54,37.54693989,127.0434333,0,2,2,0.18666666666666665,0.0017157813371261126
3666,82AE38978E,요쇼****,,서울 성동구,일식당,뚝섬,20231102,,성수동1가,서울특별시 성동구 서울숲4길 26-10,서울특별시 성동구 성수동1가 668-54,37.54693989,127.0434333,0,2,2,0.18666666666666665,0.0017157813371261126
3667,25B32948C5,어반**,,서울 성동구,카페,뚝섬,20240726,,성수동1가,서울특별시 성동구 서울숲4길 26-20,서울특별시 성동구 성수동1가 668-58,37.5467427,127.0433247,0,2,2,0.18666666666666665,0.0017161393836683495
3668,9029249DA3,타입*,,서울 성동구,카페,뚝섬,20240828,,성수동1가,서울특별시 성동구 서울숲4길 26-24,서울특별시 성동구 성수동1가 668-59,37.54661982,127.0432902,0,2,2,0.18666666666666665,0.0017224146096258258
3669,D529C1154C,새들**********,,서울 성동구,샌드위치/토스트,성수,20240729,,성수동2가,서울특별시 성동구 성덕정11길 5-12,서울특별시 성동구 성수동2가 333-97,37.53869769,127.0520067,0,0,1,0.03333333333333333,0.0009625598886396955
3670,A0EB1A75A7,새들*****************,,서울 성동구,한식-단품요리일반,성수,20210203,20240729.0,성수동2가,서울특별시 성동구 성덕정11길 5-12,서울특별시 성동구 성수동2가 333-97,37.53869769,127.0520067,0,0,1,0.03333333333333333,0.0009625598886396955
3671,0EED6D3006,성수*,,서울 성동구,백반/가정식,성수,20230816,,성수동2가,서울특별시 성동구 성덕정15길 13-1,서울특별시 성동구 성수동2가 339-44,37.5388802,127.0536691,0,0,1,0.03333333333333333,0.0009827061109279668
3672,235958D75C,물레*********,,서울 성동구,한식-해물/생선,성수,20190314,,성수동2가,서울특별시 성동구 성덕정15길 4-11,서울특별시 성동구 성수동2가 335-85,37.53804738,127.0541246,0,0,1,0.03333333333333333,0.0009294739423797877
3673,8D25E9227C,물레********,,서울 성동구,한식-해물/생선,성수,20190314,,성수동2가,서울특별시 성동구 성덕정15길 4-14,서울특별시 성동구 성수동2가 335-86,37.5379635,127.0541273,0,0,1,0.03333333333333333,0.0009244431828533314
3674,17979A7FB4,시장***,,서울 성동구,한식-국밥/설렁탕,성수,20180326,,성수동2가,서울특별시 성동구 성덕정15길 4-20,서울특별시 성동구 성수동2가 335-68,37.53796262,127.054283,0,0,1,0.03333333333333333,0.0009252193023151757
3675,1DEEB5568D,닭치******,,서울 성동구,한정식,성수,20231218,,성수동2가,서울특별시 성동구 성덕정15길 6-10,서울특별시 성동구 성수동2가 335-97,37.53820231,127.0540195,0,0,1,0.03333333333333333,0.0009385002973392641
3676,F276A1602F,한일**,,서울 성동구,한식-육류/고기,성수,20240322,,성수동2가,서울특별시 성동구 성덕정15길 6-14,서울특별시 성동구 성수동2가 335-96,37.53816105,127.0540209,0,0,1,0.03333333333333333,0.0009359289642490339
3677,7F0EB59719,빨강*,,서울 성동구,한식-단품요리일반,성수,20190313,,성수동2가,서울특별시 성동구 성덕정15길 6-14,서울특별시 성동구 성수동2가 335-96,37.53816105,127.0540209,0,0,1,0.03333333333333333,0.0009359289642490339
3678,9B75EF851F,서울**,,서울 성동구,식료품,성수,20200521,,성수동2가,서울특별시 성동구 성덕정15길 6-29,서울특별시 성동구 성수동2가 336-8,37.5385823,127.0541295,0,0,1,0.03333333333333333,0.0009637934984401941
3679,D2FC15A5E1,전사*,,서울 성동구,백반/가정식,성수,20181022,,성수동2가,서울특별시 성동구 성덕정15길 6-30,서울특별시 성동구 성수동2가 335-83,37.53814028,127.0541238,0,0,1,0.03333333333333333,0.0009351572485218953
3680,F3AD4E7EF8,행복**,,서울 성동구,한식-찌개/전골,성수,20230417,,성수동2가,서울특별시 성동구 성덕정15길 6-32,서울특별시 성동구 성수동2가 335-81,37.53819641,127.0541226,0,0,1,0.03333333333333333,0.0009386398966516867
3681,47170099B7,선숙****,,서울 성동구,반찬,성수,20200602,,성수동2가,서울특별시 성동구 성덕정15길 6-40,서울특별시 성동구 성수동2가 335-80,37.53819773,127.0541926,0,0,1,0.03333333333333333,0.0009390662252359005
3682,9C2549FF31,호호****,,서울 성동구,농산물,성수,20170906,,성수동2가,서울특별시 성동구 성덕정15길 6-46,서울특별시 성동구 성수동2가 335-63,37.53818153,127.0543495,0,0,1,0.03333333333333333,0.0009388250174651572
3683,6010892CCE,아이***,,서울 성동구,카페,성수,20201023,,성수동2가,서울특별시 성동구 성수이로10길 14,서울특별시 성동구 성수동2가 269-25,37.54013077,127.0567899,0,0,1,0.03333333333333333,0.0010920079391470382
3684,94795C00AE,원디****,,서울 성동구,중식당,성수,20230707,,성수동2가,서울특별시 성동구 성수이로10길 14,서울특별시 성동구 성수동2가 269-25,37.54013077,127.0567899,0,0,1,0.03333333333333333,0.0010920079391470382
3685,E64AD4E88B,금*,,서울 성동구,일식당,성수,20210630,,성수동2가,서울특별시 성동구 성수이로12길 11,서울특별시 성동구 성수동2가 269-115,37.539829,127.0566577,0,0,1,0.03333333333333333,0.0010619100403386097
3686,5F2DDA0178,올더***********,,서울 성동구,카페,성수,20221005,,성수동2가,서울특별시 성동구 성수이로12길 13,서울특별시 성동구 성수동2가 269-113,37.53978238,127.0567388,0,0,1,0.03333333333333333,0.0010570673326077795
3687,1EADD2188F,그룬*,,서울 성동구,와인바,성수,20210825,,성수동2가,서울특별시 성동구 성수이로12길 13,서울특별시 성동구 성수동2가 269-113,37.53978238,127.0567388,0,0,1,0.03333333333333333,0.0010570673326077795
3688,4B05972847,스케********,,서울 성동구,양식,성수,20240718,,성수동2가,서울특별시 성동구 성수이로12길 15,서울특별시 성동구 성수동2가 269-107,37.53974338,127.0569105,0,0,1,0.03333333333333333,0.001052674450153429
3689,8C0919784F,페이******************,,서울 성동구,양식,성수,20220413,,성수동2가,서울특별시 성동구 성수이로14길 15,서울특별시 성동구 성수동2가 322-21,37.54176415,127.0566984,0,1,1,0.09333333333333332,0.0013421159180447
3690,F2207F8023,엘레**,,서울 성동구,카페,성수,20220830,,성수동2가,서울특별시 성동구 성수이로14길 15,서울특별시 성동구 성수동2가 322-21,37.54176415,127.0566984,0,1,1,0.09333333333333332,0.0013421159180447
3691,FF3AE5174C,오*,,서울 성동구,카페,,20240112,,성수동2가,서울특별시 성동구 성수이로18길 31,서울특별시 성동구 성수동2가 273-10,37.54195313,127.0606155,0,0,2,0.06666666666666667,0.0011791021415873887
3692,B79977740A,엑스*******,,서울 성동구,식료품,성수,20220504,,성수동2가,서울특별시 성동구 성수이로20길 10,서울특별시 성동구 성수동2가 273-24,37.54322764,127.0576415,0,1,1,0.09333333333333332,0.001668634891816089
3693,825BEADB27,멘츠*,,서울 성동구,일식당,성수,20231005,,성수동2가,서울특별시 성동구 성수이로20길 10,서울특별시 성동구 성수동2가 273-24,37.54322764,127.0576415,0,1,1,0.09333333333333332,0.001668634891816089
3694,FBE1518873,레이***,,서울 성동구,한식-단품요리일반,,20170320,,성수동2가,서울특별시 성동구 성수이로20길 57,서울특별시 성동구 성수동2가 276-8,37.54210665,127.0630448,0,0,3,0.1,0.001246371681319789
3695,667F7D3E48,아이***,,서울 성동구,카페,,20190627,,성수동2가,서울특별시 성동구 성수이로20길 60,서울특별시 성동구 성수동2가 275-54,37.54166663,127.0631491,0,0,3,0.1,0.0012603213579752066
3696,40876D8589,리*,,서울 성동구,카페,,20210726,,성수동2가,서울특별시 성동구 성수이로22길 31,서울특별시 성동구 성수동2가 277-129,37.54413403,127.0605413,0,1,1,0.09333333333333332,0.0012376533026786942
3697,53679A769E,세디*********,,서울 성동구,양식,,20210824,,성수동2가,서울특별시 성동구 성수이로22길 37,서울특별시 성동구 성수동2가 277-43,37.54392181,127.061316,0,1,2,0.12666666666666665,0.0011985792436818438
3698,6B18BE9BFB,소이************,,서울 성동구,백반/가정식,,20240604,,성수동2가,서울특별시 성동구 성수이로22길 37,서울특별시 성동구 성수동2가 277-43,37.54392181,127.061316,0,1,2,0.12666666666666665,0.0011985792436818438
3699,1CEA3BFC5B,뿐또**,,서울 성동구,한식-단품요리일반,,20181011,,성수동2가,서울특별시 성동구 성수이로22길 61,서울특별시 성동구 성수동2가 19-7,37.54314819,127.0639071,0,0,3,0.1,0.001264460823818732
3700,1DDB44FF35,기미*,,서울 성동구,카페,,20210729,,성수동2가,서울특별시 성동구 성수이로26길 47,서울특별시 성동구 성수동2가 279-53,37.54513442,127.0627725,0,0,2,0.06666666666666667,0.0011449383684325417
3701,5113D031FD,기미*,,서울 성동구,커피전문점,,20211006,,성수동2가,서울특별시 성동구 성수이로26길 47,서울특별시 성동구 성수동2가 279-53,37.54513442,127.0627725,0,0,2,0.06666666666666667,0.0011449383684325417
3702,DA7113101B,성동*****,,서울 성동구,식료품,,20191231,,성수동2가,서울특별시 성동구 성수이로26길 61,서울특별시 성동구 성수동2가 279-29,37.54494633,127.0642049,0,0,3,0.1,0.0011711750969205048
3703,6A5E5F1964,티포**************,,서울 성동구,식료품,성수,20240829,,성수동2가,서울특별시 성동구 성수이로7가길 6,서울특별시 성동구 성수동2가 309-147,37.54072749,127.0551057,0,1,1,0.09333333333333332,0.001169373487126428
3704,7B133114D0,등촌*********,한식-국수/만두4,서울 성동구,한식-국수/만두,성수,20191223,,성수동2가,서울특별시 성동구 성수이로7가길 6,서울특별시 성동구 성수동2가 309-147,37.54072749,127.0551057,0,1,1,0.09333333333333332,0.001169373487126428
3705,01D70FA491,등촌*********,한식-국수/만두4,서울 성동구,한식-국수/만두,성수,20220124,,성수동2가,서울특별시 성동구 성수이로7가길 6,서울특별시 성동구 성수동2가 309-147,37.54072749,127.0551057,0,1,1,0.09333333333333332,0.001169373487126428
3706,12F2E42AEC,일상**,,서울 성동구,일식당,성수,20231205,,성수동2가,서울특별시 성동구 성수일로10길 26,서울특별시 성동구 성수동2가 284-62,37.54658651,127.0529522,0,2,3,0.22,0.0015108529603399057
3707,EE6A4602A2,탕화******,,서울 성동구,중식당,성수,20191023,,성수동2가,서울특별시 성동구 성수일로10길 26,서울특별시 성동구 성수동2가 284-62,37.54658651,127.0529522,0,2,3,0.22,0.0015108529603399057
3708,D3A976635B,천미*,,서울 성동구,중식당,성수,20240531,,성수동2가,서울특별시 성동구 성수일로10길 26,서울특별시 성동구 성수동2가 284-62,37.54658651,127.0529522,0,2,3,0.22,0.0015108529603399057
3709,9F42371A46,커피**********,커피전문점8,서울 성동구,커피전문점,성수,20190107,,성수동2가,서울특별시 성동구 성수일로10길 26,서울특별시 성동구 성수동2가 284-62,37.54658651,127.0529522,0,2,3,0.22,0.0015108529603399057
3710,3AC0517B5B,미분*****,,서울 성동구,기타세계요리,성수,20230613,,성수동2가,서울특별시 성동구 성수일로10길 26,서울특별시 성동구 성수동2가 284-62,37.54658651,127.0529522,0,2,3,0.22,0.0015108529603399057
3711,64DAA985AE,복준*,,서울 성동구,한식-국수/만두,성수,20240412,,성수동2가,서울특별시 성동구 성수일로10길 26,서울특별시 성동구 성수동2가 284-62,37.54658651,127.0529522,0,2,3,0.22,0.0015108529603399057
3712,E6A2D6AB86,복*,,서울 성동구,한식-육류/고기,성수,20200507,,성수동2가,서울특별시 성동구 성수일로10길 26,서울특별시 성동구 성수동2가 284-62,37.54658651,127.0529522,0,2,3,0.22,0.0015108529603399057
3713,8B1D7FD077,찐미****,,서울 성동구,한식-육류/고기,성수,20210824,,성수동2가,서울특별시 성동구 성수일로10길 26,서울특별시 성동구 성수동2가 284-62,37.54658651,127.0529522,0,2,3,0.22,0.0015108529603399057
3714,050A4E0A6D,사거****,,서울 성동구,한식-찌개/전골,성수,20240408,,성수동2가,서울특별시 성동구 성수일로10길 26,서울특별시 성동구 성수동2가 284-62,37.54658651,127.0529522,0,2,3,0.22,0.0015108529603399057
3715,30888E19A2,샐러*****,한식-단품요리일반8,서울 성동구,한식-단품요리일반,성수,20210610,,성수동2가,서울특별시 성동구 성수일로10길 26,서울특별시 성동구 성수동2가 284-62,37.54658651,127.0529522,0,2,3,0.22,0.0015108529603399057
3716,2BF66155BC,라에**,,서울 성동구,카페,성수,20220629,,성수동2가,서울특별시 성동구 성수일로10길 33,서울특별시 성동구 성수동2가 289-27,37.54657838,127.0539762,0,1,2,0.12666666666666665,0.0015550091005266276
3717,91BD541A0F,금별******,,서울 성동구,호프/맥주,성수,20220707,,성수동2가,서울특별시 성동구 성수일로10길 35,서울특별시 성동구 성수동2가 289-273,37.54609061,127.0541105,0,1,2,0.12666666666666665,0.001689426469116516
3718,CE70A9427E,바인*********,,서울 성동구,일반 유흥주점,뚝섬,20220414,,성수동1가,서울특별시 성동구 성수일로11길 10,서울특별시 성동구 성수동1가 13-203,37.54918279,127.0505665,0,1,2,0.12666666666666665,0.0014496264334478834
3719,DA830AD4F9,퍼윅**********,,서울 성동구,와인바,뚝섬,20220908,,성수동1가,서울특별시 성동구 성수일로11길 11,서울특별시 성동구 성수동1가 13-187,37.54922988,127.0502277,0,1,3,0.16,0.0014851587700493538
3720,37C22962DB,매머*************,,서울 성동구,커피전문점,뚝섬,20230607,,성수동1가,서울특별시 성동구 성수일로11길 11,서울특별시 성동구 성수동1가 13-187,37.54922988,127.0502277,0,1,3,0.16,0.0014851587700493538
3721,09A5C8DB83,누아*,,서울 성동구,카페,뚝섬,20210524,,성수동1가,서울특별시 성동구 성수일로11길 15,서울특별시 성동구 성수동1가 13-117,37.54949593,127.0498269,0,1,3,0.16,0.0014895960572261246
3722,F4BEB03DA2,어피*****,,서울 성동구,카페,성수,20221031,,성수동2가,서울특별시 성동구 성수일로12길 17,서울특별시 성동구 성수동2가 299-153,37.54856724,127.0531968,0,0,2,0.06666666666666667,0.0012930545885871793
3723,5AA50A5A64,엘*,,서울 성동구,일식당,성수,20221027,,성수동2가,서울특별시 성동구 성수일로12길 20,서울특별시 성동구 성수동2가 284-22,37.54817447,127.0532505,0,1,2,0.12666666666666665,0.0013276285322305881
3724,BE22760D64,고기*,,서울 성동구,한식-육류/고기,성수,20191108,,성수동2가,서울특별시 성동구 성수일로12길 20,서울특별시 성동구 성수동2가 284-22,37.54817447,127.0532505,0,1,2,0.12666666666666665,0.0013276285322305881
3725,6B61E9F331,어퍼************,,서울 성동구,카페,성수,20220331,,성수동2가,서울특별시 성동구 성수일로12길 21,서울특별시 성동구 성수동2가 299-156,37.5483729,127.0535832,0,1,2,0.12666666666666665,0.001292427627080432
3726,C508123D9A,전자*,,서울 성동구,중식당,성수,20170731,,성수동2가,서울특별시 성동구 성수일로12길 23,서울특별시 성동구 성수동2가 299-157,37.54830914,127.0537135,0,1,2,0.12666666666666665,0.0012930701758322714
3727,4AB5E20EE4,커피***,,서울 성동구,카페,성수,20240311,,성수동2가,서울특별시 성동구 성수일로12길 26,서울특별시 성동구 성수동2가 289-18,37.54787978,127.0537923,0,1,2,0.12666666666666665,0.0013372673408105099
3728,9AB9BE98E4,커피******,,서울 성동구,카페,성수,20241203,,성수동2가,서울특별시 성동구 성수일로12길 26,서울특별시 성동구 성수동2가 289-18,37.54787978,127.0537923,0,1,2,0.12666666666666665,0.0013372673408105099
3729,5.08E+73,킷포*,,서울 성동구,일식당,성수,20240325,,성수동2가,서울특별시 성동구 성수일로12길 26,서울특별시 성동구 성수동2가 289-18,37.54787978,127.0537923,0,1,2,0.12666666666666665,0.0013372673408105099
3730,FA526A8279,리사*******,,서울 성동구,커피전문점,성수,20240909,,성수동2가,서울특별시 성동구 성수일로12길 26,서울특별시 성동구 성수동2가 289-18,37.54787978,127.0537923,0,1,2,0.12666666666666665,0.0013372673408105099
3731,67BEA11D33,메가************,커피전문점2,서울 성동구,커피전문점,성수,20240920,,성수동2가,서울특별시 성동구 성수일로12길 26,서울특별시 성동구 성수동2가 289-18,37.54787978,127.0537923,0,1,2,0.12666666666666665,0.0013372673408105099
3732,A6D6C995BD,제로******,,서울 성동구,백반/가정식,성수,20240826,,성수동2가,서울특별시 성동구 성수일로12길 26,서울특별시 성동구 성수동2가 289-18,37.54787978,127.0537923,0,1,2,0.12666666666666665,0.0013372673408105099
3733,9A012C0993,스위*******,,서울 성동구,식료품,성수,20210507,,성수동2가,서울특별시 성동구 성수일로12길 27,서울특별시 성동구 성수동2가 299-198,37.54838923,127.0545245,0,1,2,0.12666666666666665,0.0012508758406606251
3734,C2917321B5,와이*,,서울 성동구,카페,성수,20230608,,성수동2가,서울특별시 성동구 성수일로12길 34,서울특별시 성동구 성수동2가 289-211,37.54755656,127.0544477,0,1,2,0.12666666666666665,0.0013724526351927546
3735,37AA4DBA89,둘쭈****,,서울 성동구,양식,성수,20230921,,성수동2가,서울특별시 성동구 성수일로12길 44,서울특별시 성동구 성수동2가 289-227,37.5471006,127.0553551,0,1,2,0.12666666666666665,0.0014641448539322315
3736,2BE371C2DE,카스**************,,서울 성동구,카페,성수,20240910,,성수동2가,서울특별시 성동구 성수일로12길 52,서울특별시 성동구 성수동2가 835-1,37.54660806,127.0562223,0,1,2,0.12666666666666665,0.0016076247972850737
3737,6ED7CA8900,테이****************************,,서울 성동구,양식,,20230118,20250811.0,성수동1가,서울특별시 성동구 성수일로3길 5-7,서울특별시 성동구 성수동1가 656-113,37.54196842,127.0481394,0,1,3,0.16,0.0014370346172245013
3738,9E1B58CB83,새촌***,,서울 성동구,한식-단품요리일반,,20180622,,성수동1가,서울특별시 성동구 성수일로3길 7-1,서울특별시 성동구 성수동1가 656-131,37.54212221,127.0479578,0,1,3,0.16,0.0014873777896883288
3739,1CC86C2EB2,창창**,,서울 성동구,카페,성수,20201214,,성수동2가,서울특별시 성동구 성수일로4가길 2,서울특별시 성동구 성수동2가 321-21,37.54208149,127.0539828,0,1,1,0.09333333333333332,0.0013723567723793056
3740,CCC1A20AF8,벱(****,,서울 성동구,동남아/인도음식,성수,20210625,,성수동2가,서울특별시 성동구 성수일로4가길 2,서울특별시 성동구 성수동2가 321-21,37.54208149,127.0539828,0,1,1,0.09333333333333332,0.0013723567723793056
3741,695306E501,중앙***,,서울 성동구,백반/가정식,성수,20200113,,성수동2가,서울특별시 성동구 성수일로6길 7-1,서울특별시 성동구 성수동2가 301-98,37.54557352,127.0510862,0,2,3,0.22,0.0016030590765880367
3742,5755CB685C,아일*****,,서울 성동구,양식,,20211026,,송정동,서울특별시 성동구 송정18가길 31-1,서울특별시 성동구 송정동 73-173,37.55514411,127.0692886,0,0,0,0.0,0.0010215510554403933
3743,DEA848E3A9,우리***,,서울 성동구,백반/가정식,성수,20190313,,성수동2가,서울특별시 성동구 아차산로11길 11,서울특별시 성동구 성수동2가 277-50,37.54477642,127.0593473,0,1,1,0.09333333333333332,0.0013822771439300431
3744,1F369B9364,송계*****,,서울 성동구,백반/가정식,성수,20210707,20250731.0,성수동2가,서울특별시 성동구 아차산로11길 11,서울특별시 성동구 성수동2가 277-50,37.54477642,127.0593473,0,1,1,0.09333333333333332,0.0013822771439300431
3745,867564A1CD,맛*,,서울 성동구,백반/가정식,성수,20240809,,성수동2가,서울특별시 성동구 아차산로11길 11,서울특별시 성동구 성수동2가 277-50,37.54477642,127.0593473,0,1,1,0.09333333333333332,0.0013822771439300431
3746,5AF671B1BF,오대***,,서울 성동구,한식-국수/만두,성수,20241118,,성수동2가,서울특별시 성동구 아차산로11길 11,서울특별시 성동구 성수동2가 277-50,37.54477642,127.0593473,0,1,1,0.09333333333333332,0.0013822771439300431
3747,A2F31AB139,쿠*,,서울 성동구,한식-단품요리일반,,20240710,,성수동2가,서울특별시 성동구 아차산로11길 12,서울특별시 성동구 성수동2가 277-169,37.54477506,127.059722,0,1,1,0.09333333333333332,0.0013183060802391554
3748,3EBB8FF3EB,침묵****,,서울 성동구,와인바,,20220708,,성수동2가,서울특별시 성동구 아차산로11길 26,서울특별시 성동구 성수동2가 278-49,37.54579163,127.0601358,0,1,1,0.09333333333333332,0.001218133598223444
3749,E19551340F,고로*****,,서울 성동구,일식당,,20230718,,성수동2가,서울특별시 성동구 아차산로13길 16,서울특별시 성동구 성수동2가 277-101,37.54464951,127.0613928,0,1,1,0.09333333333333332,0.0011861610498993033
3750,9DE30019C9,성수*************,커피전문점11,서울 성동구,커피전문점,,20221216,,성수동2가,서울특별시 성동구 아차산로13길 16,서울특별시 성동구 성수동2가 277-101,37.54464951,127.0613928,0,1,1,0.09333333333333332,0.0011861610498993033
3751,56CCDF6E4B,커피*******,,서울 성동구,카페,,20200914,,성수동2가,서울특별시 성동구 아차산로13길 31,서울특별시 성동구 성수동2가 278-35,37.5458939,127.0615127,0,0,1,0.03333333333333333,0.0011350392531647773
3752,B870F34E7B,달님**,,서울 성동구,한식-냉면,,20190313,,성수동2가,서울특별시 성동구 아차산로13길 31,서울특별시 성동구 성수동2가 278-35,37.5458939,127.0615127,0,0,1,0.03333333333333333,0.0011350392531647773
3753,EAD182F319,커피**,,서울 성동구,커피전문점,,20180920,,성수동2가,서울특별시 성동구 아차산로13길 31,서울특별시 성동구 성수동2가 278-35,37.5458939,127.0615127,0,0,1,0.03333333333333333,0.0011350392531647773
3754,45CCE83EBB,마마**,,서울 성동구,중식당,,20170525,,성수동2가,서울특별시 성동구 아차산로13길 33,서울특별시 성동구 성수동2가 278-27,37.54623614,127.0616125,0,0,1,0.03333333333333333,0.0011142696537342748
3755,CBBE8C9ACE,성*,,서울 성동구,중식당,,20210420,,성수동2가,서울특별시 성동구 아차산로13길 33,서울특별시 성동구 성수동2가 278-27,37.54623614,127.0616125,0,0,1,0.03333333333333333,0.0011142696537342748
3756,536CC51122,달구***,,서울 성동구,중식당,,20211208,,성수동2가,서울특별시 성동구 아차산로13길 37,서울특별시 성동구 성수동2가 278-25,37.54662135,127.0619069,0,0,1,0.03333333333333333,0.0010860904663296425
3757,48D0F061EB,카페***************,,서울 성동구,카페,,20210430,,성수동2가,서울특별시 성동구 아차산로13길 48,서울특별시 성동구 성수동2가 280-22,37.54665648,127.0627717,0,0,1,0.03333333333333333,0.0010729361743459674
3758,7D41119FA7,뚝섬**,,서울 성동구,한식-육류/고기,,20241104,,성수동2가,서울특별시 성동구 아차산로13길 48,서울특별시 성동구 성수동2가 280-22,37.54665648,127.0627717,0,0,1,0.03333333333333333,0.0010729361743459674
3759,50CCBE90E1,비비*******,치킨2,서울 성동구,치킨,,20211124,,성수동2가,서울특별시 성동구 아차산로15길 10,서울특별시 성동구 성수동2가 277-37,37.54369624,127.0626068,0,0,2,0.06666666666666667,0.001187634547910404
3760,20CD5C4AB7,루트*******,,서울 성동구,카페,,20210610,,성수동2가,서울특별시 성동구 아차산로15길 10,서울특별시 성동구 성수동2가 277-37,37.54369624,127.0626068,0,0,2,0.06666666666666667,0.001187634547910404
3761,5BFB461F3A,매머************,,서울 성동구,커피전문점,,20230404,,성수동2가,서울특별시 성동구 아차산로15길 10,서울특별시 성동구 성수동2가 277-37,37.54369624,127.0626068,0,0,2,0.06666666666666667,0.001187634547910404
3762,F1F5DC5BD6,성원**,,서울 성동구,백반/가정식,,20190829,,성수동2가,서울특별시 성동구 아차산로15길 10,서울특별시 성동구 성수동2가 277-37,37.54369624,127.0626068,0,0,2,0.06666666666666667,0.001187634547910404
3763,A40A42D539,사흘**,,서울 성동구,백반/가정식,,20220722,,성수동2가,서울특별시 성동구 아차산로15길 10,서울특별시 성동구 성수동2가 277-37,37.54369624,127.0626068,0,0,2,0.06666666666666667,0.001187634547910404
3764,B5F66DDC32,난바*******,,서울 성동구,일식-우동/소바/라면,,20220825,20250804.0,성수동2가,서울특별시 성동구 아차산로15길 10,서울특별시 성동구 성수동2가 277-37,37.54369624,127.0626068,0,0,2,0.06666666666666667,0.001187634547910404
3765,3456938AFA,이디*********,커피전문점6,서울 성동구,커피전문점,,20200407,,성수동2가,서울특별시 성동구 아차산로15길 19,서울특별시 성동구 성수동2가 277-28,37.54475079,127.0620697,0,0,2,0.06666666666666667,0.0011651166856952483
3766,1C1F73D604,앳모***,,서울 성동구,양식,,20190213,,성수동2가,서울특별시 성동구 아차산로17길 11,서울특별시 성동구 성수동2가 277-114,37.54346101,127.0637582,0,0,3,0.1,0.0012397495678194532
3767,5F0B05E1D7,바나********,카페5,서울 성동구,카페,,20240306,,성수동2가,서울특별시 성동구 아차산로17길 48,서울특별시 성동구 성수동2가 280,37.54639376,127.0658895,0,0,3,0.1,0.001129320847676358
3768,309BDE407B,쥬스************,,서울 성동구,카페,,20240802,,성수동2가,서울특별시 성동구 아차산로17길 48,서울특별시 성동구 성수동2가 280,37.54639376,127.0658895,0,0,3,0.1,0.001129320847676358
3769,821200D58F,후라*******,,서울 성동구,일식당,,20241008,,성수동2가,서울특별시 성동구 아차산로17길 48,서울특별시 성동구 성수동2가 280,37.54639376,127.0658895,0,0,3,0.1,0.001129320847676358
3770,0CB94CB82A,매머***********,,서울 성동구,커피전문점,,20200806,,성수동2가,서울특별시 성동구 아차산로17길 48,서울특별시 성동구 성수동2가 280,37.54639376,127.0658895,0,0,3,0.1,0.001129320847676358
3771,08BFC4265D,뚜레***********,베이커리2,서울 성동구,베이커리,,20240617,,성수동2가,서울특별시 성동구 아차산로17길 49,서울특별시 성동구 성수동2가 280-6,37.54676837,127.0652793,0,0,1,0.03333333333333333,0.001089811205701444
3772,87500B57DE,반포******,동남아/인도음식2,서울 성동구,동남아/인도음식,,20201027,,성수동2가,서울특별시 성동구 아차산로17길 49,서울특별시 성동구 성수동2가 280-6,37.54676837,127.0652793,0,0,1,0.03333333333333333,0.001089811205701444
3773,1C69DD5AFC,빽다********,커피전문점4,서울 성동구,커피전문점,,20210218,,성수동2가,서울특별시 성동구 아차산로17길 57,서울특별시 성동구 성수동2가 281-16,37.54748628,127.0657799,0,0,1,0.03333333333333333,0.0010633101478235765
3774,D7EAFE3D88,삼형*******,,서울 성동구,분식,성수,20230718,,성수동2가,서울특별시 성동구 아차산로7길 9-2,서울특별시 성동구 성수동2가 289-26,37.54614626,127.0543847,0,1,2,0.12666666666666665,0.0017150599142181978
3775,BE795585AC,대림******,,서울 성동구,분식,성수,20210804,20250709.0,성수동2가,서울특별시 성동구 연무장7가길 5-1,서울특별시 성동구 성수동2가 315-36,37.5431529,127.0550845,1,1,1,0.26,0.0018851177352126839
3776,D83FD7E108,토라**,,서울 성동구,일식당,성수,20180919,,성수동2가,서울특별시 성동구 연무장7가길 6-1,서울특별시 성동구 성수동2가 315-48,37.54298639,127.0551004,1,1,1,0.26,0.0017877815763349832
3777,257C2B26D3,성수***,,서울 성동구,요리주점,,20230831,,성수동2가,서울특별시 성동구 연무장길 100-15,서울특별시 성동구 성수동2가 269-163,37.54069851,127.0600331,0,0,1,0.03333333333333333,0.0011293664666726481
3778,4828F279E2,히노*********,분식20,서울 성동구,분식,왕십리,20230412,,행당동,서울특별시 성동구 왕십리광장로 17,서울특별시 성동구 행당동 168-151,37.56144175,127.0383942,3,3,4,0.8133333333333332,0.008207936277255062
3779,FC11619D64,분식********,,서울 성동구,분식,왕십리,20231214,,행당동,서울특별시 성동구 왕십리광장로 17,서울특별시 성동구 행당동 168-151,37.56144175,127.0383942,3,3,4,0.8133333333333332,0.008207936277255062
3780,A7E8121B70,우리***,,서울 성동구,분식,왕십리,20240612,20250818.0,행당동,서울특별시 성동구 왕십리광장로 17,서울특별시 성동구 행당동 168-151,37.56144175,127.0383942,3,3,4,0.8133333333333332,0.008207936277255062
3781,4F0DB34622,남다****,,서울 성동구,분식,왕십리,20241010,,행당동,서울특별시 성동구 왕십리광장로 17,서울특별시 성동구 행당동 168-151,37.56144175,127.0383942,3,3,4,0.8133333333333332,0.008207936277255062
3782,7645F49DBD,케밥*,,서울 성동구,양식,왕십리,20161018,,행당동,서울특별시 성동구 왕십리광장로 17,서울특별시 성동구 행당동 168-151,37.56144175,127.0383942,3,3,4,0.8133333333333332,0.008207936277255062
3783,186BEE7C30,카이***,,서울 성동구,양식,왕십리,20230921,,행당동,서울특별시 성동구 왕십리광장로 17,서울특별시 성동구 행당동 168-151,37.56144175,127.0383942,3,3,4,0.8133333333333332,0.008207936277255062
3784,9972114004,랑데********,,서울 성동구,카페,왕십리,20210604,,행당동,서울특별시 성동구 왕십리광장로 17,서울특별시 성동구 행당동 168-151,37.56144175,127.0383942,3,3,4,0.8133333333333332,0.008207936277255062
3785,E71673016B,망고*,,서울 성동구,카페,왕십리,20220223,,행당동,서울특별시 성동구 왕십리광장로 17,서울특별시 성동구 행당동 168-151,37.56144175,127.0383942,3,3,4,0.8133333333333332,0.008207936277255062
3786,6930EE8A71,탐앤********,카페13,서울 성동구,카페,왕십리,20220517,,행당동,서울특별시 성동구 왕십리광장로 17,서울특별시 성동구 행당동 168-151,37.56144175,127.0383942,3,3,4,0.8133333333333332,0.008207936277255062
3787,C2738D1B5D,쭈꾸*****,,서울 성동구,피자,왕십리,20230317,,행당동,서울특별시 성동구 왕십리광장로 17,서울특별시 성동구 행당동 168-151,37.56144175,127.0383942,3,3,4,0.8133333333333332,0.008207936277255062
3788,458600B5F4,이자**********,일식당4,서울 성동구,일식당,왕십리,20171204,,행당동,서울특별시 성동구 왕십리광장로 17,서울특별시 성동구 행당동 168-151,37.56144175,127.0383942,3,3,4,0.8133333333333332,0.008207936277255062
3789,E57A82C28E,신기****,일식당2,서울 성동구,일식당,왕십리,20190429,,행당동,서울특별시 성동구 왕십리광장로 17,서울특별시 성동구 행당동 168-151,37.56144175,127.0383942,3,3,4,0.8133333333333332,0.008207936277255062
3790,3074DF0C17,스시*************,,서울 성동구,일식당,왕십리,20220420,,행당동,서울특별시 성동구 왕십리광장로 17,서울특별시 성동구 행당동 168-151,37.56144175,127.0383942,3,3,4,0.8133333333333332,0.008207936277255062
3791,5DB407D5B6,칸지*******,중식당7,서울 성동구,중식당,왕십리,20191104,,행당동,서울특별시 성동구 왕십리광장로 17,서울특별시 성동구 행당동 168-151,37.56144175,127.0383942,3,3,4,0.8133333333333332,0.008207936277255062
3792,4FD2CD656B,폼드*****,,서울 성동구,베이커리,왕십리,20221012,,행당동,서울특별시 성동구 왕십리광장로 17,서울특별시 성동구 행당동 168-151,37.56144175,127.0383942,3,3,4,0.8133333333333332,0.008207936277255062
3793,88DDED98E7,호두*****,,서울 성동구,베이커리,왕십리,20221219,,행당동,서울특별시 성동구 왕십리광장로 17,서울특별시 성동구 행당동 168-151,37.56144175,127.0383942,3,3,4,0.8133333333333332,0.008207936277255062
3794,B017B263BC,와플********,,서울 성동구,베이커리,왕십리,20230608,,행당동,서울특별시 성동구 왕십리광장로 17,서울특별시 성동구 행당동 168-151,37.56144175,127.0383942,3,3,4,0.8133333333333332,0.008207936277255062
3795,612C103359,파리**********,베이커리10,서울 성동구,베이커리,왕십리,20240123,,행당동,서울특별시 성동구 왕십리광장로 17,서울특별시 성동구 행당동 168-151,37.56144175,127.0383942,3,3,4,0.8133333333333332,0.008207936277255062
3796,26B2585C88,뚜레***********,베이커리2,서울 성동구,베이커리,왕십리,20240626,,행당동,서울특별시 성동구 왕십리광장로 17,서울특별시 성동구 행당동 168-151,37.56144175,127.0383942,3,3,4,0.8133333333333332,0.008207936277255062
3797,255821302B,이디********,커피전문점6,서울 성동구,커피전문점,왕십리,20180914,,행당동,서울특별시 성동구 왕십리광장로 17,서울특별시 성동구 행당동 168-151,37.56144175,127.0383942,3,3,4,0.8133333333333332,0.008207936277255062
3798,71725E8FB3,커피*************,,서울 성동구,커피전문점,왕십리,20240404,,행당동,서울특별시 성동구 왕십리광장로 17,서울특별시 성동구 행당동 168-151,37.56144175,127.0383942,3,3,4,0.8133333333333332,0.008207936277255062
3799,EB2F2101D0,할리*********,커피전문점15,서울 성동구,커피전문점,왕십리,20240417,,행당동,서울특별시 성동구 왕십리광장로 17,서울특별시 성동구 행당동 168-151,37.56144175,127.0383942,3,3,4,0.8133333333333332,0.008207936277255062
3800,C11AF827CF,담솥******,,서울 성동구,백반/가정식,왕십리,20230817,,행당동,서울특별시 성동구 왕십리광장로 17,서울특별시 성동구 행당동 168-151,37.56144175,127.0383942,3,3,4,0.8133333333333332,0.008207936277255062
3801,EFE2BD2AEE,갓잇*********,,서울 성동구,기타세계요리,왕십리,20240222,,행당동,서울특별시 성동구 왕십리광장로 17,서울특별시 성동구 행당동 168-151,37.56144175,127.0383942,3,3,4,0.8133333333333332,0.008207936277255062
3802,41D2AB65FB,청담**********,,서울 성동구,일식-샤브샤브,왕십리,20220413,,행당동,서울특별시 성동구 왕십리광장로 17,서울특별시 성동구 행당동 168-151,37.56144175,127.0383942,3,3,4,0.8133333333333332,0.008207936277255062
3803,C82F7B7133,성수********,,서울 성동구,한식-국수/만두,왕십리,20241114,,행당동,서울특별시 성동구 왕십리광장로 17,서울특별시 성동구 행당동 168-151,37.56144175,127.0383942,3,3,4,0.8133333333333332,0.008207936277255062
3804,9BA9EBEA37,홍수************,한식-육류/고기32,서울 성동구,한식-육류/고기,왕십리,20180403,,행당동,서울특별시 성동구 왕십리광장로 17,서울특별시 성동구 행당동 168-151,37.56144175,127.0383942,3,3,4,0.8133333333333332,0.008207936277255062
3805,20186EA812,한컵***,,서울 성동구,샌드위치/토스트,왕십리,20190925,,행당동,서울특별시 성동구 왕십리광장로 17,서울특별시 성동구 행당동 168-151,37.56144175,127.0383942,3,3,4,0.8133333333333332,0.008207936277255062
3806,9C1036E322,10******************,,서울 성동구,일식-덮밥/돈가스,왕십리,20190107,,행당동,서울특별시 성동구 왕십리광장로 17,서울특별시 성동구 행당동 168-151,37.56144175,127.0383942,3,3,4,0.8133333333333332,0.008207936277255062
3807,1C7B1712C9,포메********,,서울 성동구,한식-단품요리일반,왕십리,20220322,,행당동,서울특별시 성동구 왕십리광장로 17,서울특별시 성동구 행당동 168-151,37.56144175,127.0383942,3,3,4,0.8133333333333332,0.008207936277255062
3808,FA06E82AE6,북촌************,한식-단품요리일반7,서울 성동구,한식-단품요리일반,왕십리,20241011,,행당동,서울특별시 성동구 왕십리광장로 17,서울특별시 성동구 행당동 168-151,37.56144175,127.0383942,3,3,4,0.8133333333333332,0.008207936277255062
3809,E629D92144,제주***,,서울 성동구,한식-육류/고기,,20170317,,행당동,서울특별시 성동구 왕십리로 273-16,서울특별시 성동구 행당동 138-20,37.5587975,127.0367124,0,3,5,0.3466666666666667,0.0024412580967898816
3810,E68206768A,타코********,,서울 성동구,양식,뚝섬,20220901,,성수동1가,서울특별시 성동구 왕십리로10길 10,서울특별시 성동구 성수동1가 656-482,37.54672932,127.0455963,1,2,2,0.3533333333333333,0.0023844175296776435
3811,A0EDA785C0,한*,,서울 성동구,요리주점,뚝섬,20220809,,성수동1가,서울특별시 성동구 왕십리로10길 10,서울특별시 성동구 성수동1가 656-482,37.54672932,127.0455963,1,2,2,0.3533333333333333,0.0023844175296776435
3812,733563490D,술있****,,서울 성동구,요리주점,뚝섬,20220802,,성수동1가,서울특별시 성동구 왕십리로10길 18,서울특별시 성동구 성수동1가 656-695,37.54656168,127.0464356,1,2,2,0.3533333333333333,0.0030069225736286203
3813,B113A0DC35,오버********,,서울 성동구,카페,뚝섬,20210115,,성수동1가,서울특별시 성동구 왕십리로10길 19,서울특별시 성동구 성수동1가 656-688,37.54664314,127.0466344,1,2,2,0.3533333333333333,0.003382007212048393
3814,8CA6B75925,오프*******,,서울 성동구,요리주점,뚝섬,20210401,20250514.0,성수동1가,서울특별시 성동구 왕십리로10길 20,서울특별시 성동구 성수동1가 656-681,37.5464795,127.0466757,1,2,2,0.3533333333333333,0.003154245783903257
3815,72DD5ED597,식당**,,서울 성동구,일식당,뚝섬,20241029,,성수동1가,서울특별시 성동구 왕십리로10길 21,서울특별시 성동구 성수동1가 656-694,37.54654896,127.0469197,1,2,2,0.3533333333333333,0.003579803111102246
3816,87E8D36DE6,서울***,,서울 성동구,백반/가정식,뚝섬,20240328,,성수동1가,서울특별시 성동구 왕십리로14길 18,서울특별시 성동구 성수동1가 656-805,37.54862331,127.0455955,0,1,3,0.16,0.0019075766985860898
3817,335548947,샌드**,,서울 성동구,샌드위치/토스트,뚝섬,20240115,,성수동1가,서울특별시 성동구 왕십리로14길 18,서울특별시 성동구 성수동1가 656-805,37.54862331,127.0455955,0,1,3,0.16,0.0019075766985860898
3818,1676020CB1,터틀***,,서울 성동구,카페,뚝섬,20241021,,성수동1가,서울특별시 성동구 왕십리로14길 23,서울특별시 성동구 성수동1가 7-13,37.54860727,127.0463075,1,1,3,0.32666666666666666,0.0020865207085820816
3819,553B878E02,온*,,서울 성동구,베이커리,뚝섬,20200730,,성수동1가,서울특별시 성동구 왕십리로14길 23,서울특별시 성동구 성수동1가 7-13,37.54860727,127.0463075,1,1,3,0.32666666666666666,0.0020865207085820816
3820,3F53A733C8,쿠키***,,서울 성동구,베이커리,뚝섬,20230104,20250408.0,성수동1가,서울특별시 성동구 왕십리로14길 25,서울특별시 성동구 성수동1가 7-15,37.54853366,127.0465156,1,1,3,0.32666666666666666,0.002187398512337327
3821,9E161EE38E,탐*,,서울 성동구,동남아/인도음식,뚝섬,20240513,,성수동1가,서울특별시 성동구 왕십리로14길 25,서울특별시 성동구 성수동1가 7-15,37.54853366,127.0465156,1,1,3,0.32666666666666666,0.002187398512337327
3822,E86582DC31,맷돌***,,서울 성동구,한식-감자탕,뚝섬,20231208,,성수동1가,서울특별시 성동구 왕십리로14길 28,서울특별시 성동구 성수동1가 656-831,37.54830517,127.0467382,1,1,2,0.29333333333333333,0.0024627824688720286
3823,033F56E9A8,금녕**,,서울 성동구,한식-국밥/설렁탕,왕십리,20200629,,도선동,서울특별시 성동구 왕십리로20길 11,서울특별시 성동구 도선동 82,37.56290727,127.0350619,0,3,6,0.38,0.003004294882074823
3824,C8A02ED0B7,수랏*,,서울 성동구,한식-단품요리일반,왕십리,20200703,,도선동,서울특별시 성동구 왕십리로20길 19,서울특별시 성동구 도선동 72,37.56360592,127.0353017,0,3,5,0.3466666666666667,0.002705750061468988
3825,EBC1ED7CFA,수*,,서울 성동구,한식-단품요리일반,왕십리,20171127,,홍익동,서울특별시 성동구 왕십리로20길 34,서울특별시 성동구 홍익동 136,37.56487314,127.035703,0,3,5,0.3466666666666667,0.00217826190522415
3826,4D95F03916,왕십*******,,서울 성동구,한식-육류/고기,왕십리,20241119,,홍익동,서울특별시 성동구 왕십리로20길 35,서울특별시 성동구 홍익동 147-15,37.56503023,127.0355557,0,3,5,0.3466666666666667,0.0021040019852094066
3827,9DB54B4166,별관*,,서울 성동구,한식-육류/고기,왕십리,20190620,,홍익동,서울특별시 성동구 왕십리로20길 36,서울특별시 성동구 홍익동 138,37.56498178,127.0357663,0,3,5,0.3466666666666667,0.002143701211001876
3828,767F3362ED,다사*,,서울 성동구,호프/맥주,왕십리,20170210,,홍익동,서울특별시 성동구 왕십리로20길 43,서울특별시 성동구 홍익동 123-5,37.56578839,127.0356549,0,1,5,0.22666666666666668,0.0018757291587452505
3829,88324FFE01,자*,,서울 성동구,백반/가정식,왕십리,20180406,,홍익동,서울특별시 성동구 왕십리로20길 43,서울특별시 성동구 홍익동 123-5,37.56578839,127.0356549,0,1,5,0.22666666666666668,0.0018757291587452505
3830,FA849FA315,늘사*,,서울 성동구,백반/가정식,왕십리,20240703,,홍익동,서울특별시 성동구 왕십리로20길 43,서울특별시 성동구 홍익동 123-5,37.56578839,127.0356549,0,1,5,0.22666666666666668,0.0018757291587452505
3831,5322300A3B,바우******,한식-국밥/설렁탕2,서울 성동구,한식-국밥/설렁탕,왕십리,20200827,,행당동,서울특별시 성동구 왕십리로21길 10,서울특별시 성동구 행당동 286-33,37.56160137,127.0331861,0,4,5,0.4066666666666667,0.002399613774584762
3832,5509AAD8EE,왕*,,서울 성동구,농산물,왕십리,20230817,,행당동,서울특별시 성동구 왕십리로21길 11,서울특별시 성동구 행당동 286-43,37.56133484,127.0332206,0,4,5,0.4066666666666667,0.002401963927517619
3833,86DFE48F6F,뚱타*,,서울 성동구,일식당,왕십리,20220516,,행당동,서울특별시 성동구 왕십리로21길 11,서울특별시 성동구 행당동 286-43,37.56133484,127.0332206,0,4,5,0.4066666666666667,0.002401963927517619
3834,ACEF75732F,상하*,,서울 성동구,중식당,왕십리,20180822,,행당동,서울특별시 성동구 왕십리로21길 11,서울특별시 성동구 행당동 286-43,37.56133484,127.0332206,0,4,5,0.4066666666666667,0.002401963927517619
3835,2C11204E23,수산***,,서울 성동구,포장마차,왕십리,20200204,,행당동,서울특별시 성동구 왕십리로21길 11,서울특별시 성동구 행당동 286-43,37.56133484,127.0332206,0,4,5,0.4066666666666667,0.002401963927517619
3836,5AE70815C9,구름****,,서울 성동구,식료품,왕십리,20190515,,행당동,서울특별시 성동구 왕십리로21길 12,서울특별시 성동구 행당동 290-24,37.5613686,127.032988,0,4,5,0.4066666666666667,0.0023378094235341216
3837,CFE95F9727,스컹*,,서울 성동구,치킨,왕십리,20221117,,행당동,서울특별시 성동구 왕십리로21길 17,서울특별시 성동구 행당동 292-41,37.5608985,127.0328497,0,5,5,0.4666666666666667,0.0022755116115867474
3838,E05D8AE16A,쑥이*****,,서울 성동구,분식,왕십리,20221013,,행당동,서울특별시 성동구 왕십리로21길 20,서울특별시 성동구 행당동 298-83,37.56077978,127.0324266,0,4,5,0.4066666666666667,0.0021833602364951634
3839,A65F31C273,아이*******,아이스크림/빙수3,서울 성동구,아이스크림/빙수,왕십리,20220706,,행당동,서울특별시 성동구 왕십리로21길 25,서울특별시 성동구 행당동 298-80,37.56031973,127.0320921,0,3,5,0.3466666666666667,0.002108496023659767
3840,5088093AFC,금계*******,,서울 성동구,한식-단품요리일반,왕십리,20240215,,행당동,서울특별시 성동구 왕십리로21길 25,서울특별시 성동구 행당동 298-80,37.56031973,127.0320921,0,3,5,0.3466666666666667,0.002108496023659767
3841,EB9EB89CB7,에릭*****,,서울 성동구,식료품,왕십리,20241128,20250714.0,행당동,서울특별시 성동구 왕십리로21길 29,서울특별시 성동구 행당동 298-67,37.56012905,127.0318572,0,3,5,0.3466666666666667,0.002076592214099292
3842,3E6DB9DC69,미각*****,,서울 성동구,한식-육류/고기,왕십리,20240418,,행당동,서울특별시 성동구 왕십리로21길 30,서울특별시 성동구 행당동 299-7,37.56034101,127.0316846,0,3,5,0.3466666666666667,0.002065010684055579
3843,AAB23F8C3E,하노*******,동남아/인도음식7,서울 성동구,동남아/인도음식,,20191111,,행당동,서울특별시 성동구 왕십리로21길 50,서울특별시 성동구 행당동 303-3,37.55945545,127.0298696,0,1,5,0.22666666666666668,0.002043437119691658
3844,79DE8BB0B3,민서*,,서울 성동구,식료품,,20220228,,행당동,서울특별시 성동구 왕십리로21길 56,서울특별시 성동구 행당동 325-11,37.55948493,127.0290758,0,1,4,0.19333333333333333,0.0019634653066207615
3845,F95DBF0B74,만식*,,서울 성동구,백반/가정식,왕십리,20161230,,도선동,서울특별시 성동구 왕십리로22길 10,서울특별시 성동구 도선동 89,37.56283977,127.0348029,0,3,5,0.3466666666666667,0.002890377032513292
3846,16B18D234B,동*,,서울 성동구,일반 유흥주점,왕십리,20180209,,도선동,서울특별시 성동구 왕십리로22길 10,서울특별시 성동구 도선동 89,37.56283977,127.0348029,0,3,5,0.3466666666666667,0.002890377032513292
3847,4E56424369,구어*******,,서울 성동구,호프/맥주,왕십리,20240213,,도선동,서울특별시 성동구 왕십리로24길 10,서울특별시 성동구 도선동 158,37.56326387,127.034186,0,4,5,0.4066666666666667,0.0024727076143727074
3848,CCA3577DE7,한방****,,서울 성동구,한식-육류/고기,왕십리,20190423,,도선동,서울특별시 성동구 왕십리로24길 12,서울특별시 성동구 도선동 161,37.56352639,127.0342955,0,4,4,0.3733333333333333,0.002413148741083183
3849,71F3F05C4E,남대******,,서울 성동구,한식-단품요리일반,왕십리,20201125,,도선동,서울특별시 성동구 왕십리로24길 12,서울특별시 성동구 도선동 161,37.56352639,127.0342955,0,4,4,0.3733333333333333,0.002413148741083183
3850,48A60B81B9,돈까***,,서울 성동구,일식-덮밥/돈가스,왕십리,20200811,,도선동,서울특별시 성동구 왕십리로24길 13,서울특별시 성동구 도선동 201-3,37.56364412,127.0340992,0,4,4,0.3733333333333333,0.0023321157275979446
3851,5FEF5885D9,수제*****,,서울 성동구,한식-국밥/설렁탕,왕십리,20230117,,도선동,서울특별시 성동구 왕십리로24길 15,서울특별시 성동구 도선동 200-1,37.56392858,127.0340473,0,4,4,0.3733333333333333,0.002241651840007633
3852,6CF34390D0,호*,,서울 성동구,양식,왕십리,20220920,,도선동,서울특별시 성동구 왕십리로24길 18,서울특별시 성동구 도선동 165-3,37.56400922,127.0343364,0,4,5,0.4066666666666667,0.0022728835667241527
3853,F5A4D98110,샹츠*******,,서울 성동구,중식-훠궈/마라탕,왕십리,20220113,20240808.0,도선동,서울특별시 성동구 왕십리로24길 18,서울특별시 성동구 도선동 165-3,37.56400922,127.0343364,0,4,5,0.4066666666666667,0.0022728835667241527
3854,3147BE76FA,마라****************,,서울 성동구,중식-훠궈/마라탕,왕십리,20240808,,도선동,서울특별시 성동구 왕십리로24길 18,서울특별시 성동구 도선동 165-3,37.56400922,127.0343364,0,4,5,0.4066666666666667,0.0022728835667241527
3855,BFC08ED8B3,대패*******,,서울 성동구,한식-단품요리일반,왕십리,20211105,20240627.0,도선동,서울특별시 성동구 왕십리로24길 18,서울특별시 성동구 도선동 165-3,37.56400922,127.0343364,0,4,5,0.4066666666666667,0.0022728835667241527
3856,98FBEBF96C,만나***,,서울 성동구,분식,왕십리,20190905,,도선동,서울특별시 성동구 왕십리로24길 27,서울특별시 성동구 도선동 167,37.56484185,127.0342861,0,4,5,0.4066666666666667,0.0020306387743281406
3857,EF154AC797,옛날**,치킨24,서울 성동구,치킨,왕십리,20180109,,홍익동,서울특별시 성동구 왕십리로24길 29,서울특별시 성동구 홍익동 274-5,37.56517321,127.0343629,0,3,5,0.3466666666666667,0.0019510164225552263
3858,B7C0ECA3FB,호호**,,서울 성동구,한식-국수/만두,왕십리,20170710,,홍익동,서울특별시 성동구 왕십리로24길 31,서울특별시 성동구 홍익동 274-1,37.56528709,127.0343813,0,2,5,0.2866666666666667,0.001923476535442054
3859,9F05CCB29C,형제**,,서울 성동구,농산물,왕십리,20200513,,홍익동,서울특별시 성동구 왕십리로24길 34,서울특별시 성동구 홍익동 191,37.56550011,127.0346189,0,2,5,0.2866666666666667,0.001885358944182159
3860,759BF53FF1,미래**,,서울 성동구,도너츠,왕십리,20220427,,홍익동,서울특별시 성동구 왕십리로24길 34,서울특별시 성동구 홍익동 191,37.56550011,127.0346189,0,2,5,0.2866666666666667,0.001885358944182159
3861,45B86F632F,브레*******,베이커리5,서울 성동구,베이커리,왕십리,20220722,,홍익동,서울특별시 성동구 왕십리로24길 38,서울특별시 성동구 홍익동 200,37.56573273,127.0346789,0,2,5,0.2866666666666667,0.001831201233175598
3862,2C6E1775F4,장안***,,서울 성동구,한식-육류/고기,왕십리,20170717,,도선동,서울특별시 성동구 왕십리로26길 11,서울특별시 성동구 도선동 310-8,37.56418735,127.0327594,0,3,4,0.31333333333333335,0.0021025628002503635
3863,C6BCB34B2F,상왕******,,서울 성동구,카페,왕십리,20241024,,홍익동,서울특별시 성동구 왕십리로26길 32,서울특별시 성동구 홍익동 265,37.5658408,127.0332797,0,1,4,0.19333333333333333,0.0017588558586861488
3864,6D3DAB1193,한아*,,서울 성동구,농산물,왕십리,20240312,,도선동,서울특별시 성동구 왕십리로28길 12,서울특별시 성동구 도선동 319,37.56469757,127.0318233,0,1,4,0.19333333333333333,0.0021332678265345377
3865,DD3AD6FFFA,더블********,,서울 성동구,호프/맥주,,20200323,,홍익동,서울특별시 성동구 왕십리로28길 30,서울특별시 성동구 홍익동 333,37.56626342,127.0320979,0,1,4,0.19333333333333333,0.001685099131623962
3866,0CF1A5859F,데일***,,서울 성동구,농산물,,20220418,,홍익동,서울특별시 성동구 왕십리로30길 12,서울특별시 성동구 홍익동 373-2,37.56550167,127.0309533,1,1,4,0.36,0.002100405420345778
3867,48E55F5235,피자***,,서울 성동구,피자,,20230830,,하왕십리동,서울특별시 성동구 왕십리로31길 16,서울특별시 성동구 하왕십리동 890-56,37.5634345,127.0273412,0,1,3,0.16,0.0019860155185974994
3868,75E1602760,오저*,,서울 성동구,테마카페,,20230914,,하왕십리동,서울특별시 성동구 왕십리로31길 21,서울특별시 성동구 하왕십리동 890-348,37.56292732,127.0273765,0,1,3,0.16,0.0018820099665522623
3869,02EECADFE6,아이*,,서울 성동구,카페,뚝섬,20240430,,성수동1가,서울특별시 성동구 왕십리로4가길 3,서울특별시 성동구 성수동1가 656-816,37.54554039,127.0460001,0,2,2,0.18666666666666665,0.0023163912369270016
3870,BA6E1B1FB4,진도*****,,서울 성동구,이자카야,뚝섬,20240214,,성수동1가,서울특별시 성동구 왕십리로4가길 3,서울특별시 성동구 성수동1가 656-816,37.54554039,127.0460001,0,2,2,0.18666666666666665,0.0023163912369270016
3871,71E8C02B1A,한양****,,서울 성동구,떡/한과 제조,뚝섬,20240123,,성수동1가,서울특별시 성동구 왕십리로4가길 3,서울특별시 성동구 성수동1가 656-816,37.54554039,127.0460001,0,2,2,0.18666666666666665,0.0023163912369270016
3872,000F03E44A,육육**,,서울 성동구,중식-딤섬/중식만두,뚝섬,20220225,,성수동1가,서울특별시 성동구 왕십리로4가길 9,서울특별시 성동구 성수동1가 656-819,37.54543735,127.0463601,0,2,2,0.18666666666666665,0.002316667777560867
3873,81C9699D0D,은준***,,서울 성동구,동남아/인도음식,뚝섬,20200319,,성수동1가,서울특별시 성동구 왕십리로5길 9-2,서울특별시 성동구 성수동1가 668-31,37.54686044,127.0441106,0,2,2,0.18666666666666665,0.0018546475572316396
3874,7A193CFDAB,간빠*****,,서울 성동구,이자카야,뚝섬,20240517,,성수동1가,서울특별시 성동구 왕십리로6길 4-5,서울특별시 성동구 성수동1가 660-2,37.54601315,127.0452871,0,2,2,0.18666666666666665,0.002212838882445654
3875,E9CAEBD784,남원***,한식-해물/생선2,서울 성동구,한식-해물/생선,답십리,20180514,20231127.0,용답동,서울특별시 성동구 용답중앙11길 13,서울특별시 성동구 용답동 96-8,37.56615762,127.0519213,1,2,4,0.41999999999999993,0.0032189404873344783
3876,7D3670AAC1,남원***,한식-해물/생선2,서울 성동구,한식-해물/생선,답십리,20231127,,용답동,서울특별시 성동구 용답중앙11길 13,서울특별시 성동구 용답동 96-8,37.56615762,127.0519213,1,2,4,0.41999999999999993,0.0032189404873344783
3877,41865131B6,배떡*****,,서울 성동구,분식,답십리,20230504,,용답동,서울특별시 성동구 용답중앙13길 14,서울특별시 성동구 용답동 66-5,37.56527602,127.0530751,1,2,3,0.3866666666666666,0.0023238768168214593
3878,848399AA13,대도****,,서울 성동구,한식-육류/고기,답십리,20230821,,용답동,서울특별시 성동구 용답중앙13길 15,서울특별시 성동구 용답동 70-10,37.56554136,127.053078,1,2,3,0.3866666666666666,0.0025473482897884155
3879,6780FF33B7,행복*********,,서울 성동구,한식-육류/고기,답십리,20240828,,용답동,서울특별시 성동구 용답중앙15길 10,서울특별시 성동구 용답동 14-8,37.56423044,127.0536214,0,2,2,0.18666666666666665,0.001875096563940483
3880,003AC99735,메가************,커피전문점2,서울 성동구,커피전문점,답십리,20191017,,용답동,서울특별시 성동구 용답중앙15길 12,서울특별시 성동구 용답동 14-4,37.56438101,127.0537821,0,2,2,0.18666666666666665,0.0018701304908992854
3881,ABB4516DD1,치커*****,,서울 성동구,축산물,답십리,20230127,,용답동,서울특별시 성동구 용답중앙15길 14,서울특별시 성동구 용답동 4-13,37.56459345,127.0540197,0,2,2,0.18666666666666665,0.0018645019339152513
3882,9734D7A3A7,다우*************,,서울 성동구,한식뷔페,답십리,20190904,,용답동,서울특별시 성동구 용답중앙15길 14,서울특별시 성동구 용답동 4-13,37.56459345,127.0540197,0,2,2,0.18666666666666665,0.0018645019339152513
3883,2B355A80CB,치커****,,서울 성동구,한식-육류/고기,답십리,20220525,,용답동,서울특별시 성동구 용답중앙15길 14,서울특별시 성동구 용답동 4-13,37.56459345,127.0540197,0,2,2,0.18666666666666665,0.0018645019339152513
3884,B215092E54,사보******,,서울 성동구,분식,답십리,20231128,,용답동,서울특별시 성동구 용답중앙15길 15,서울특별시 성동구 용답동 61-6,37.56479883,127.0539246,0,2,2,0.18666666666666665,0.0019301470221427535
3885,86B7149C4A,혁이*,,서울 성동구,분식,답십리,20230804,,용답동,서울특별시 성동구 용답중앙15길 16,서울특별시 성동구 용답동 4-12,37.56469367,127.0541442,0,2,2,0.18666666666666665,0.0018594061824940742
3886,A248404D2E,하마*,,서울 성동구,이자카야,답십리,20200629,,용답동,서울특별시 성동구 용답중앙15길 17,서울특별시 성동구 용답동 61-2,37.56500875,127.0541557,0,2,2,0.18666666666666665,0.001931289564313979
3887,0D2FB82EB4,원할**********,한식-육류/고기19,서울 성동구,한식-육류/고기,답십리,20180109,,용답동,서울특별시 성동구 용답중앙15길 17,서울특별시 성동구 용답동 61-2,37.56500875,127.0541557,0,2,2,0.18666666666666665,0.001931289564313979
3888,86129404BB,빽다********,커피전문점4,서울 성동구,커피전문점,답십리,20210324,,용답동,서울특별시 성동구 용답중앙15길 18,서울특별시 성동구 용답동 4-11,37.56479147,127.0542528,0,2,2,0.18666666666666665,0.0018564387131129226
3889,6C3AFD20C1,노워***************,,서울 성동구,카페,답십리,20231222,,용답동,서울특별시 성동구 용답중앙길 45-2,서울특별시 성동구 용답동 83-8,37.5649807,127.0514004,0,2,4,0.2533333333333333,0.002165805520867524
3890,19D3456A64,타*,,서울 성동구,일식당,답십리,20170511,,용답동,서울특별시 성동구 용답중앙길 47-1,서울특별시 성동구 용답동 83-3,37.56484698,127.0516246,0,2,4,0.2533333333333333,0.0021528155920390053
3891,1395C1AB53,타*,,서울 성동구,이자카야,답십리,20240828,,용답동,서울특별시 성동구 용답중앙길 47-1,서울특별시 성동구 용답동 83-3,37.56484698,127.0516246,0,2,4,0.2533333333333333,0.0021528155920390053
3892,40555676A3,한우**,,서울 성동구,한식-육류/고기,답십리,20240327,,용답동,서울특별시 성동구 용답중앙길 57-1,서울특별시 성동구 용답동 56-11,37.56432554,127.0523233,0,2,2,0.18666666666666665,0.002062031300849817
3893,A3550D0BEC,5오***,,서울 성동구,일식-덮밥/돈가스,답십리,20240502,,용답동,서울특별시 성동구 용답중앙길 57-1,서울특별시 성동구 용답동 56-11,37.56432554,127.0523233,0,2,2,0.18666666666666665,0.002062031300849817
3894,68F1BBE833,수동*,,서울 성동구,중식당,답십리,20200108,,용답동,서울특별시 성동구 용답중앙길 87-1,서울특별시 성동구 용답동 19-3,37.56246621,127.0547853,0,1,2,0.12666666666666665,0.0015504357265297584
3895,79EBBF0E89,그늘*,,서울 성동구,카페,,20220302,,용답동,서울특별시 성동구 자동차시장길 42,서울특별시 성동구 용답동 182-11,37.55981017,127.0557286,0,1,1,0.09333333333333332,0.0012249439838324255
3896,BB0E64E609,그린****************,,서울 성동구,한식뷔페,,20230918,,용답동,서울특별시 성동구 자동차시장길 49,서울특별시 성동구 용답동 250-14,37.55861209,127.0578226,0,0,2,0.06666666666666667,0.0010555663801522462
3897,064F68DA7E,엄마**,,서울 성동구,백반/가정식,옥수,20221118,,옥수동,서울특별시 성동구 한림말3길 15-12,서울특별시 성동구 옥수동 294-1,37.54229968,127.0155322,1,2,3,0.3866666666666666,0.0024390919464652235
3898,EA1657CCD1,심플********,,서울 성동구,백반/가정식,옥수,20240119,,옥수동,서울특별시 성동구 한림말3길 15-16,서울특별시 성동구 옥수동 293,37.54227718,127.0153733,1,2,3,0.3866666666666666,0.002346761692200451
3899,093D848452,치카***,,서울 성동구,일식-우동/소바/라면,옥수,20231221,,옥수동,서울특별시 성동구 한림말3길 15-16,서울특별시 성동구 옥수동 293,37.54227718,127.0153733,1,2,3,0.3866666666666666,0.002346761692200451
3900,C1A729DDD7,에이******,,서울 성동구,요리주점,왕십리,20191017,,행당동,서울특별시 성동구 행당로17길 1-45,서울특별시 성동구 행당동 317-190,37.55873412,127.0332082,0,3,5,0.3466666666666667,0.002052931721091638
3901,EA734570C0,꽁당*****,백반/가정식5,서울 성동구,백반/가정식,왕십리,20190522,,행당동,서울특별시 성동구 행당로17길 13-1,서울특별시 성동구 행당동 309-64,37.55946528,127.0332079,0,3,5,0.3466666666666667,0.002166312396320114
3902,DB1E0B5C1E,술에*****,,서울 성동구,호프/맥주,왕십리,20180404,,행당동,서울특별시 성동구 행당로17길 19-1,서울특별시 성동구 행당동 298-40,37.56007331,127.0330492,0,3,5,0.3466666666666667,0.0022304923951688765
3903,5960275B4D,오빠********,,서울 성동구,이자카야,왕십리,20240308,,행당동,서울특별시 성동구 행당로17길 19-2,서울특별시 성동구 행당동 298-74,37.56015126,127.0330286,0,3,5,0.3466666666666667,0.002236737775471043
3904,28718E3BF1,행당**,,서울 성동구,호프/맥주,왕십리,20161201,,행당동,서울특별시 성동구 행당로17길 22-1,서울특별시 성동구 행당동 292-6,37.56028185,127.0332115,0,4,5,0.4066666666666667,0.0022923018526733686
3905,D02B6565D1,마왕**,한식-단품요리일반4,서울 성동구,한식-단품요리일반,왕십리,20180604,,행당동,서울특별시 성동구 행당로17길 23-1,서울특별시 성동구 행당동 298-51,37.56043368,127.03284,0,3,5,0.3466666666666667,0.0022322507110779954
3906,1F4203EA83,카페**,,서울 성동구,카페,,20210324,,금호동1가,서울특별시 성동구 행당로1길 21-10,서울특별시 성동구 금호동1가 132-13,37.55751642,127.0243559,0,2,2,0.18666666666666665,0.0014866037268666814
3907,4207B38494,인생**,,서울 성동구,백반/가정식,행당,20190522,,행당동,서울특별시 성동구 행당로8길 15-13,서울특별시 성동구 행당동 322-79,37.55758504,127.0313515,1,1,5,0.3933333333333333,0.002301233590304813
3908,3C57E8E398,온다***,,서울 성동구,축산물,,20231101,,마장동,서울특별시 성동구 마장로37길 40,서울특별시 성동구 마장동 766-8,37.56899598,127.0410507,0,2,3,0.22,0.001746616710582248
3909,E427B5E29F,뜨아******,,서울 성동구,커피전문점,왕십리,20210322,,행당동,서울특별시 성동구 고산자로12길 1-1,서울특별시 성동구 행당동 264,37.56030907,127.0350484,1,3,5,0.5133333333333334,0.0030452232121579393
3910,155590DFC1,그린**,,서울 성동구,축산물,,20231218,,마장동,서울특별시 성동구 고산자로18길 5-1,서울특별시 성동구 마장동 514-4,37.56722539,127.0376777,0,1,5,0.22666666666666668,0.0016384589744474647
3911,A7429A4A77,현대**,,서울 성동구,축산물,마장동,20190910,,마장동,서울특별시 성동구 고산자로24길 4-1,서울특별시 성동구 마장동 521-13,37.56995216,127.0379706,0,1,3,0.16,0.0014728750280176058
3912,5F0AAEF5DF,치킨***,치킨32,서울 성동구,치킨,,20200902,,응봉동,서울특별시 성동구 고산자로2길 10-4,서울특별시 성동구 응봉동 228-15,37.55207829,127.0361917,0,1,2,0.12666666666666665,0.0016029053363589552
3913,9C5E0BDC5F,봉앗*,,서울 성동구,농산물,,20210531,,응봉동,서울특별시 성동구 고산자로2길 10-5,서울특별시 성동구 응봉동 228-17,37.55221314,127.0362886,0,1,2,0.12666666666666665,0.0015734838730306656
3914,30BB73F860,비에***********,치킨3,서울 성동구,치킨,,20230809,,응봉동,서울특별시 성동구 고산자로2길 10-7,서울특별시 성동구 응봉동 228-55,37.55213192,127.036414,0,1,2,0.12666666666666665,0.001571987416792994
3915,3F995F0EF7,얼음********,,서울 성동구,식료품,,20230605,,행당동,서울특별시 성동구 고산자로6가길 21,서울특별시 성동구 행당동 117-47,37.55743171,127.0357441,0,1,5,0.22666666666666668,0.0018551213782336136
3916,EA3F4A792D,닥엔*******,치킨12,서울 성동구,치킨,,20210311,,행당동,서울특별시 성동구 고산자로6길 31-1,서울특별시 성동구 행당동 319-29,37.558057,127.0348303,0,3,4,0.31333333333333335,0.001966326259684347
3917,40AA7DDA7E,또야*,,서울 성동구,백반/가정식,왕십리,20210409,20250811.0,행당동,서울특별시 성동구 고산자로6길 31-2,서울특별시 성동구 행당동 319-28,37.5581652,127.0348559,0,3,4,0.31333333333333335,0.0019962238817035063
3918,F8A788D183,본지*****,,서울 성동구,카페,성수,20240118,,성수동2가,서울특별시 성동구 광나루로4가길 13,서울특별시 성동구 성수동2가 299-21,37.54934873,127.0546578,0,0,2,0.06666666666666667,0.0011529804009426498
3919,7D42A19B65,본지*****,,서울 성동구,베이커리,성수,20231019,,성수동2가,서울특별시 성동구 광나루로4가길 13,서울특별시 성동구 성수동2가 299-21,37.54934873,127.0546578,0,0,2,0.06666666666666667,0.0011529804009426498
3920,10BF2110CC,올드*********,,서울 성동구,커피전문점,성수,20240805,,성수동2가,서울특별시 성동구 광나루로4길 1-10,서울특별시 성동구 성수동2가 299-60,37.54967651,127.0544656,0,0,2,0.06666666666666667,0.0011366262374496853
3921,FA4EC253FD,우오*******,,서울 성동구,양식,성수,20210428,,성수동2가,서울특별시 성동구 광나루로4길 1-16,서울특별시 성동구 성수동2가 299-59,37.54957582,127.054587,0,0,2,0.06666666666666667,0.0011384215798379456
3922,8A9ADB6743,우오*****,,서울 성동구,양식,성수,20240610,,성수동2가,서울특별시 성동구 광나루로4길 1-16,서울특별시 성동구 성수동2가 299-59,37.54957582,127.054587,0,0,2,0.06666666666666667,0.0011384215798379456
3923,9A56B5D116,미*,,서울 성동구,백반/가정식,금남시장,20240709,,금호동3가,서울특별시 성동구 독서당로 301-101,서울특별시 성동구 금호동3가 344-1,37.54879744,127.0226356,0,0,2,0.06666666666666667,0.0012363190918072832
3924,31F9AECFCC,메밀*******,,서울 성동구,한식-국수/만두,금남시장,20201208,,금호동4가,서울특별시 성동구 독서당로48길 8-1,서울특별시 성동구 금호동4가 677-1,37.54761344,127.0221536,0,0,3,0.1,0.0012784337940442863
3925,C058744372,벧엘****,,서울 성동구,식료품,,20200526,,응봉동,서울특별시 성동구 독서당로59다길 8,서울특별시 성동구 응봉동 265-173,37.55275553,127.0313019,0,1,2,0.12666666666666665,0.0014137654429464603
3926,F0CC0C4D8F,성동*******,,서울 성동구,농산물,,20180406,,응봉동,서울특별시 성동구 독서당로60길 6-1,서울특별시 성동구 응봉동 193-192,37.54938777,127.0309994,0,1,1,0.09333333333333332,0.0013354729419737617
3927,4FF5BC13EF,대박**,,서울 성동구,백반/가정식,마장동,20180315,,마장동,서울특별시 성동구 마장로33길 37-13,서울특별시 성동구 마장동 511-37,37.56935179,127.0386258,0,0,3,0.1,0.0015225751369779294
3928,5C58B2EF46,일우**,,서울 성동구,식료품,,20211202,,마장동,서울특별시 성동구 마장로35길 112-1,서울특별시 성동구 마장동 767-55,37.56845977,127.0453071,0,2,3,0.22,0.00232021494254571
3929,B2FEC8DC0B,한나*******,,서울 성동구,축산물,,20220225,,마장동,서울특별시 성동구 마장로35길 112-4,서울특별시 성동구 마장동 767-17,37.56853335,127.0451763,0,2,3,0.22,0.002318850645474888
3930,9A9106F100,수민**,,서울 성동구,축산물,마장동,20230515,,마장동,서울특별시 성동구 마장로35나길 3-7,서울특별시 성동구 마장동 481-39,37.56897651,127.0397665,0,1,3,0.16,0.001631413662440001
3931,E24BAE6F44,하경**,,서울 성동구,축산물,마장동,20211216,,마장동,서울특별시 성동구 마장로35다길 4-9,서울특별시 성동구 마장동 481-18,37.56932348,127.0400377,0,1,3,0.16,0.0016270889092876509
3932,809BEAA13A,럭럭**,,서울 성동구,카페,성수,20220616,,성수동2가,서울특별시 성동구 성덕정17길 4,서울특별시 성동구 성수동2가 566-35,37.53756008,127.0553745,0,0,1,0.03333333333333333,0.0009089853581694691
3933,A806AFD650,월스*******,,서울 성동구,베이커리,성수,20240521,,성수동2가,서울특별시 성동구 성수이로12길 8-1,서울특별시 성동구 성수동2가 328-22,37.53976851,127.0561604,0,0,1,0.03333333333333333,0.0010584329607147465
3934,5B0E07A8BA,성수******************,,서울 성동구,카페,성수,20230912,,성수동2가,서울특별시 성동구 성수이로3길 10-1,서울특별시 성동구 성수동2가 517-6,37.53668381,127.0531387,0,0,0,0.0,0.0008487272365306124
3935,15CFCB9040,옹근*,,서울 성동구,카페,성수,20200326,,성수동2가,서울특별시 성동구 성수이로7길 41-1,서울특별시 성동구 성수동2가 333-52,37.54273219,127.0529936,0,1,3,0.16,0.0014175227281619063
3936,260F71BF9B,올드**,,서울 성동구,기타세계요리,성수,20240206,20250722.0,성수동2가,서울특별시 성동구 성수일로10가길 4,서울특별시 성동구 성수동2가 284-44,37.54799827,127.0519631,0,1,2,0.12666666666666665,0.0014262526615867093
3937,DF5E6C949C,소바*,,서울 성동구,한식-해물/생선,뚝섬,20170320,,성수동1가,서울특별시 성동구 성수일로11길 6-1,서울특별시 성동구 성수동1가 13-198,37.54898898,127.0507773,0,1,2,0.12666666666666665,0.0014506979128837895
3938,FCC34C30CB,아도*******,,서울 성동구,양식,,20240423,,성수동1가,서울특별시 성동구 성수일로3길 4-13,서울특별시 성동구 성수동1가 656-80,37.54242006,127.0482288,0,1,3,0.16,0.0015102883200175561
3939,36CF6C8B70,핀*,,서울 성동구,베이커리,,20220623,,성수동1가,서울특별시 성동구 성수일로3길 4-13,서울특별시 성동구 성수동1가 656-80,37.54242006,127.0482288,0,1,3,0.16,0.0015102883200175561
3940,BBD2264CC9,바*,,서울 성동구,요리주점,,20211220,,성수동1가,서울특별시 성동구 성수일로3길 5-12,서울특별시 성동구 성수동1가 656-117,37.5419311,127.0479733,0,1,3,0.16,0.0014477275655137062
3941,F0EEF6ECD0,퍼멘******,,서울 성동구,요리주점,,20220427,,성수동1가,서울특별시 성동구 성수일로3길 5-12,서울특별시 성동구 성수동1가 656-117,37.5419311,127.0479733,0,1,3,0.16,0.0014477275655137062
3942,5BE0890F4A,더블*********,,서울 성동구,카페,성수,20221109,,성수동2가,서울특별시 성동구 성수일로4가길 10,서울특별시 성동구 성수동2가 321-29,37.54167295,127.0546334,0,1,1,0.09333333333333332,0.0013196572220962267
3943,E72B5A0A41,이트****,,서울 성동구,카페,성수,20220823,,성수동2가,서울특별시 성동구 성수일로8길 39-1,서울특별시 성동구 성수동2가 289-224,37.54575646,127.0550166,1,1,2,0.29333333333333333,0.0020645758972251812
3944,1BE8E3CE79,무근*,,서울 성동구,일반 유흥주점,성수,20210708,,성수동2가,서울특별시 성동구 성수일로8길 40-1,서울특별시 성동구 성수동2가 300-7,37.54541423,127.0547058,1,1,2,0.29333333333333333,0.0021720958019364523
3945,EBE76155D3,플로*********,,서울 성동구,카페,뚝섬,20230224,,성수동1가,서울특별시 성동구 아차산로1가길 10,서울특별시 성동구 성수동1가 656-544,37.54854371,127.0466297,1,1,3,0.32666666666666666,0.002207558792692785
3946,43B89D891C,아워**,,서울 성동구,카페,뚝섬,20231023,,성수동1가,서울특별시 성동구 아차산로1가길 11,서울특별시 성동구 성수동1가 656-974,37.5485411,127.0468368,1,1,3,0.32666666666666666,0.0022531188804973015
3947,8453597178,피자*,,서울 성동구,피자,뚝섬,20221110,,성수동1가,서울특별시 성동구 아차산로1길 11-1,서울특별시 성동구 성수동1가 656-800,37.54915284,127.0458022,0,1,3,0.16,0.001767567019630583
3948,656E1E70AF,귀농**,,서울 성동구,식료품,성수,20230105,,성수동2가,서울특별시 성동구 아차산로7가길 21,서울특별시 성동구 성수동2가 289-240,37.54650155,127.055095,0,1,2,0.12666666666666665,0.0016586626001990964
3949,75C9AC2BFE,모*,,서울 성동구,일반 유흥주점,성수,20230407,,성수동2가,서울특별시 성동구 아차산로7길 14-1,서울특별시 성동구 성수동2가 289-243,37.54643791,127.0547724,0,1,2,0.12666666666666665,0.0016586442352633593
3950,E02749FC67,삼*,,서울 성동구,카페,성수,20230113,,성수동2가,서울특별시 성동구 아차산로7길 17-1,서울특별시 성동구 성수동2가 289-272,37.54672862,127.0546646,0,1,2,0.12666666666666665,0.0015575292109118442
3951,C4B01C15B0,착한**,,서울 성동구,중식당,성수,20220729,,성수동2가,서울특별시 성동구 아차산로7길 17-1,서울특별시 성동구 성수동2가 289-272,37.54672862,127.0546646,0,1,2,0.12666666666666665,0.0015575292109118442
3952,6B7B1EE6FA,온유*****,,서울 성동구,카페,성수,20220203,,성수동2가,서울특별시 성동구 아차산로7길 42-1,서울특별시 성동구 성수동2가 289-204,37.54878863,127.0559104,0,1,2,0.12666666666666665,0.0011466352853095377
3953,252CF56BC1,피자*****,피자9,서울 성동구,피자,성수,20220920,,성수동2가,서울특별시 성동구 아차산로7나길 18,서울특별시 성동구 성수동2가 289-5,37.54770173,127.0574603,0,1,1,0.09333333333333332,0.0012184351693477053
3954,0239C4D2D3,밥플***********,,서울 성동구,백반/가정식,성수,20190927,,성수동2가,서울특별시 성동구 아차산로7나길 18,서울특별시 성동구 성수동2가 289-5,37.54770173,127.0574603,0,1,1,0.09333333333333332,0.0012184351693477053
3955,E823EBBA3A,개성**,,서울 성동구,한식-단품요리일반,성수,20181218,,성수동2가,서울특별시 성동구 아차산로7나길 18,서울특별시 성동구 성수동2가 289-5,37.54770173,127.0574603,0,1,1,0.09333333333333332,0.0012184351693477053
3956,57DEE6D415,오씨******************************,,서울 성동구,카페,성수,20220719,,성수동2가,서울특별시 성동구 아차산로9길 30-9,서울특별시 성동구 성수동2가 278-8,37.54656269,127.0592829,0,1,1,0.09333333333333332,0.0012285374098514406
3957,D21FE6A7B4,브루******,,서울 성동구,카페,성수,20190731,,성수동2가,서울특별시 성동구 연무장5가길 22-1,서울특별시 성동구 성수동2가 315-27,37.54327271,127.0551397,1,1,1,0.26,0.0019825977550346576
3958,696BDA4E25,제이***,,서울 성동구,식료품,왕십리,20240228,,행당동,서울특별시 성동구 왕십리로 지하300,서울특별시 성동구 행당동 192,37.56122174,127.0366554,3,3,6,0.8799999999999999,0.011600366522998047
3959,605655C22D,어묵**********,,서울 성동구,한식-단품요리일반,왕십리,20231208,,행당동,서울특별시 성동구 왕십리로 지하300,서울특별시 성동구 행당동 192,37.56122174,127.0366554,3,3,6,0.8799999999999999,0.011600366522998047
3960,97F4462B0F,간다****,,서울 성동구,한식-단품요리일반,뚝섬,20240510,,성수동1가,서울특별시 성동구 왕십리로10길 5-1,서울특별시 성동구 성수동1가 656-1037,37.54703447,127.0454126,1,2,2,0.3533333333333333,0.0022854351211698985
3961,3B4CB64E6A,세븐******************************,,서울 성동구,햄버거,뚝섬,20231120,,성수동1가,서울특별시 성동구 왕십리로10길 5-6,서울특별시 성동구 성수동1가 656-1036,37.54714033,127.0454445,1,2,2,0.3533333333333333,0.002296250073508486
3962,4ECBDBFE0C,브샤*****,,서울 성동구,일식-샤브샤브,뚝섬,20241211,,성수동1가,서울특별시 성동구 왕십리로10길 5-9,서울특별시 성동구 성수동1가 656-1042,37.54721906,127.0452369,1,2,2,0.3533333333333333,0.0021778059361756306
3963,06283FED4E,어린*,,서울 성동구,요리주점,뚝섬,20231212,,성수동1가,서울특별시 성동구 왕십리로10길 9-9,서울특별시 성동구 성수동1가 656-405,37.54709503,127.0456045,1,2,2,0.3533333333333333,0.0024015851564765747
3964,37BCC1D215,제*,,서울 성동구,백반/가정식,뚝섬,20170810,,성수동1가,서울특별시 성동구 왕십리로10길 9-9,서울특별시 성동구 성수동1가 656-405,37.54709503,127.0456045,1,2,2,0.3533333333333333,0.0024015851564765747
3965,77E55DE284,려기****,,서울 성동구,중식당,왕십리,20231030,,행당동,서울특별시 성동구 왕십리로21가길 1,서울특별시 성동구 행당동 292-32,37.56105242,127.0330712,0,4,5,0.4066666666666667,0.0023418457996908877
3966,DF938C1210,별*,,서울 성동구,중식당,왕십리,20240730,,행당동,서울특별시 성동구 왕십리로21가길 3,서울특별시 성동구 행당동 292-26,37.56099212,127.0331453,0,3,5,0.3466666666666667,0.0023573524984859305
3967,10D9319CCB,더블*,,서울 성동구,카페,왕십리,20240201,,행당동,서울특별시 성동구 왕십리로21나길 5,서울특별시 성동구 행당동 298-9,37.56035346,127.0323227,0,3,5,0.3466666666666667,0.0021401557968364743
3968,1FE0562759,꼬팡**************,,서울 성동구,베이커리,왕십리,20230414,,행당동,서울특별시 성동구 왕십리로21나길 9,서울특별시 성동구 행당동 298-73,37.56007133,127.032418,0,3,5,0.3466666666666667,0.0021342262417529084
3969,A1A28A186C,시크***,,서울 성동구,일반 유흥주점,왕십리,20231123,,도선동,서울특별시 성동구 왕십리로24길 1-1,서울특별시 성동구 도선동 253-10,37.56286158,127.0335588,0,4,5,0.4066666666666667,0.0024040803940041434
3970,F744DF2779,왕십*****,,서울 성동구,한식-해물/생선,왕십리,20171110,,도선동,서울특별시 성동구 왕십리로24길 7-1,서울특별시 성동구 도선동 208,37.56322728,127.0339126,0,4,5,0.4066666666666667,0.0024112289270804645
3971,A42F386CE4,동네**,,서울 성동구,포장마차,왕십리,20181212,,도선동,서울특별시 성동구 왕십리로24길 7-2,서울특별시 성동구 도선동 207,37.56328185,127.0340093,0,4,5,0.4066666666666667,0.0024202189401112233
3972,C1D8EF8820,키친***,,서울 성동구,이자카야,왕십리,20210126,,도선동,서울특별시 성동구 왕십리로24나길 4,서울특별시 성동구 도선동 165-2,37.56399946,127.0344463,0,4,5,0.4066666666666667,0.0022977024100469725
3973,B6B2A9463B,숙성**,,서울 성동구,일식당,왕십리,20240701,,도선동,서울특별시 성동구 왕십리로24나길 8,서울특별시 성동구 도선동 107,37.56398308,127.0346702,0,4,5,0.4066666666666667,0.0023510421025166725
3974,2E13DF4A8E,일품*****,한식-국밥/설렁탕10,서울 성동구,한식-국밥/설렁탕,왕십리,20171016,,도선동,서울특별시 성동구 왕십리로24나길 8,서울특별시 성동구 도선동 107,37.56398308,127.0346702,0,4,5,0.4066666666666667,0.0023510421025166725
3975,89D9C04122,카츠***,,서울 성동구,일식당,왕십리,20240729,,도선동,서울특별시 성동구 왕십리로26길 7-2,서울특별시 성동구 도선동 311-32,37.5638976,127.03272,0,3,5,0.3466666666666667,0.002148418131645799
3976,D6BA8B518B,보리**,,서울 성동구,백반/가정식,왕십리,20230314,,도선동,서울특별시 성동구 왕십리로30길 2-1,서울특별시 성동구 도선동 343-11,37.56462851,127.0309617,1,1,4,0.36,0.0025191882268402197
3977,CF851F9D05,멘야******,,서울 성동구,한식-단품요리일반,뚝섬,20191030,,성수동1가,서울특별시 성동구 왕십리로4길 10-1,서울특별시 성동구 성수동1가 656-639,37.5456636,127.0458849,0,2,2,0.18666666666666665,0.002315136154879394
3978,CFA4B1B1C8,밤토*,,서울 성동구,요리주점,뚝섬,20230308,,성수동1가,서울특별시 성동구 왕십리로4길 10-9,서울특별시 성동구 성수동1가 656-625,37.54570079,127.0461546,1,2,2,0.3533333333333333,0.0023554313435723536
3979,AE73D0174A,유메**,,서울 성동구,일식당,뚝섬,20180402,,성수동1가,서울특별시 성동구 왕십리로4길 13-1,서울특별시 성동구 성수동1가 656-1839,37.54608644,127.0458751,1,2,2,0.3533333333333333,0.002384737725482607
3980,E42018568E,춘배**,,서울 성동구,햄버거,뚝섬,20221021,,성수동1가,서울특별시 성동구 왕십리로4길 13-1,서울특별시 성동구 성수동1가 656-1839,37.54608644,127.0458751,1,2,2,0.3533333333333333,0.002384737725482607
3981,4888E1AE6C,다*,,서울 성동구,요리주점,뚝섬,20240509,,성수동1가,서울특별시 성동구 왕십리로4길 13-1,서울특별시 성동구 성수동1가 656-1839,37.54608644,127.0458751,1,2,2,0.3533333333333333,0.002384737725482607
3982,4A98122A06,신*,,서울 성동구,요리주점,뚝섬,20241203,,성수동1가,서울특별시 성동구 왕십리로4길 13-1,서울특별시 성동구 성수동1가 656-1839,37.54608644,127.0458751,1,2,2,0.3533333333333333,0.002384737725482607
3983,98C7FA4198,성수*,,서울 성동구,백반/가정식,뚝섬,20230621,,성수동1가,서울특별시 성동구 왕십리로4길 13-1,서울특별시 성동구 성수동1가 656-1839,37.54608644,127.0458751,1,2,2,0.3533333333333333,0.002384737725482607
3984,60ABA7FA01,또보******,,서울 성동구,분식,뚝섬,20230626,,성수동1가,서울특별시 성동구 왕십리로4길 19-1,서울특별시 성동구 성수동1가 656-1056,37.54658809,127.0461751,1,2,2,0.3533333333333333,0.0027680031263163283
3985,0C290BC270,이태*****,,서울 성동구,민속주점,뚝섬,20241002,,성수동1가,서울특별시 성동구 왕십리로4길 19-1,서울특별시 성동구 성수동1가 656-1056,37.54658809,127.0461751,1,2,2,0.3533333333333333,0.0027680031263163283
3986,F99B9D223F,성수**,,서울 성동구,백반/가정식,뚝섬,20231220,,성수동1가,서울특별시 성동구 왕십리로4길 22-1,서울특별시 성동구 성수동1가 656-676,37.54670358,127.0464573,1,2,2,0.3533333333333333,0.0031965692634177275
3987,E17006A999,홍화*,,서울 성동구,한식-육류/고기,뚝섬,20200210,,성수동1가,서울특별시 성동구 왕십리로4길 23-1,서울특별시 성동구 성수동1가 656-309,37.54696869,127.0463566,1,2,2,0.3533333333333333,0.0032610984955460344
3988,9FA86D6876,면화****,,서울 성동구,한식-국수/만두,뚝섬,20230518,,성수동1가,서울특별시 성동구 왕십리로4길 24-3,서울특별시 성동구 성수동1가 8-37,37.54686689,127.0465457,1,2,2,0.3533333333333333,0.003572529473541143
3989,96728A7226,비도*******,,서울 성동구,카페,뚝섬,20230216,,성수동1가,서울특별시 성동구 왕십리로4길 24-7,서울특별시 성동구 성수동1가 8-36,37.5468373,127.0466489,1,2,2,0.3533333333333333,0.003780737744117993
3990,02886FCA36,현 ****,,서울 성동구,이자카야,뚝섬,20221220,,성수동1가,서울특별시 성동구 왕십리로4길 24-7,서울특별시 성동구 성수동1가 8-36,37.5468373,127.0466489,1,2,2,0.3533333333333333,0.003780737744117993
3991,B0C882072B,제이****,,서울 성동구,호프/맥주,뚝섬,20181221,,성수동1가,서울특별시 성동구 왕십리로4길 24-8,서울특별시 성동구 성수동1가 8-38,37.54674082,127.0465981,1,2,2,0.3533333333333333,0.003489745693030723
3992,6FCAE1B526,아카*****,,서울 성동구,와인바,뚝섬,20221013,,성수동1가,서울특별시 성동구 왕십리로4길 26-7,서울특별시 성동구 성수동1가 8-21,37.54702594,127.0467176,1,2,2,0.3533333333333333,0.004381147971376576
3993,B2FF6DD7D1,카타***,,서울 성동구,일반 유흥주점,뚝섬,20230707,,성수동1가,서울특별시 성동구 왕십리로4길 26-7,서울특별시 성동구 성수동1가 8-21,37.54702594,127.0467176,1,2,2,0.3533333333333333,0.004381147971376576
3994,6385DDECF1,넘버***,,서울 성동구,양식,뚝섬,20200218,,성수동1가,서울특별시 성동구 왕십리로4길 28-2,서울특별시 성동구 성수동1가 8-16,37.5471178,127.0466111,1,2,2,0.3533333333333333,0.004030930705847964
3995,F79C44E620,양복*,,서울 성동구,꼬치구이,뚝섬,20200701,,성수동1가,서울특별시 성동구 왕십리로4길 28-2,서울특별시 성동구 성수동1가 8-16,37.5471178,127.0466111,1,2,2,0.3533333333333333,0.004030930705847964
3996,02FE4FD151,로우*****,,서울 성동구,커피전문점,뚝섬,20180814,,성수동1가,서울특별시 성동구 왕십리로4길 28-2,서울특별시 성동구 성수동1가 8-16,37.5471178,127.0466111,1,2,2,0.3533333333333333,0.004030930705847964
3997,7EC6C6C075,다이********,,서울 성동구,이자카야,뚝섬,20210615,,성수동1가,서울특별시 성동구 왕십리로4길 28-8,서울특별시 성동구 성수동1가 8-17,37.54710162,127.0467314,1,2,2,0.3533333333333333,0.004550335408118342
3998,4C9FAA2C92,감성**,,서울 성동구,한식-단품요리일반,뚝섬,20200316,,성수동1가,서울특별시 성동구 왕십리로4길 28-8,서울특별시 성동구 성수동1가 8-17,37.54710162,127.0467314,1,2,2,0.3533333333333333,0.004550335408118342
3999,86D8C44904,성수****,,서울 성동구,양식,뚝섬,20180328,,성수동1가,서울특별시 성동구 왕십리로5길 12-1,서울특별시 성동구 성수동1가 656-938,37.54704316,127.0443486,0,2,2,0.18666666666666665,0.0018920746529066362
4000,FF55272DEB,수원****,,서울 성동구,한식-육류/고기,뚝섬,20211129,,성수동1가,서울특별시 성동구 왕십리로5길 12-2,서울특별시 성동구 성수동1가 656-937,37.54707768,127.0443322,0,2,2,0.18666666666666665,0.001884433656149906
4001,26F68BFF02,뚝섬****,,서울 성동구,한식-육류/고기,뚝섬,20180817,,성수동1가,서울특별시 성동구 왕십리로5길 12-3,서울특별시 성동구 성수동1가 656-936,37.54712508,127.0442985,0,2,2,0.18666666666666665,0.0018711944725452686
4002,728530513F,버섯*,,서울 성동구,한식-단품요리일반,뚝섬,20161215,,성수동1가,서울특별시 성동구 왕십리로5길 9-10,서울특별시 성동구 성수동1가 668-34,37.54671639,127.0440694,0,2,2,0.18666666666666665,0.0018603685273141045
4003,C256EA2AC7,화포*,,서울 성동구,중식당,뚝섬,20241029,,성수동1가,서울특별시 성동구 왕십리로5길 9-16,서울특별시 성동구 성수동1가 668-35,37.54659538,127.044062,0,2,2,0.18666666666666665,0.0018715823708646794
4004,609DC095EC,소녀**********,,서울 성동구,백반/가정식,뚝섬,20171102,,성수동1가,서울특별시 성동구 왕십리로5길 9-16,서울특별시 성동구 성수동1가 668-35,37.54659538,127.044062,0,2,2,0.18666666666666665,0.0018715823708646794
4005,A8A809016A,뉴앳*,,서울 성동구,카페,뚝섬,20241014,,성수동1가,서울특별시 성동구 왕십리로5길 9-20,서울특별시 성동구 성수동1가 668-38,37.54647168,127.0440422,0,2,2,0.18666666666666665,0.0018812262734760822
4006,14DC63223D,Se************,,서울 성동구,식료품,뚝섬,20180116,,성수동1가,서울특별시 성동구 왕십리로5길 9-20,서울특별시 성동구 성수동1가 668-38,37.54647168,127.0440422,0,2,2,0.18666666666666665,0.0018812262734760822
4007,9DFF61DC0F,핫쵸****,,서울 성동구,일식당,뚝섬,20221223,,성수동1가,서울특별시 성동구 왕십리로5길 9-20,서울특별시 성동구 성수동1가 668-38,37.54647168,127.0440422,0,2,2,0.18666666666666665,0.0018812262734760822
4008,487926887C,뱅인**,,서울 성동구,양식,뚝섬,20240624,,성수동1가,서울특별시 성동구 왕십리로8길 18-1,서울특별시 성동구 성수동1가 656-1085,37.54600558,127.0466786,1,2,2,0.3533333333333333,0.002603699140907167
4009,7D48C168B3,모피*,,서울 성동구,카페,뚝섬,20240415,,성수동1가,서울특별시 성동구 왕십리로8길 18-1,서울특별시 성동구 성수동1가 656-1085,37.54600558,127.0466786,1,2,2,0.3533333333333333,0.002603699140907167
4010,7571EA0116,뚝섬**,,서울 성동구,한식-해물/생선,뚝섬,20220223,,성수동1가,서울특별시 성동구 왕십리로8길 19-4,서울특별시 성동구 성수동1가 656-988,37.54616019,127.0468972,1,2,2,0.3533333333333333,0.002824801957131007
4011,9E3D0E7F50,마하*******,,서울 성동구,동남아/인도음식,뚝섬,20240412,,성수동1가,서울특별시 성동구 왕십리로8길 19-4,서울특별시 성동구 성수동1가 656-988,37.54616019,127.0468972,1,2,2,0.3533333333333333,0.002824801957131007
4012,1C0AE3E10C,하우***,,서울 성동구,카페,뚝섬,20240329,,성수동1가,서울특별시 성동구 왕십리로8길 19-6,서울특별시 성동구 성수동1가 656-987,37.54627207,127.0469599,1,2,2,0.3533333333333333,0.003010271340260528
4013,2E0CA58847,경주**,,서울 성동구,한식-단품요리일반,뚝섬,20230428,,성수동1가,서울특별시 성동구 왕십리로8길 19-6,서울특별시 성동구 성수동1가 656-987,37.54627207,127.0469599,1,2,2,0.3533333333333333,0.003010271340260528
4014,EEFB21D12B,카페**************,,서울 성동구,카페,뚝섬,20240201,,성수동1가,서울특별시 성동구 왕십리로8길 21-1,서울특별시 성동구 성수동1가 656-1017,37.54605918,127.0471586,1,2,3,0.3866666666666666,0.0027501931687821174
4015,8F726BF561,채마****,,서울 성동구,한정식,뚝섬,20241218,,성수동1가,서울특별시 성동구 왕십리로8길 21-1,서울특별시 성동구 성수동1가 656-1017,37.54605918,127.0471586,1,2,3,0.3866666666666666,0.0027501931687821174
4016,E27C1862C9,교촌******,치킨6,서울 성동구,치킨,답십리,20230503,,용답동,서울특별시 성동구 용답중앙13길 6-1,서울특별시 성동구 용답동 60-18,37.56476741,127.0524762,0,2,3,0.22,0.0021391087502420298
4017,E7A7211476,죽토*********,,서울 성동구,백반/가정식,답십리,20230327,,용답동,서울특별시 성동구 용답중앙13길 6-3,서울특별시 성동구 용답동 60-11,37.56487296,127.0525724,0,2,3,0.22,0.0021694649199343117
4018,DB02976DF2,건영**,,서울 성동구,축산물,답십리,20210120,,용답동,서울특별시 성동구 용답중앙13길 7-1,서울특별시 성동구 용답동 80-8,37.56507427,127.0525045,1,2,3,0.3866666666666666,0.002261286100104387
4019,DF334CC79E,가장***********,한식-육류/고기1,서울 성동구,한식-육류/고기,답십리,20180827,,용답동,서울특별시 성동구 용답중앙15길 7-1,서울특별시 성동구 용답동 58-6,37.5643485,127.0533546,0,2,2,0.18666666666666665,0.0019372853025218764
4020,D4DF58F26D,탑*,,서울 성동구,호프/맥주,답십리,20211126,,용답동,서울특별시 성동구 용답중앙15길 8-1,서울특별시 성동구 용답동 14-9,37.564172,127.0535335,0,2,2,0.18666666666666665,0.0018822701815271637
4021,CED8E4AEE5,이도**,,서울 성동구,카페,장한평자동차,20200612,,용답동,서울특별시 성동구 자동차시장1길 30,서울특별시 성동구 용답동 227-13,37.56111439,127.0607807,0,1,1,0.09333333333333332,0.0012705906717157744
4022,FB53D5547B,고*,,서울 성동구,백반/가정식,장한평자동차,20240328,,용답동,서울특별시 성동구 자동차시장1길 30,서울특별시 성동구 용답동 227-13,37.56111439,127.0607807,0,1,1,0.09333333333333332,0.0012705906717157744
4023,01EDD97C21,일카*,,서울 성동구,커피전문점,장한평자동차,20190208,,용답동,서울특별시 성동구 자동차시장1길 39,서울특별시 성동구 용답동 229-10,37.56121115,127.0620132,0,1,1,0.09333333333333332,0.0015071919861380627
4024,239818D1A0,의정*****,한식-찌개/전골2,서울 성동구,한식-찌개/전골,장한평자동차,20230817,,용답동,서울특별시 성동구 자동차시장1길 39,서울특별시 성동구 용답동 229-10,37.56121115,127.0620132,0,1,1,0.09333333333333332,0.0015071919861380627
4025,3CFB121A76,한컵**,,서울 성동구,청과물,장한평자동차,20231012,,용답동,서울특별시 성동구 자동차시장1길 41,서울특별시 성동구 용답동 229-9,37.56115501,127.0623646,0,1,1,0.09333333333333332,0.001627459734349845
4026,34ADC7D5B3,카페**,,서울 성동구,카페,장한평자동차,20231117,,용답동,서울특별시 성동구 자동차시장1길 70,서울특별시 성동구 용답동 234,37.56036892,127.0651488,1,1,1,0.26,0.0021671859439291773
4027,88E81CCBFD,코롱**,,서울 성동구,식료품,장한평자동차,20221129,,용답동,서울특별시 성동구 자동차시장1길 70,서울특별시 성동구 용답동 234,37.56036892,127.0651488,1,1,1,0.26,0.0021671859439291773
4028,E6C9F20B2C,다*,,서울 성동구,한정식,장한평자동차,20171031,,용답동,서울특별시 성동구 자동차시장1길 70,서울특별시 성동구 용답동 234,37.56036892,127.0651488,1,1,1,0.26,0.0021671859439291773
4029,D8D8741AE4,밀물**,,서울 성동구,백반/가정식,장한평자동차,20190422,,용답동,서울특별시 성동구 자동차시장1길 70,서울특별시 성동구 용답동 234,37.56036892,127.0651488,1,1,1,0.26,0.0021671859439291773
4030,CACF934A33,남도**,,서울 성동구,백반/가정식,장한평자동차,20191202,,용답동,서울특별시 성동구 자동차시장1길 70,서울특별시 성동구 용답동 234,37.56036892,127.0651488,1,1,1,0.26,0.0021671859439291773
4031,D757DF77E2,전라***,,서울 성동구,백반/가정식,장한평자동차,20210330,,용답동,서울특별시 성동구 자동차시장1길 70,서울특별시 성동구 용답동 234,37.56036892,127.0651488,1,1,1,0.26,0.0021671859439291773
4032,3D56F4D9D7,영광**,,서울 성동구,백반/가정식,장한평자동차,20221031,,용답동,서울특별시 성동구 자동차시장1길 70,서울특별시 성동구 용답동 234,37.56036892,127.0651488,1,1,1,0.26,0.0021671859439291773
4033,EB8CAF5738,삼천***,,서울 성동구,백반/가정식,장한평자동차,20230426,,용답동,서울특별시 성동구 자동차시장1길 70,서울특별시 성동구 용답동 234,37.56036892,127.0651488,1,1,1,0.26,0.0021671859439291773
4034,056644D0B0,광주**,,서울 성동구,백반/가정식,장한평자동차,20240913,,용답동,서울특별시 성동구 자동차시장1길 70,서울특별시 성동구 용답동 234,37.56036892,127.0651488,1,1,1,0.26,0.0021671859439291773
4035,4912143622,장평**,,서울 성동구,한식-육류/고기,장한평자동차,20240226,,용답동,서울특별시 성동구 자동차시장1길 70,서울특별시 성동구 용답동 234,37.56036892,127.0651488,1,1,1,0.26,0.0021671859439291773
4036,5811A8E05B,이일******,,서울 성동구,한식-단품요리일반,장한평자동차,20171205,,용답동,서울특별시 성동구 자동차시장1길 70,서울특별시 성동구 용답동 234,37.56036892,127.0651488,1,1,1,0.26,0.0021671859439291773
4037,C0B5FF000E,시골******,,서울 성동구,한식-단품요리일반,장한평자동차,20210112,,용답동,서울특별시 성동구 자동차시장1길 70,서울특별시 성동구 용답동 234,37.56036892,127.0651488,1,1,1,0.26,0.0021671859439291773
4038,B16991A830,서울**,,서울 성동구,한식-단품요리일반,장한평자동차,20240618,,용답동,서울특별시 성동구 자동차시장1길 70,서울특별시 성동구 용답동 234,37.56036892,127.0651488,1,1,1,0.26,0.0021671859439291773
4039,C71D78655F,그레******,,서울 성동구,카페,장한평자동차,20220324,20231018.0,용답동,서울특별시 성동구 자동차시장1길 85,서울특별시 성동구 용답동 235-8,37.56053772,127.0671486,0,1,1,0.09333333333333332,0.0014386630723202585
4040,41FCF57F43,그레*****,,서울 성동구,카페,장한평자동차,20231018,,용답동,서울특별시 성동구 자동차시장1길 85,서울특별시 성동구 용답동 235-8,37.56053772,127.0671486,0,1,1,0.09333333333333332,0.0014386630723202585
4041,43343735BB,어묵**,,서울 성동구,식료품,답십리,20200826,,용답동,서울특별시 성동구 천호대로 지하300,서울특별시 성동구 용답동 99,37.56644583,127.053181,1,1,3,0.32666666666666666,0.0046956508686837265
4042,D6F0487E3E,가나**,,서울 성동구,축산물,,20220811,,마장동,서울특별시 성동구 청계천로10다길 1,서울특별시 성동구 마장동 444-6,37.56908673,127.0335876,0,0,2,0.06666666666666667,0.0012796188233321897
4043,23E87CC0C5,경원**,,서울 성동구,축산물,마장동,20160817,,마장동,서울특별시 성동구 고산자로24길 11-1,서울특별시 성동구 마장동 509-4,37.56999688,127.0389642,0,1,3,0.16,0.001533411513570552
4044,01AB37892D,구공**,,서울 성동구,축산물,마장동,20210712,,마장동,서울특별시 성동구 고산자로24길 11-1,서울특별시 성동구 마장동 509-4,37.56999688,127.0389642,0,1,3,0.16,0.001533411513570552
4045,513A8B50FC,내일***,,서울 성동구,축산물,마장동,20210812,,마장동,서울특별시 성동구 고산자로24길 12-1,서울특별시 성동구 마장동 510-8,37.56978688,127.0389084,0,1,3,0.16,0.0015316871748942327
4046,F12638FC09,보경**,,서울 성동구,축산물,마장동,20231229,,마장동,서울특별시 성동구 고산자로24길 14-2,서울특별시 성동구 마장동 510-2,37.56977585,127.0390164,0,1,3,0.16,0.0015384839267874463
4047,2BE8E6A10C,소지****,,서울 성동구,식료품,마장동,20191104,,마장동,서울특별시 성동구 고산자로24길 14-7,서울특별시 성동구 마장동 510-15,37.56967413,127.0390234,0,1,3,0.16,0.0015409064771761086
4048,D1AB16DDC4,영화**,,서울 성동구,축산물,마장동,20211116,,마장동,서울특별시 성동구 고산자로24길 15-1,서울특별시 성동구 마장동 509-7,37.56987881,127.0393745,0,1,3,0.16,0.0015579161904654508
4049,2D732BFF98,풍원**,,서울 성동구,축산물,마장동,20191230,,마장동,서울특별시 성동구 고산자로24길 16-2,서울특별시 성동구 마장동 510-20,37.56973354,127.0391703,0,1,3,0.16,0.001548801790258248
4050,1C55BF6FB8,구구**,,서울 성동구,치킨,,20230308,,송정동,서울특별시 성동구 광나루로11길 13-1,서울특별시 성동구 송정동 66-107,37.54937875,127.0660759,0,0,1,0.03333333333333333,0.0009822098471229351
4051,2BFD9CB05E,묘*,,서울 성동구,백반/가정식,,20230927,,송정동,서울특별시 성동구 광나루로11길 17-1,서울특별시 성동구 송정동 73-576,37.54967978,127.0663967,0,0,1,0.03333333333333333,0.000977111739981255
4052,51AD83F917,자매****,,서울 성동구,한식-해물/생선,,20220701,,송정동,서울특별시 성동구 광나루로11길 17-1,서울특별시 성동구 송정동 73-576,37.54967978,127.0663967,0,0,1,0.03333333333333333,0.000977111739981255
4053,E9E34248AB,부산******,,서울 성동구,한식-육류/고기,,20230315,,송정동,서울특별시 성동구 광나루로11길 22-1,서울특별시 성동구 송정동 73-611,37.54981568,127.0668158,0,0,1,0.03333333333333333,0.0009821454460016618
4054,035ADB2AA8,리커******,,서울 성동구,커피전문점,,20220805,,송정동,서울특별시 성동구 광나루로11길 52-1,서울특별시 성동구 송정동 1-49,37.5520585,127.0686145,0,0,1,0.03333333333333333,0.0009878374411804239
4055,78E08EABED,삼형*******,,서울 성동구,분식,신금호,20230327,,금호동2가,서울특별시 성동구 금호산길 60-1,서울특별시 성동구 금호동2가 479,37.5535794,127.0195986,1,1,2,0.29333333333333333,0.0025756088745965723
4056,EC91C206FC,오렌********,,서울 성동구,주류,옥수,20201231,,옥수동,서울특별시 성동구 독서당로39길 43-1,서울특별시 성동구 옥수동 450-21,37.54088545,127.0109377,0,0,2,0.06666666666666667,0.0013395655526698767
4057,E1DF41CE78,소림******,,서울 성동구,중식당,옥수,20220316,,옥수동,서울특별시 성동구 독서당로39길 43-1,서울특별시 성동구 옥수동 450-21,37.54088545,127.0109377,0,0,2,0.06666666666666667,0.0013395655526698767
4058,B723E3740D,연스***,,서울 성동구,일식-참치회,옥수,20200710,,옥수동,서울특별시 성동구 독서당로39길 43-1,서울특별시 성동구 옥수동 450-21,37.54088545,127.0109377,0,0,2,0.06666666666666667,0.0013395655526698767
4059,F16D48C37E,부부*****,,서울 성동구,한식-육류/고기,옥수,20201204,,옥수동,서울특별시 성동구 독서당로40길 25-1,서울특별시 성동구 옥수동 392,37.54281117,127.0175399,1,2,3,0.3866666666666666,0.002930801702589923
4060,289F79B6BC,더빌**,,서울 성동구,한식-단품요리일반,금남시장,20220418,,금호동4가,서울특별시 성동구 독서당로46가길 28,서울특별시 성동구 금호동4가 660,37.54739753,127.021352,0,1,2,0.12666666666666665,0.0013460661073183844
4061,0E47B24887,라파**,,서울 성동구,카페,금남시장,20221216,,금호동4가,서울특별시 성동구 독서당로46길 38-1,서울특별시 성동구 금호동4가 525-2,37.54796899,127.0234485,0,0,2,0.06666666666666667,0.0011927241515101272
4062,40D0F833AA,곽쓰*,,서울 성동구,중식당,금남시장,20231204,,금호동4가,서울특별시 성동구 독서당로47길 12-1,서울특별시 성동구 금호동4가 1190,37.54796681,127.0196177,0,1,3,0.16,0.0015731960366809356
4063,DECBA9ED42,카운***,,서울 성동구,카페,,20230927,,금호동1가,서울특별시 성동구 독서당로51길 22-1,서울특별시 성동구 금호동1가 1635-5,37.55009441,127.0266171,0,0,2,0.06666666666666667,0.0011571728395635935
4064,BECBEDC4A9,오부**,,서울 성동구,양식,,20200924,20240528.0,금호동1가,서울특별시 성동구 독서당로51길 29-1,서울특별시 성동구 금호동1가 1766,37.55061711,127.0260689,0,0,2,0.06666666666666667,0.0011836944849634458
4065,EC0642694D,오부**,,서울 성동구,양식,,20240528,,금호동1가,서울특별시 성동구 독서당로51길 29-1,서울특별시 성동구 금호동1가 1766,37.55061711,127.0260689,0,0,2,0.06666666666666667,0.0011836944849634458
4066,0E8F0CC5D8,37******,,서울 성동구,한식-단품요리일반,,20190617,,금호동1가,서울특별시 성동구 독서당로51길 34-1,서울특별시 성동구 금호동1가 1757,37.55094969,127.0259632,0,0,3,0.1,0.0011994828472035772
4067,7D6E8687AA,정성**,,서울 성동구,백반/가정식,,20171024,,응봉동,서울특별시 성동구 독서당로59나길 36,서울특별시 성동구 응봉동 264-92,37.55332653,127.0300961,0,1,2,0.12666666666666665,0.0014071302148618524
4068,62E7A755DC,오뚜****,,서울 성동구,식료품,,20230222,,응봉동,서울특별시 성동구 독서당로59다길 21,서울특별시 성동구 응봉동 265-78,37.55275901,127.0307318,0,1,2,0.12666666666666665,0.0013887921077275853
4069,8D50B47A2E,진하**,,서울 성동구,미곡상,,20170918,,응봉동,서울특별시 성동구 독서당로59다길 34,서울특별시 성동구 응봉동 265-46,37.55283097,127.0301678,0,0,2,0.06666666666666667,0.0013705047394924025
4070,0F0676C7F0,이레**,,서울 성동구,농산물,,20230110,,응봉동,서울특별시 성동구 독서당로60가길 20,서울특별시 성동구 응봉동 193-121,37.54912868,127.0321899,0,1,1,0.09333333333333332,0.0015805928170344122
4071,18A1E81F1B,매*,,서울 성동구,양식,,20220428,,성수동2가,서울특별시 성동구 뚝섬로15길 31,서울특별시 성동구 성수동2가 256-3,37.53920211,127.0619883,0,0,1,0.03333333333333333,0.0011481119553331605
4072,44410D0CB8,거승**,,서울 성동구,축산물,마장동,20180321,,마장동,서울특별시 성동구 마장로35나길 3-22,서울특별시 성동구 마장동 481-49,37.56894081,127.0400922,0,1,3,0.16,0.001663291017984948
4073,E0B79043DA,신안**,,서울 성동구,축산물,마장동,20211216,,마장동,서울특별시 성동구 마장로35나길 3-29,서울특별시 성동구 마장동 481-21,37.56927164,127.0401493,0,1,3,0.16,0.001639592701312032
4074,42591F7AE9,비앙*********,,서울 성동구,축산물,마장동,20240116,,마장동,서울특별시 성동구 마장로35나길 3-33,서울특별시 성동구 마장동 481-22,37.5693518,127.0402097,0,1,3,0.16,0.0016381093843957253
4075,E9372BF2CE,남도**,,서울 성동구,축산물,마장동,20181106,,마장동,서울특별시 성동구 마장로35나길 3-60,서울특별시 성동구 마장동 481-26,37.56928976,127.0403657,0,1,3,0.16,0.0016552181119447976
4076,44CA6EDFE3,정육**,,서울 성동구,축산물,마장동,20200513,,마장동,서울특별시 성동구 마장로35나길 3-60,서울특별시 성동구 마장동 481-26,37.56928976,127.0403657,0,1,3,0.16,0.0016552181119447976
4077,549B0B52D3,파로*,,서울 성동구,청과물,,20221117,,마장동,서울특별시 성동구 살곶이2가길 27-19,서울특별시 성동구 마장동 381-16,37.56341406,127.0456614,0,2,6,0.32,0.0017745353110961769
4078,DF8B176772,예셰*************,,서울 성동구,카페,성수,20210419,,성수동2가,서울특별시 성동구 성수일로12길 18-1,서울특별시 성동구 성수동2가 284-21,37.54837824,127.053132,0,1,2,0.12666666666666665,0.0013140298660936477
4079,225DC4C12C,카페***,,서울 성동구,카페,성수,20200707,,성수동2가,서울특별시 성동구 성수일로12길 19-1,서울특별시 성동구 성수동2가 299-155,37.54843253,127.0534311,0,1,2,0.12666666666666665,0.0012937648592077353
4080,DD406CC456,20****,,서울 성동구,양식,,20230530,,성수동1가,서울특별시 성동구 성수일로1길 12-12,서울특별시 성동구 성수동1가 656-659,37.5421158,127.0475381,0,1,3,0.16,0.001542182423217508
4081,F58CA84077,커피********,,서울 성동구,커피전문점,성수,20230925,,성수동2가,서울특별시 성동구 성수일로4길 35-11,서울특별시 성동구 성수동2가 333-9,37.54239452,127.0529463,0,1,3,0.16,0.0013619996336978683
4082,D5A688AFCD,제일***,,서울 성동구,한식-국밥/설렁탕,,20210903,,성수동2가,서울특별시 성동구 아차산로13길 23-1,서울특별시 성동구 성수동2가 278-38,37.54545927,127.0613323,0,1,1,0.09333333333333332,0.0011618380540264458
4083,6FDC82A57D,우불**,,서울 성동구,한식-단품요리일반,뚝섬,20220630,,성수동1가,서울특별시 성동구 왕십리로10길 10-1,서울특별시 성동구 성수동1가 656-481,37.54679804,127.0456563,1,2,2,0.3533333333333333,0.002428709276239543
4084,BC04FDC81C,미디***,,서울 성동구,카페,뚝섬,20200911,,성수동1가,서울특별시 성동구 왕십리로10길 18-1,서울특별시 성동구 성수동1가 656-711,37.54653254,127.0465204,1,2,2,0.3533333333333333,0.003065577277771039
4085,C829E2FF48,토리**,,서울 성동구,일식당,뚝섬,20240628,,성수동1가,서울특별시 성동구 왕십리로10길 18-1,서울특별시 성동구 성수동1가 656-711,37.54653254,127.0465204,1,2,2,0.3533333333333333,0.003065577277771039
4086,0A1F11604A,아끄*************,,서울 성동구,양식,뚝섬,20191029,,성수동1가,서울특별시 성동구 왕십리로10길 20-1,서울특별시 성동구 성수동1가 656-682,37.54644631,127.0467732,1,2,2,0.3533333333333333,0.0031922353256518933
4087,4C8A0648B0,갓잇**************,,서울 성동구,기타세계요리,뚝섬,20231220,,성수동1가,서울특별시 성동구 왕십리로10길 9-14,서울특별시 성동구 성수동1가 656-402,37.54701312,127.0458762,1,2,2,0.3533333333333333,0.002622183073917182
4088,150889572A,스트*****,,서울 성동구,베이커리,뚝섬,20211217,20250814.0,성수동1가,서울특별시 성동구 왕십리로10길 9-31,서울특별시 성동구 성수동1가 656-395,37.54682428,127.0463006,1,2,2,0.3533333333333333,0.0030731904947152453
4089,BC7E71B9C9,스트*********,,서울 성동구,한식-단품요리일반,뚝섬,20230728,,성수동1가,서울특별시 성동구 왕십리로10길 9-31,서울특별시 성동구 성수동1가 656-395,37.54682428,127.0463006,1,2,2,0.3533333333333333,0.0030731904947152453
4090,54A86F9105,온센*******,,서울 성동구,일식당,뚝섬,20210129,,성수동1가,서울특별시 성동구 왕십리로14길 12-1,서울특별시 성동구 성수동1가 656-1122,37.54899092,127.0451265,0,1,3,0.16,0.001720695099802428
4091,8B4134D934,칠*,,서울 성동구,일반 유흥주점,뚝섬,20240328,,성수동1가,서울특별시 성동구 왕십리로14길 19-2,서울특별시 성동구 성수동1가 7-20,37.54869722,127.0459789,0,1,3,0.16,0.0019640486690178064
4092,E655648F43,구*,,서울 성동구,카페,뚝섬,20200709,,성수동1가,서울특별시 성동구 왕십리로14길 30-1,서울특별시 성동구 성수동1가 656-834,37.54836318,127.047001,1,1,2,0.29333333333333333,0.002469032159032752
4093,9BF052D283,파이*******,,서울 성동구,식료품,뚝섬,20211001,,성수동1가,서울특별시 성동구 왕십리로14길 30-1,서울특별시 성동구 성수동1가 656-834,37.54836318,127.047001,1,1,2,0.29333333333333333,0.002469032159032752
4094,129842CE2F,홍천**,,서울 성동구,백반/가정식,뚝섬,20200821,,성수동1가,서울특별시 성동구 왕십리로14길 32-3,서울특별시 성동구 성수동1가 656-895,37.54845186,127.0473972,1,1,2,0.29333333333333333,0.0023939737068572995
4095,4F91DC078E,리커*******,,서울 성동구,커피전문점,뚝섬,20200918,,성수동1가,서울특별시 성동구 왕십리로16가길 10,서울특별시 성동구 성수동1가 656-1141,37.55033099,127.0448581,0,1,3,0.16,0.0014964360696084907
4096,4F374EBA09,아뜰***,,서울 성동구,카페,뚝섬,20220707,,성수동1가,서울특별시 성동구 왕십리로16길 13-1,서울특별시 성동구 성수동1가 656-47,37.55065874,127.045646,0,1,3,0.16,0.001482218726119865
4097,46409ECD04,젤코**********************,,서울 성동구,와인바,뚝섬,20231017,,성수동1가,서울특별시 성동구 왕십리로16길 15-1,서울특별시 성동구 성수동1가 656-1182,37.55073933,127.0457616,0,1,3,0.16,0.001475177950405459
4098,CC8638F044,반찬**,,서울 성동구,반찬,왕십리,20231124,,행당동,서울특별시 성동구 왕십리로21길 10-1,서울특별시 성동구 행당동 286-44,37.56146958,127.0330893,0,4,5,0.4066666666666667,0.0023688256998407745
4099,1E9761FB09,알맹*******,,서울 성동구,한식-단품요리일반,왕십리,20211230,,행당동,서울특별시 성동구 왕십리로21길 10-1,서울특별시 성동구 행당동 286-44,37.56146958,127.0330893,0,4,5,0.4066666666666667,0.0023688256998407745
4100,0667DA4B74,오블*************,,서울 성동구,양식,행당,20221028,,행당동,서울특별시 성동구 왕십리로21길 39-1,서울특별시 성동구 행당동 297-9,37.55967155,127.0307521,0,1,5,0.22666666666666668,0.0020319610585282553
4101,255EEC201D,호남**,,서울 성동구,한식-찌개/전골,행당,20190524,,행당동,서울특별시 성동구 왕십리로21길 39-1,서울특별시 성동구 행당동 297-9,37.55967155,127.0307521,0,1,5,0.22666666666666668,0.0020319610585282553
4102,20540DA43D,연디**,,서울 성동구,베이커리,행당,20200408,,행당동,서울특별시 성동구 왕십리로21길 45-1,서울특별시 성동구 행당동 306-13,37.55927027,127.0302987,0,1,5,0.22666666666666668,0.0021033626865393173
4103,053AF8AE28,수제******,,서울 성동구,한식-국수/만두,왕십리,20230717,,행당동,서울특별시 성동구 왕십리로21다길 39,서울특별시 성동구 행당동 309-13,37.5596507,127.0332179,0,3,5,0.3466666666666667,0.002197032916922694
4104,C818CC20CF,능한**,,서울 성동구,한식-육류/고기,왕십리,20230712,,도선동,서울특별시 성동구 왕십리로22길 10-1,서울특별시 성동구 도선동 90,37.56290228,127.0348722,0,3,6,0.38,0.0028959771720318177
4105,407EA64E55,고깃****,,서울 성동구,한식-육류/고기,왕십리,20190314,,도선동,서울특별시 성동구 왕십리로24길 10-2,서울특별시 성동구 도선동 152-1,37.56315523,127.0341326,0,4,5,0.4066666666666667,0.002491410094947362
4106,FE30B6645E,후라**************,치킨40,서울 성동구,치킨,왕십리,20190124,20230321.0,홍익동,서울특별시 성동구 왕십리로24길 27-1,서울특별시 성동구 홍익동 274-6,37.56509473,127.0343597,0,3,5,0.3466666666666667,0.0019709166096041507
4107,1AC8580FC6,후라**************,치킨40,서울 성동구,치킨,왕십리,20230321,,홍익동,서울특별시 성동구 왕십리로24길 27-1,서울특별시 성동구 홍익동 274-6,37.56509473,127.0343597,0,3,5,0.3466666666666667,0.0019709166096041507
4108,3E09B1E315,황토**,,서울 성동구,한식-육류/고기,왕십리,20190910,,홍익동,서울특별시 성동구 왕십리로24길 39-1,서울특별시 성동구 홍익동 204,37.56606146,127.0345013,0,1,5,0.22666666666666668,0.001745903850956912
4109,091DB36DAA,중화*****,,서울 성동구,중식당,왕십리,20210916,,도선동,서울특별시 성동구 왕십리로24나길 10,서울특별시 성동구 도선동 105,37.56395474,127.034838,0,4,5,0.4066666666666667,0.0024006149464611526
4110,07E06697D9,류가***,,서울 성동구,꼬치구이,왕십리,20230918,,도선동,서울특별시 성동구 왕십리로24나길 14,서울특별시 성동구 도선동 103-1,37.56394713,127.0349949,0,4,5,0.4066666666666667,0.0024422092486444205
4111,7D27EA6A09,춘리********,,서울 성동구,중식당,왕십리,20230512,,도선동,서울특별시 성동구 왕십리로24나길 20,서울특별시 성동구 도선동 70,37.56385549,127.0353396,0,3,5,0.3466666666666667,0.002579003763335786
4112,6FEFF6CAA0,프레********,,서울 성동구,피자,,20220608,,하왕십리동,서울특별시 성동구 왕십리로31나길 21,서울특별시 성동구 하왕십리동 890-244,37.56313683,127.0284048,1,1,4,0.36,0.002309876229048691
4113,CCD21AE0A4,서울**,,서울 성동구,한식-단품요리일반,,20220805,,하왕십리동,서울특별시 성동구 왕십리로31나길 21,서울특별시 성동구 하왕십리동 890-244,37.56313683,127.0284048,1,1,4,0.36,0.002309876229048691
4114,A7BC78E695,바버******,,서울 성동구,카페,뚝섬,20230711,,성수동1가,서울특별시 성동구 왕십리로4가길 2-9,서울특별시 성동구 성수동1가 656-1053,37.54528719,127.0458043,0,2,2,0.18666666666666665,0.00231932477300346
4115,5FE5C42B70,칼리*****************,,서울 성동구,양식,뚝섬,20230706,,성수동1가,서울특별시 성동구 왕십리로4길 10-12,서울특별시 성동구 성수동1가 656-635,37.54558762,127.0461801,0,2,2,0.18666666666666665,0.002335515828051068
4116,D98E86E1EF,제비*,,서울 성동구,한식-단품요리일반,뚝섬,20211125,,성수동1가,서울특별시 성동구 왕십리로4길 10-12,서울특별시 성동구 성수동1가 656-635,37.54558762,127.0461801,0,2,2,0.18666666666666665,0.002335515828051068
4117,75F892EF1E,서울**,,서울 성동구,한식-단품요리일반,뚝섬,20240514,,성수동1가,서울특별시 성동구 왕십리로4길 10-12,서울특별시 성동구 성수동1가 656-635,37.54558762,127.0461801,0,2,2,0.18666666666666665,0.002335515828051068
4118,4C9BC35AD4,파머********,,서울 성동구,샌드위치/토스트,뚝섬,20240507,,성수동1가,서울특별시 성동구 왕십리로4길 24-19,서울특별시 성동구 성수동1가 8-33,37.54673653,127.0469623,1,2,2,0.3533333333333333,0.004328742858684967
4119,D9C06C8643,성수**,,서울 성동구,한식-단품요리일반,뚝섬,20210819,,성수동1가,서울특별시 성동구 왕십리로4길 26-14,서울특별시 성동구 성수동1가 8-28,37.54685497,127.04686,1,2,2,0.3533333333333333,0.004510904804910963
4120,DD282F5170,식당*,,서울 성동구,일식당,뚝섬,20241023,,성수동1가,서울특별시 성동구 왕십리로4길 26-18,서울특별시 성동구 성수동1가 8-29,37.54683277,127.0469355,1,2,2,0.3533333333333333,0.004708502439514035
4121,47654FAE2A,엘*,,서울 성동구,식품 제조,뚝섬,20190530,,성수동1가,서울특별시 성동구 왕십리로4길 26-18,서울특별시 성동구 성수동1가 8-29,37.54683277,127.0469355,1,2,2,0.3533333333333333,0.004708502439514035
4122,BCB8BCC1D2,스윗***,,서울 성동구,커피전문점,뚝섬,20220930,,성수동1가,서울특별시 성동구 왕십리로4길 26-18,서울특별시 성동구 성수동1가 8-29,37.54683277,127.0469355,1,2,2,0.3533333333333333,0.004708502439514035
4123,B01C36F034,소바**,,서울 성동구,일식당,뚝섬,20211021,,성수동1가,서울특별시 성동구 왕십리로4길 26-20,서울특별시 성동구 성수동1가 8-30,37.54680815,127.0470074,1,2,2,0.3533333333333333,0.004846741057988199
4124,A6324E2F43,맥문*,,서울 성동구,한식-단품요리일반,뚝섬,20190605,,성수동1가,서울특별시 성동구 왕십리로4길 26-22,서울특별시 성동구 성수동1가 8-31,37.54678866,127.0470793,1,2,2,0.3533333333333333,0.004968538491774461
4125,3C5DFF3840,소담**,,서울 성동구,분식,답십리,20190415,,용답동,서울특별시 성동구 용답중앙11길 16-1,서울특별시 성동구 용답동 76-1,37.5661979,127.0523141,1,2,3,0.3866666666666666,0.003925750659299937
4126,451CF53207,왕갈****,,서울 성동구,한식-국수/만두,답십리,20220715,,용답동,서울특별시 성동구 용답중앙11길 18-1,서울특별시 성동구 용답동 75-6,37.56635974,127.0524798,1,1,3,0.32666666666666666,0.005225079172858087
4127,20E4760A74,푸짐*****,,서울 성동구,백반/가정식,답십리,20200814,,용답동,서울특별시 성동구 용답중앙13길 14-1,서울특별시 성동구 용답동 66-1,37.56533689,127.0531657,1,2,3,0.3866666666666666,0.0023469665601847586
4128,E825CDB209,황우**,,서울 성동구,한식뷔페,답십리,20230927,,용답동,서울특별시 성동구 용답중앙13길 16-1,서울특별시 성동구 용답동 67-6,37.56550504,127.0533004,1,2,3,0.3866666666666666,0.0024408868219349938
4129,877441E8F5,심봉******,베이커리7,서울 성동구,베이커리,답십리,20220809,,용답동,서울특별시 성동구 용답중앙15길 15-2,서울특별시 성동구 용답동 61-3,37.56492391,127.0540661,0,2,2,0.18666666666666665,0.001930614612236836
4130,2B06E192A3,모찌*****,,서울 성동구,마카롱,답십리,20230417,,용답동,서울특별시 성동구 용답중앙23길 16-2,서울특별시 성동구 용답동 8-3,37.56404671,127.0552315,0,2,2,0.18666666666666665,0.001581601355014005
4131,94AC53C528,고기***********,,서울 성동구,한식-육류/고기,,20230411,,금호동3가,서울특별시 성동구 장터길 21-1,서울특별시 성동구 금호동3가 1302,37.54853671,127.0183445,0,1,3,0.16,0.0018664056622593583
4132,C7D707F1E2,고박*******,,서울 성동구,축산물,,20220811,,마장동,서울특별시 성동구 청계천로10가길 38,서울특별시 성동구 마장동 456-1,37.57061467,127.0344021,0,1,1,0.09333333333333332,0.00131073165488215
4133,85630A8BAA,고기**,,서울 성동구,축산물,,20180129,,마장동,서울특별시 성동구 청계천로10나길 24,서울특별시 성동구 마장동 458-10,37.56966991,127.0343271,0,0,2,0.06666666666666667,0.0012778151158795003
4134,EE7B25452C,본금***,,서울 성동구,축산물,,20240315,,마장동,서울특별시 성동구 청계천로10나길 33,서울특별시 성동구 마장동 457,37.57007246,127.0346965,0,0,2,0.06666666666666667,0.001298481971726505
4135,09D2771DD5,신우****,,서울 성동구,축산물,마장동,20230519,,마장동,서울특별시 성동구 청계천로10나길 56,서울특별시 성동구 마장동 469-14,37.57033105,127.0358833,0,1,2,0.12666666666666665,0.0013651584983114307
4136,7FC483F27A,중국***,,서울 성동구,식료품,마장동,20240725,20250725.0,마장동,서울특별시 성동구 청계천로10나길 79,서울특별시 성동구 마장동 474-6,37.57025719,127.0372648,0,1,2,0.12666666666666665,0.0014430838936395813
4137,2C4B01EA60,고기*,,서울 성동구,한식-육류/고기,마장동,20190515,,마장동,서울특별시 성동구 청계천로10나길 79,서울특별시 성동구 마장동 474-6,37.57025719,127.0372648,0,1,2,0.12666666666666665,0.0014430838936395813
4138,39A0648E6F,주향****,,서울 성동구,꼬치구이,마장동,20210329,,마장동,서울특별시 성동구 청계천로10나길 80,서울특별시 성동구 마장동 478-25,37.57011998,127.0372167,0,1,2,0.12666666666666665,0.0014284009364538043
4139,CFA3039DF1,하*,,서울 성동구,축산물,,20170927,,마장동,서울특별시 성동구 청계천로10다길 19,서울특별시 성동구 마장동 458-7,37.56952103,127.0344345,0,0,2,0.06666666666666667,0.0012885115900869398
4140,C30C25CDA5,누가**,,서울 성동구,축산물,,20210608,,마장동,서울특별시 성동구 청계천로10다길 24,서울특별시 성동구 마장동 459-13,37.56945049,127.0347233,0,0,2,0.06666666666666667,0.001303763077481956
4141,7D29798181,마천*********,,서울 성동구,축산물,마장동,20171019,,마장동,서울특별시 성동구 청계천로10다길 61,서울특별시 성동구 마장동 469-20,37.56997123,127.036623,0,1,2,0.12666666666666665,0.0013820951164409058
4142,FC94397B9D,한결**,,서울 성동구,축산물,마장동,20220221,,마장동,서울특별시 성동구 청계천로12가길 51,서울특별시 성동구 마장동 465-21,37.57108937,127.0363379,0,1,2,0.12666666666666665,0.0014800822665490799
4143,02080D3457,앂.**************,,서울 성동구,양식,금남시장,20221011,,금호동3가,서울특별시 성동구 금호산2길 21-1,서울특별시 성동구 금호동3가 470,37.54897216,127.0220909,0,0,2,0.06666666666666667,0.0012705261680595642
4144,4CC519E81E,얌이**,,서울 성동구,백반/가정식,,20200520,,응봉동,서울특별시 성동구 독서당로62길 22-11,서울특별시 성동구 응봉동 191-8,37.5500844,127.0330516,1,1,1,0.26,0.0022397910212861947
4145,F74D26733C,플디**********,,서울 성동구,베이커리,뚝섬,20240731,,성수동1가,서울특별시 성동구 왕십리로14길 28-15,서울특별시 성동구 성수동1가 656-910,37.54818056,127.0467475,1,1,2,0.29333333333333333,0.0026193363104266743
4146,7B038FEF47,포어**,,서울 성동구,카페,뚝섬,20220705,,성수동1가,서울특별시 성동구 왕십리로14길 30-11,서울특별시 성동구 성수동1가 656-1068,37.54820529,127.0475461,1,1,2,0.29333333333333333,0.0027220016920866084
4147,671826BB1A,옥이*,,서울 성동구,포장마차,왕십리,20191002,,행당동,서울특별시 성동구 왕십리로21가길 3-1,서울특별시 성동구 행당동 292-25,37.56093416,127.0332399,0,3,5,0.3466666666666667,0.0023791347464254646
4148,01EBAA3D0F,샐러****************,,서울 성동구,샌드위치/토스트,뚝섬,20210614,,성수동1가,서울특별시 성동구 왕십리로8길 15,서울특별시 성동구 성수동1가 656-992,37.54629738,127.0465326,1,2,2,0.3533333333333333,0.0028061962394960965
4149,2477DC6A37,하람**,,서울 성동구,청과물,성수,20170525,,성수동2가,서울특별시 성동구 성수이로7가길 21-17,서울특별시 성동구 성수동2가 321-93,37.5421659,127.0549916,0,1,1,0.09333333333333332,0.0014510710296938892
4150,9E4161542A,스켓******,,서울 성동구,식료품,성수,20241008,,성수동2가,서울특별시 성동구 성수일로4가길 10-14,서울특별시 성동구 성수동2가 321-32,37.54152891,127.0545805,0,1,1,0.09333333333333332,0.001290414923378727
4151,DF67DE190B,브렛********,,서울 성동구,한식-단품요리일반,,20190405,,하왕십리동,서울특별시 성동구 왕십리로31가길 10-2,서울특별시 성동구 하왕십리동 890-94,37.563852,127.028256,1,1,3,0.32666666666666666,0.002791088863575349
4152,295F1DE887,마장*********,,서울 성동구,한식-국밥/설렁탕,,20240130,,마장동,서울특별시 성동구 청계천로10가길 10-9,서울특별시 성동구 마장동 443-23,37.56974648,127.0334204,0,0,2,0.06666666666666667,0.001244789567801769
4153,1F8450ED67,신영****,,서울 성동구,축산물,마장동,20210805,,마장동,서울특별시 성동구 청계천로12가길 40-3,서울특별시 성동구 마장동 466-1,37.57083988,127.0357624,0,1,1,0.09333333333333332,0.0014038974477768875
4154,667E63F3BC,금복**,,서울 성동구,식료품,,20190725,,마장동,서울특별시 성동구 청계천로12가길 6-24,서울특별시 성동구 마장동 457,37.57026627,127.0346673,0,0,1,0.03333333333333333,0.0013023298641178537
4155,4A2D564D9B,브이****,,서울 성동구,룸살롱/단란주점,마장동,20201123,,마장동,서울특별시 성동구 청계천로12가길 75-3,서울특별시 성동구 마장동 470-5,37.57113259,127.0375678,0,1,3,0.16,0.0015758654637144352
4156,D5909AB680,레*,,서울 성동구,식료품,,20210205,,행당동,서울특별시 성동구 고산자로6가길 21,서울특별시 성동구 행당동 117-47,37.55743171,127.0357441,0,1,5,0.22666666666666668,0.0018551213782336136
4157,2F44EA8AEB,성수**,,서울 성동구,백반/가정식,,20231005,,성수동2가,서울특별시 성동구 아차산로 153,서울특별시 성동구 성수동2가 277-61,37.54343291,127.0610101,0,1,2,0.12666666666666665,0.001206255768838053
4158,142D8C5954,뻬따*******,,서울 성동구,양식,뚝섬,20230913,,성수동1가,서울특별시 성동구 왕십리로16가길 10-30,서울특별시 성동구 성수동1가 656-1155,37.55061966,127.0453382,0,1,3,0.16,0.0014823423117499097
4159,7D86CADAA6,제일***,,서울 성동구,축산물,,20210514,,마장동,서울특별시 성동구 청계천로10가길 10-13,서울특별시 성동구 마장동 443-22,37.56967656,127.0334613,0,0,2,0.06666666666666667,0.001246737784314643
4160,365914E11C,청계**,,서울 성동구,카페,,20210408,20230913.0,마장동,서울특별시 성동구 청계천로10가길 64-12,서울특별시 성동구 마장동 460-3,37.57106537,127.0355432,0,1,2,0.12666666666666665,0.0014101523292283115
4161,71C48EDE85,청계**,,서울 성동구,카페,,20230913,,마장동,서울특별시 성동구 청계천로10가길 64-12,서울특별시 성동구 마장동 460-3,37.57106537,127.0355432,0,1,2,0.12666666666666665,0.0014101523292283115
4162,3845CA9FE8,태민**,,서울 성동구,축산물,,20171208,,마장동,서울특별시 성동구 청계천로10다길 34-14,서울특별시 성동구 마장동 459-2,37.56943457,127.0352392,0,0,3,0.1,0.0013256155126622677
4163,FE3D949A0E,꼬치***,,서울 성동구,호프/맥주,,19991101,,하왕십리동,서울특별시 성동구 왕십리로 363-1,서울특별시 성동구 하왕십리동 946-16,37.5640461,127.0295677,1,1,4,0.36,0.006063552176743617
4164,E945237BD4,장성**,,서울 성동구,백반/가정식,답십리,20200827,,용답동,서울특별시 성동구 용답길 157-31,서울특별시 성동구 용답동 16-16,37.5630355,127.0548814,0,2,2,0.18666666666666665,0.0015682340674614621
4165,2F190FBDCA,쉭앤****,,서울 성동구,카페,,20230721,,성수동2가,서울특별시 성동구 아차산로13길 37,서울특별시 성동구 성수동2가 278-25,37.54662135,127.0619069,0,0,1,0.03333333333333333,0.0010860904663296425
4166,665886A952,고박******,,서울 성동구,백반/가정식,,20220808,,마장동,서울특별시 성동구 청계천로10가길 38,서울특별시 성동구 마장동 456-1,37.57061467,127.0344021,0,1,1,0.09333333333333332,0.00131073165488215
4167,F4696BFFD9,그린*,,서울 성동구,백반/가정식,왕십리,20221124,,행당동,서울특별시 성동구 고산자로 284,서울특별시 성동구 행당동 192-29,37.5649129,127.0367977,0,3,5,0.3466666666666667,0.0022695984605892983
4168,CC85B20721,카페******,,서울 성동구,베이커리,,20230919,,마장동,서울특별시 성동구 마장로44길 8-18,서울특별시 성동구 마장동 781-9,37.5665199,127.0451437,1,2,5,0.4533333333333333,0.0023262587128273803
4169,8F05244173,소예*****,,서울 성동구,베이커리,,20191206,,행당동,서울특별시 성동구 고산자로8가길 12,서울특별시 성동구 행당동 117-29,37.55753264,127.0356754,0,2,5,0.2866666666666667,0.0018781524369567023
4170,491274748A,오니******,한식-단품요리일반9,서울 성동구,한식-단품요리일반,성수,20100113,,성수동2가,서울특별시 성동구 성수일로12길 34,서울특별시 성동구 성수동2가 289-211,37.54755656,127.0544477,0,1,2,0.12666666666666665,0.0013724526351927546
4171,428FFBD76A,퓨엘**,,서울 성동구,카페,,20230130,,성수동2가,서울특별시 성동구 광나루로 296,서울특별시 성동구 성수동2가 280-45,37.54791134,127.0625318,0,0,1,0.03333333333333333,0.001005248899608638
4172,1E7A13BB3E,더 ****,,서울 성동구,청과물,,20230502,,금호동1가,서울특별시 성동구 금호로 82-1,서울특별시 성동구 금호동1가 1764-1,37.5507431,127.0259228,0,0,3,0.1,0.0011912562716828467
4173,6E8496E346,언코*****,,서울 성동구,백반/가정식,,20231025,,상왕십리동,서울특별시 성동구 마장로 137,서울특별시 성동구 상왕십리동 811,37.56782502,127.0250536,0,0,3,0.1,0.0014658392589764664
4174,FF079A30CE,금호***,,서울 성동구,한식-육류/고기,신금호,20220415,,금호동2가,서울특별시 성동구 금호로11길 3,서울특별시 성동구 금호동2가 323,37.55463136,127.0193456,1,1,4,0.36,0.0032721076564620503
4175,FCCA295301,비비***,치킨2,서울 성동구,치킨,,20221117,,하왕십리동,서울특별시 성동구 무학봉길 53-1,서울특별시 성동구 하왕십리동 993-5,37.56066341,127.0288013,0,2,4,0.2533333333333333,0.0017943580248573165
4176,58B1DEEE5D,럼프**************,,서울 성동구,카페,답십리,20230504,,용답동,서울특별시 성동구 용답29길 28,서울특별시 성동구 용답동 65-6,37.5649246,127.0535415,0,2,2,0.18666666666666665,0.0020506908744005164
4177,AEF0DF6708,컴포**********,커피전문점11,서울 성동구,커피전문점,,20210831,,성수동2가,서울특별시 성동구 아차산로17길 57,서울특별시 성동구 성수동2가 281-16,37.54748628,127.0657799,0,0,1,0.03333333333333333,0.0010633101478235765
4178,7FCF23E6F3,아이**********,,서울 성동구,아이스크림/빙수,,20230821,,상왕십리동,서울특별시 성동구 마장로 137,서울특별시 성동구 상왕십리동 811,37.56782502,127.0250536,0,0,3,0.1,0.0014658392589764664
4179,9743B78531,어반**,,서울 성동구,양식,,20130305,,옥수동,서울특별시 성동구 독서당로 223,서울특별시 성동구 옥수동 561,37.54427075,127.0151919,0,2,3,0.22,0.0018462673097949394
4180,C2261977A8,한성**,,서울 성동구,축산물,,20230517,,마장동,서울특별시 성동구 마장로35길 76,서울특별시 성동구 마장동 818,37.57026263,127.0419968,0,2,3,0.22,0.0016931425165250696
4181,F1C69918DF,국수**,한식-국수/만두3,서울 성동구,한식-국수/만두,,20211007,,하왕십리동,서울특별시 성동구 왕십리로 410,서울특별시 성동구 하왕십리동 1070,37.56660293,127.0240825,0,1,3,0.16,0.001576746168361735
4182,58B8C943BF,아이******,,서울 성동구,아이스크림/빙수,,20230303,,옥수동,서울특별시 성동구 매봉길 50,서울특별시 성동구 옥수동 528,37.54729891,127.0121894,0,2,4,0.2533333333333333,0.0017762558577979148
